river,year,bend_id,n_points,s_length_m,curvature_abs_max,curvature_abs_mean,apex_row_id,apex_x,apex_y,DamDistance_km_mean,Delta_EVI_change_unitless_mean,CV_runoff_selected_mean,is_training_any,apex_s_m,mean_migration_rate,median_migration_rate,std_migration_rate,mean_migration_abs,max_migration_abs,mean_curvature,std_curvature,mean_curvature_abs,frac_pos_curv,frac_pos_migration,s_min,s_max,span_s_m,best_lag_m,best_lag_abs_corr,best_lag_corr_signed,n_pairs_for_best_lag,chord_len_m,sinuosity_unitless
Blackwarrior,2000,Blackwarrior_2000_0,20,2119.188639,0.004985658,0.000991185,8,420796.8812,3601428.893,26.24467411,0.321433756,1.293205767,True,1919.412629,1.5037098409,1.907816794,3.9529902074498446,3.5561502845,7.316085787,-0.0009911846,0.0014099156354611918,0.0009911846,0.0,0.8,0.0,2119.188639,2119.188639,1462.0,0.997283981547777,-0.997283981547777,6,1944.3683202238096,1.0899111124974858
Blackwarrior,2000,Blackwarrior_2000_1,6,418.2345625,0.00137199,0.000690728,12,421594.8407,3601172.989,25.68183044,0.557395666,1.305027957,True,2764.660369,-1.0412122316666668,-1.583559833,5.112875010627051,4.325879543,6.467077829,0.0006907276666666667,0.000543390537986324,0.0006907276666666667,1.0,0.3333333333333333,2346.425807,2764.660369,418.2345620000001,0.0,0.15794594776015325,0.15794594776015325,6,417.53575398703947,1.0016736495169278
Blackwarrior,2000,Blackwarrior_2000_10,12,2207.087076,0.000755157,0.000350524,67,428946.2448,3604971.34,23.13539732,0.24545878,1.254128616,True,22235.78212,-2.8810210641666667,-3.9467407195,7.277770786504961,6.381957770833334,11.73729317,-0.0003505236666666667,0.00023602559584823664,0.0003505236666666667,0.0,0.16666666666666666,21865.88406,24072.97114,2207.087080000001,1290.0,0.9329513293894726,-0.9329513293894726,6,2104.1617950154937,1.0489150982725395
Blackwarrior,2000,Blackwarrior_2000_11,6,526.3919519,0.004391567,0.00287049,73,430843.9026,3606027.894,22.91482203,0.180468142,1.269338391,True,24471.75485,-3.422328169,-4.335177018,2.196076341517129,3.422328169,5.290440119,0.00287049,0.0020244295228649474,0.00287049,1.0,0.0,24274.17953,24800.57148,526.3919499999975,0.0,0.9572749959541078,-0.9572749959541078,6,424.57040268203235,1.2398225325523302
Blackwarrior,2000,Blackwarrior_2000_12,8,1569.604227,0.000372791,0.000180514,75,430350.5233,3606727.853,21.47641278,0.112746178,1.269338391,True,25329.68819,-6.549968625,-7.568239975,14.403082253750904,12.94998284,23.86342298,-0.000180514,0.00015495777224042132,0.000180514,0.0,0.25,25329.68819,26899.29242,1569.6042300000008,602.0,0.925609837121088,-0.925609837121088,6,1567.9743849779952,1.0010394570457397
Blackwarrior,2000,Blackwarrior_2000_13,10,1543.913583,0.003010487,0.001135765,80,429652.2691,3608743.213,19.90724037,0.149898173,1.251086661,True,27471.18317,-3.5670499978000003,-2.448155444,5.980361878759119,5.4340739026,12.97694876,0.0011357652,0.0010161572710261383,0.0011357652,1.0,0.2,27211.98234,28755.89593,1543.91359,0.0,0.7567904460441746,0.7567904460441746,10,1365.5984761387954,1.1305765274177717
Blackwarrior,2000,Blackwarrior_2000_14,4,325.3854865,0.000767538,0.000404469,85,427810.7578,3608233.847,19.77863943,0.158158947,1.238918841,True,29454.4008,1.9767396064999998,1.9767396065,1.9200252628084375,1.9767396064999998,3.63953026,-0.00040446899999999997,0.00041923596976881647,0.00040446899999999997,0.0,1.0,29129.01532,29454.4008,325.3854800000008,,,,0,325.3854865317581,0.9999999999023986
Blackwarrior,2000,Blackwarrior_2000_15,6,829.4604231,0.000220686,9.61e-05,87,427265.6692,3608126.195,19.76271195,0.165823747,1.238918841,True,30010.55076,-0.5698382820000001,-0.638807943,5.539900146334496,4.341941749333333,6.728862104,9.609533333333334e-05,9.739903763521827e-05,9.609533333333334e-05,1.0,0.3333333333333333,29676.39398,30505.8544,829.4604199999994,0.0,0.9219011165596249,-0.9219011165596249,6,826.6392267798727,1.0034128507681845
Blackwarrior,2000,Blackwarrior_2000_16,16,3001.700082,0.001623231,0.000589635,89,426539.5524,3607796.84,18.90326417,0.179978595,1.238918841,True,30808.34627,-1.5673314034999999,0.04268359300000002,6.442826525425019,5.2891618675,12.34233958,-0.000589635,0.00046247804870948566,0.000589635,0.0,0.5,30808.34627,33810.04635,3001.7000799999987,1892.0,0.9969445164254782,-0.9969445164254782,6,2853.48810164934,1.0519406337334969
Blackwarrior,2000,Blackwarrior_2000_17,4,381.5759756,0.000474114,0.000372685,98,424065.2239,3610374.617,16.96168109,0.344016096,1.238918841,True,34707.72433,-4.1845289225,-4.1845289225,1.9500957594546102,4.1845289225,5.87336139,0.000372685,0.0001171201209072691,0.000372685,1.0,0.0,34326.14836,34707.72433,381.57596999999805,,,,0,381.575975552626,1.0000000001241536
Blackwarrior,2000,Blackwarrior_2000_18,12,1115.540042,0.004007959,0.001749891,103,424072.98,3611499.237,15.96080275,0.278215862,1.238918841,True,36043.99643,-1.0743865103333334,-1.7503160345,3.749466364114317,3.401897803,4.736490915,-0.0017498913333333333,0.001307286073067499,0.0017498913333333333,0.0,0.5,35089.5013,36205.04135,1115.540049999996,86.0,0.908994636799431,0.908994636799431,10,913.0261007230464,1.2218052048200794
Blackwarrior,2000,Blackwarrior_2000_19,4,355.7323808,0.00013528,0.00010054,105,424538.5739,3611441.718,15.85726274,0.275802439,1.238918841,True,36517.26278,-1.7804992780000002,-1.7804992780000002,3.6985931763697706,3.203075649,4.983574927,0.00010054,4.011429670329519e-05,0.00010054,1.0,0.5,36517.26278,36872.99517,355.73239000000467,,,,0,355.73238081017683,0.9999999999713919
Blackwarrior,2000,Blackwarrior_2000_2,14,2069.985089,0.003179872,0.001161865,19,423324.2924,3600211.538,26.15765052,0.419478725,1.305027957,True,5016.118257,-3.495639397142857,0.885422587,6.536423255810363,5.653441084,11.9811038,-0.0011618651428571428,0.001059247117396187,0.0011618651428571428,0.0,0.5714285714285714,2946.133168,5016.118257,2069.9850890000002,860.0,0.7731275224005257,-0.7731275224005257,6,1826.4336041903712,1.1333481185688057
Blackwarrior,2000,Blackwarrior_2000_20,2,0.0,9.72e-05,9.72e-05,107,425088.5948,3611436.099,15.95116122,0.257143431,1.238918841,True,37067.65134,2.203168656,2.203168656,0.0,2.203168656,2.203168656,-9.72e-05,0.0,9.72e-05,0.0,1.0,37067.65134,37067.65134,0.0,,,,0,0.0,
Blackwarrior,2000,Blackwarrior_2000_21,12,1597.249071,0.000389536,0.000258198,109,425695.9131,3611399.562,16.17440222,0.065418778,1.238918841,True,37676.37779,1.0480554323333333,2.1696252714999997,3.898781740637344,3.3697237083333333,6.965004828,0.00025819833333333333,8.866386730828181e-05,0.00025819833333333333,1.0,0.8333333333333334,37393.83983,38991.0889,1597.2490700000053,774.0,0.9906613333515132,-0.9906613333515132,6,1586.922038930433,1.0065075862684012
Blackwarrior,2000,Blackwarrior_2000_22,8,643.8538322,0.002812603,0.001293992,115,427320.5336,3611867.847,16.31910281,-0.014654013,1.238918841,True,39389.98853,0.42596731549999994,0.7687422989999999,2.0985145697192533,1.8795047295,2.413541,-0.00129399225,0.0010175835966912358,0.00129399225,0.0,0.5,39244.80036,39888.65419,643.85383,86.0,0.45170305041283487,0.45170305041283487,6,620.5923773512595,1.037482662851939
Blackwarrior,2000,Blackwarrior_2000_23,6,665.2208001,0.000124513,7.84e-05,119,428348.0477,3611373.57,17.09072817,0.172866928,1.238918841,True,40553.06765,-2.194483403,-5.959240345,6.576786815945707,6.380227782333333,6.902826433,7.843766666666668e-05,5.319407678554697e-05,7.843766666666668e-05,1.0,0.3333333333333333,40203.43082,40868.65162,665.2207999999955,0.0,0.9621319499862729,-0.9621319499862729,6,665.2194862767747,1.000001975022158
Blackwarrior,2000,Blackwarrior_2000_24,2,0.0,7.96e-05,7.96e-05,121,428995.4296,3611068.252,17.652902,0.254978767,1.238918841,True,41269.51846,1.122770573,1.122770573,0.0,1.122770573,1.122770573,-7.96e-05,0.0,7.96e-05,0.0,1.0,41269.51846,41269.51846,0.0,,,,0,0.0,
Blackwarrior,2000,Blackwarrior_2000_25,22,3851.357095,0.013458763,0.002272173,123,429261.8026,3610930.486,16.81414262,0.164863191,1.184739479,True,41577.83241,2.521900479727273,0.982222809,7.702717570546425,5.878310275181819,18.7372452,0.002272172727272727,0.003873937608795452,0.002272172727272727,1.0,0.6363636363636364,41472.95575,45324.31285,3851.357100000001,2580.0,0.9987831053061947,0.9987831053061947,8,2838.1696830083674,1.3569862006691886
Blackwarrior,2000,Blackwarrior_2000_26,20,5072.233421,0.001982412,0.000730319,135,428230.7923,3612796.018,14.50651012,0.076707415,1.141346808,True,46869.55883,-4.0356983913999995,-5.74614044,7.893673531092689,7.035669303800001,14.64446646,-0.0007303190999999999,0.0007081005396198971,0.0007303190999999999,0.0,0.2,45971.83576,51044.06918,5072.233419999997,2064.0,0.9448103283624137,-0.9448103283624137,10,3676.2792407024344,1.3797193001124795
Blackwarrior,2000,Blackwarrior_2000_27,6,1069.035808,0.000957741,0.000723126,144,426338.1828,3616077.026,12.04890719,0.030420427,1.141346808,True,52239.92236,-0.25578010233333376,-4.098437374,7.465951623759685,6.469566469,9.32067955,0.0007231263333333333,0.00020586092051738883,0.0007231263333333333,1.0,0.3333333333333333,51538.66235,52607.69816,1069.0358100000012,0.0,0.9303221667639432,0.9303221667639432,6,1037.1176892839576,1.0307757924156893
Blackwarrior,2000,Blackwarrior_2000_28,8,1538.412081,0.000727572,0.000458793,149,425361.4053,3618333.26,10.17746657,0.08703242,1.141346808,True,54757.13876,-3.29629905525,-3.9287713045,7.451042890679821,6.84873549925,12.4325265,-0.000458793,0.0002463865353058077,0.000458793,0.0,0.25,53218.72668,54757.13876,1538.4120800000019,0.0,0.7414678120190152,-0.7414678120190152,8,1519.221705489998,1.0126317149370982
Blackwarrior,2000,Blackwarrior_2000_29,16,2927.595257,0.003440882,0.001001162,153,425319.6411,3620134.629,8.204723218,0.133626015,1.141346808,True,56694.4765,2.2516403515,4.675024756,8.818392157151612,7.77310647275,15.24854206,0.0010011623750000001,0.0010407866752808266,0.0010011623750000001,1.0,0.75,55312.2913,58239.88655,2927.5952500000058,1806.0,0.9640585260544705,-0.9640585260544705,6,1690.204894398675,1.732094887845862
Blackwarrior,2000,Blackwarrior_2000_3,20,2532.002132,0.005024297,0.001399982,28,423241.5787,3598123.255,28.06243434,0.366235566,1.305027957,True,7691.286711,2.2324704848,4.500414344,5.561395578801015,5.2440864853999996,10.71583252,0.0013999821,0.0013657866870355206,0.0013999821,1.0,0.6,5325.097314,7857.099446,2532.0021320000005,1548.0,0.9827266629917826,-0.9827266629917826,6,1864.191594481567,1.3582306343914996
Blackwarrior,2000,Blackwarrior_2000_30,28,5281.610125,0.001447019,0.00079878,158,423854.2017,3619285.597,6.627157685,-0.008342155,1.141346808,True,58458.30116,-5.091622440285714,-5.425506507,4.439298691756145,5.981980218428572,11.52283408,-0.0007987798571428571,0.00036580568391182916,0.0007987798571428571,0.0,0.14285714285714285,58458.30116,63739.91128,5281.610119999998,1462.0,0.6928105301062728,-0.6928105301062728,18,2803.2021735863345,1.8841345710869164
Blackwarrior,2000,Blackwarrior_2000_31,30,6196.244338,0.006728631,0.001420811,173,424232.9446,3622021.167,3.419825496,0.063099,1.112643541,True,64329.41964,0.07241710226666695,-1.649724016,9.966159206864274,8.320661196533333,22.29252948,0.0014208106666666667,0.0018432671644902573,0.0014208106666666667,1.0,0.4666666666666667,64195.54292,70391.78726,6196.2443399999975,2150.0,0.921237050934351,-0.921237050934351,18,4225.848812964483,1.4662721295164514
Blackwarrior,2000,Blackwarrior_2000_32,10,972.350734,0.006803933,0.001889373,188,421835.2187,3625068.488,1.91777416,0.072733823,1.093508029,True,70875.58106,0.6753309178,0.981570553,2.498491600356943,2.294899495,3.624813303,-0.0018892132,0.002654662646476313,0.0018893728,0.2,0.6,70691.31477,71663.6655,972.3507300000056,0.0,0.4564016765999004,0.4564016765999004,10,836.3654350659958,1.1625907686193104
Blackwarrior,2000,Blackwarrior_2000_33,4,462.4362624,0.000358942,0.000274536,193,420120.7712,3624925.658,2.143785973,0.01136453,1.144264558,True,72636.02261,-8.0983130605,-8.0983130605,2.478274205492268,8.0983130605,10.24456148,0.00027453600000000003,9.746365364243911e-05,0.00027453600000000003,1.0,0.0,72173.58635,72636.02261,462.4362600000022,,,,0,462.43626239604566,1.000000000008551
Blackwarrior,2000,Blackwarrior_2000_34,14,1663.740267,0.00736248,0.001742399,199,418464.4788,3625302.367,2.971823663,0.039897491,1.195021086,True,74556.2708,-0.6779079068571428,-3.322373966,5.811597136311095,4.963956383428572,9.776813836,-0.0017423992857142857,0.0024593162366615216,0.0017423992857142857,0.0,0.42857142857142855,73063.65976,74727.40003,1663.7402700000093,688.0,0.7593549673969477,-0.7593549673969477,8,1363.979560025227,1.2197692075160047
Blackwarrior,2000,Blackwarrior_2000_35,4,230.3750699,0.000735231,0.000689609,201,418688.6758,3625658.1,2.717752895,0.150941492,1.195021086,True,74976.8314,-3.730928657,-3.730928657,8.312945372664784,7.199221873000001,10.93015053,0.0006896090000000001,5.267974796193823e-05,0.0006896090000000001,1.0,0.5,74976.8314,75207.20647,230.37507000000915,,,,0,230.37506989477367,1.000000000022686
Blackwarrior,2000,Blackwarrior_2000_36,8,810.1151525,0.003962559,0.001621376,204,418858.797,3626417.069,2.268326904,-0.006996312,1.195021086,True,75763.03302,6.547679453,7.3594265275,2.881149004841132,6.547679453,9.370276827,-0.0016213760000000001,0.0016911962460964892,0.0016213760000000001,0.0,1.0,75501.60057,76311.71572,810.1151499999978,172.0,0.8715613938547777,-0.8715613938547777,6,647.5401659433097,1.2510654861383892
Blackwarrior,2000,Blackwarrior_2000_37,6,723.2546582,0.001384611,0.000741385,208,420151.7093,3626400.954,1.171215888,0.057847039,1.1611834,True,77111.60636,2.7081787503333334,1.514694597,2.4318628472568125,2.7081787503333334,5.819705672,0.0007413846666666666,0.000509535040979388,0.0007413846666666666,1.0,1.0,76731.42974,77454.6844,723.2546599999914,0.0,0.9970140100404571,0.9970140100404571,6,693.5111911020161,1.0428882294613304
Blackwarrior,2000,Blackwarrior_2000_38,4,284.7378422,0.000455064,0.000449474,210,420747.5029,3626959.256,0.342311974,0.163055707,1.093508029,True,77932.66027,-4.400560978,-4.400560978,9.363566491888294,8.109086452,12.50964743,-0.000449474,6.454776009539991e-06,0.000449474,0.0,0.5,77932.66027,78217.39811,284.7378400000016,,,,0,284.7378421956586,1.0000000000152471
Blackwarrior,2000,Blackwarrior_2000_39,8,652.34713,0.001815156,0.000795392,214,421646.5231,3627436.602,0.555068079,0.579992732,1.093508029,True,78962.62822,3.4591768417499997,4.632420510999999,7.750353931663327,7.0122945542499995,11.67810177,0.0007953915000000001,0.000645778812427068,0.0007953915000000001,1.0,0.75,78460.1509,79112.49803,652.3471300000092,0.0,0.7622704588162399,-0.7622704588162399,8,645.6258488565867,1.0104104895355674
Blackwarrior,2000,Blackwarrior_2000_4,6,997.0569271,0.000337005,0.000182619,31,423741.0482,3598943.924,28.07492907,0.383649933,1.305027957,True,8674.702749,0.08074055266666669,4.970589474,8.50652185515633,7.334036779333334,10.87994434,-0.00018261933333333334,0.00012861544217187399,0.00018261933333333334,0.0,0.6666666666666666,8233.343449,9230.400376,997.0569269999996,0.0,0.9051535267353273,0.9051535267353273,6,991.0991067166149,1.0060113265595836
Blackwarrior,2000,Blackwarrior_2000_40,8,1017.127254,0.00094537,0.000555547,218,422360.4271,3628548.076,1.825356519,0.194731173,1.093508029,True,80310.49362,-0.4408885825000002,-0.700262479,5.928725569187747,5.322364627,7.040506618,-0.0005555465,0.00041298139154861274,0.0005555465,0.0,0.5,79604.49269,80621.61994,1017.127250000005,258.0,0.9908008515849476,0.9908008515849476,6,972.6383581763644,1.045740429060447
Blackwarrior,2000,Blackwarrior_2000_41,8,928.1656435,0.001509182,0.001055483,220,422873.749,3628692.408,2.906912132,0.171902622,1.093508029,True,80843.85608,1.8259509235,4.2414427340000005,8.421046417445918,7.2024339185,10.75296599,0.0010554825,0.00031982184526523067,0.0010554825,1.0,0.75,80843.85608,81772.02172,928.1656400000065,0.0,0.3377041961043854,0.3377041961043854,8,898.2516082843781,1.0333025122802244
Blackwarrior,2000,Blackwarrior_2000_42,6,337.6716906,0.004791371,0.002169739,225,423304.4956,3630041.878,3.772567989,0.248078686,1.093508029,True,82380.90382,-0.4934200296666668,-1.999305872,3.39108271234456,3.0397623809999996,3.819513527,-0.0021697393333333335,0.002114074009075053,0.0021697393333333335,0.0,0.3333333333333333,82187.18175,82524.85344,337.67169000000285,0.0,0.0693269329153339,0.0693269329153339,6,330.8014875187531,1.0207683560699146
Blackwarrior,2000,Blackwarrior_2000_43,6,459.3407159,0.005665972,0.002476009,228,423893.7968,3630399.402,4.394726189,0.463065137,1.093508029,True,83096.98313,-0.12072074466666649,-3.240652783,5.003502137387643,4.345748696666667,6.337541928,0.0024760086666666668,0.0024904427053814076,0.0024760086666666668,1.0,0.3333333333333333,82855.97859,83315.31931,459.3407200000074,0.0,0.588597657875162,-0.588597657875162,6,384.49353819901796,1.1946643318157413
Blackwarrior,2000,Blackwarrior_2000_44,6,544.8174191,0.002338142,0.001042707,231,423463.7677,3631160.313,4.838210203,0.355494903,1.093508029,True,84005.46128,0.5776269736666667,3.296741737,5.291651626445766,4.717187432333334,6.209340688,-0.0010427066666666665,0.0010036511136989122,0.0010427066666666665,0.0,0.6666666666666666,83692.96271,84237.78013,544.8174199999921,0.0,0.37912291721744457,-0.37912291721744457,6,517.5065776321745,1.052773902107264
Blackwarrior,2000,Blackwarrior_2000_45,4,296.2540787,0.001696279,0.001403071,234,423643.2504,3632047.186,5.575545001,0.400336982,1.093508029,True,84939.30975,-5.852314711,-5.852314711,4.5870199299474415,5.852314711,9.824790498,0.001403071,0.0003385674354571036,0.001403071,1.0,0.0,84643.05568,84939.30975,296.2540699999954,,,,0,296.2540786670035,1.000000000111379
Blackwarrior,2000,Blackwarrior_2000_46,6,522.5895944,0.002556484,0.00151652,236,423277.4303,3632515.634,5.965784208,0.10755479,1.093508029,True,85581.70881,-5.035452576333333,-6.801783616,5.522054537110061,6.254820407666667,10.13362586,-0.0015165196666666666,0.0008223928402053769,0.0015165196666666666,0.0,0.3333333333333333,85257.62492,85780.21451,522.5895900000032,0.0,0.04764214110507479,0.04764214110507479,6,473.9997207017509,1.1025103424666842
Blackwarrior,2000,Blackwarrior_2000_47,6,891.9482581,0.002719262,0.00176016,239,423536.6723,3633001.553,6.598546041,0.274745078,1.093508029,True,86135.65016,-2.3193300546666666,-0.824692029,6.936775355443226,5.372744744666666,10.71342017,0.0017601596666666668,0.0010681797145965031,0.0017601596666666668,1.0,0.3333333333333333,85970.58463,86862.53289,891.9482600000047,0.0,0.5923712961175644,-0.5923712961175644,6,815.9222476769489,1.093178008859923
Blackwarrior,2000,Blackwarrior_2000_48,14,1801.861134,0.003253503,0.001572713,247,422288.1501,3634792.961,7.510108019,0.26019486,1.093508029,True,88819.05244,1.3045578567142857,3.986919772,6.411276184217599,5.908775109571429,10.0851789,-0.0015727132857142857,0.0010922928153796793,0.0015727132857142857,0.0,0.7142857142857143,87299.7204,89101.58153,1801.8611299999902,946.0,0.7199699043311544,0.7199699043311544,6,1126.2080494991976,1.5999362948979559
Blackwarrior,2000,Blackwarrior_2000_49,14,1342.042659,0.004953789,0.002189086,250,423094.8592,3634719.172,8.332184708,0.18060734,1.01499721,True,89633.53712,0.22685178014285728,1.617105024,6.407459368142369,5.227020879857143,11.88385477,0.0021890860000000002,0.0018824604036354613,0.0021890860000000002,1.0,0.7142857142857143,89479.52966,90821.57232,1342.0426600000064,860.0,0.9838637656758024,-0.9838637656758024,6,745.6037612963706,1.7999408381022777
Blackwarrior,2000,Blackwarrior_2000_5,10,2092.243982,0.000670357,0.000366438,35,425096.7279,3600684.234,26.51432334,0.233808648,1.305027957,True,10911.9773,8.207104857800001,4.604301038,6.885301019145527,8.207104857800001,18.15186853,0.0003664418,0.0002080924328160178,0.0003664418,1.0,1.0,9821.809803,11914.05378,2092.243977,172.0,0.9826366721131177,0.9826366721131177,8,1986.2288807284049,1.0533750678485334
Blackwarrior,2000,Blackwarrior_2000_50,16,1749.565335,0.00746477,0.002114667,261,422102.7344,3636599.92,9.276472666,0.116216542,0.956114096,True,92347.67132,3.648718594375,3.500749986,4.137052627446478,4.549637103875,10.88063664,-0.0021146669999999998,0.0022592297728348037,0.0021146669999999998,0.0,0.75,91050.1072,92799.67254,1749.565340000001,1204.0,0.9657232807909731,0.9657232807909731,6,1248.0542451923293,1.4018343687700738
Blackwarrior,2000,Blackwarrior_2000_51,6,811.2310956,0.001731082,0.000786101,267,423259.9834,3636749.259,10.05684878,0.178454302,0.956114096,True,93579.39761,5.859739531,9.059960922,5.617617197191235,6.777407247666667,9.895759246,0.000786101,0.0007821974257543936,0.000786101,1.0,0.6666666666666666,93072.75885,93883.98994,811.2310900000011,0.0,0.09658245542628806,0.09658245542628806,6,651.7903884541972,1.2446196046614564
Blackwarrior,2000,Blackwarrior_2000_52,16,1718.208003,0.007641046,0.001897305,272,423083.2678,3638395.535,11.48559969,0.116984179,0.956114096,True,95240.50501,2.18510460325,3.9151194735,4.021075906446268,4.33630972725,5.811008262,-0.00189730475,0.002529352255152071,0.00189730475,0.0,0.75,94325.36669,96043.57469,1718.2079999999987,430.0,0.564537214774049,0.564537214774049,12,1004.5099852004276,1.710493701719819
Blackwarrior,2000,Blackwarrior_2000_53,14,1533.571525,0.015208911,0.003128816,278,424065.9942,3637989.272,11.94610755,0.131042066,0.956114096,True,96393.00762,2.2379177872857143,2.092732793,4.044366855490139,3.604387299,8.246608738,0.0031288155714285716,0.005145047210894043,0.0031288155714285716,1.0,0.7142857142857143,96257.9387,97791.51023,1533.571530000001,774.0,0.9908287619059359,-0.9908287619059359,8,1093.7180873144591,1.4021634485039627
Blackwarrior,2000,Blackwarrior_2000_54,10,631.4028099,0.006640533,0.003976319,287,423580.0326,3639636.277,12.79505534,0.266823272,0.956114096,True,98621.07267,0.4637583678000001,1.533114919,5.060743934121296,3.8639078202,8.080084257,-0.0039763192,0.002279025767867333,0.0039763192,0.0,0.6,98116.66676,98748.06957,631.4028100000141,172.0,0.49649550764776396,0.49649550764776396,6,437.04548259651483,1.4447073246216755
Blackwarrior,2000,Blackwarrior_2000_55,12,1245.234949,0.004325206,0.001815272,292,424548.792,3639038.018,12.73210771,0.020899498,0.956114096,True,99821.11829,-0.025091460500000107,0.8432736304999999,4.016059080062986,3.3676220545,6.4439352,0.001815272333333333,0.0013075232274468282,0.001815272333333333,1.0,0.5,99033.80476,100279.0397,1245.2349399999948,172.0,0.9813162727539488,-0.9813162727539488,10,791.5803712641991,1.5730998319365708
Blackwarrior,2000,Blackwarrior_2000_6,6,1308.358295,0.003490795,0.001600422,42,425351.188,3603304.638,24.33777093,0.1513871,1.238918841,True,13615.82376,-4.085151455666667,-3.661704711,2.960364214003842,4.085151455666667,7.586284348,-0.0016004223333333332,0.001561666525800264,0.0016004223333333332,0.0,0.0,12545.37349,13853.73178,1308.3582900000001,0.0,0.7195788439448251,0.7195788439448251,6,1007.4526551896477,1.2986796831199066
Blackwarrior,2000,Blackwarrior_2000_7,10,1870.094296,0.012152119,0.002876952,45,425779.1855,3602718.353,24.12074343,0.355443917,1.238918841,True,14350.11394,4.266251250600001,4.55572785,11.696894663806043,9.2931985078,22.02533268,0.0028769523999999996,0.004898460133401725,0.0028769523999999996,1.0,0.6,14163.11043,16033.20473,1870.0942999999988,1204.0,0.998242985342454,0.998242985342454,6,1479.2746338305842,1.2641968254112406
Blackwarrior,2000,Blackwarrior_2000_8,20,2883.283938,0.003272765,0.001158412,52,426482.5411,3605607.982,22.48616403,0.33404667,1.238918841,True,17566.68583,-1.7893753716999998,-1.8926625650000002,5.5114882525338995,4.2942482169,11.30692769,-0.0011584122,0.000935535136986966,0.0011584122,0.0,0.2,16658.98475,19542.26868,2883.2839300000014,2150.0,0.9913112197540329,-0.9913112197540329,6,1638.768018168604,1.7594216545806147
Blackwarrior,2000,Blackwarrior_2000_9,14,1664.841373,0.002885692,0.001607752,61,427730.3086,3603827.769,23.98018092,0.19731883,1.238918841,True,20186.11245,-2.692625715142857,-4.313631132,4.297109935406047,4.669379359714285,6.302307083,0.0016077521428571428,0.0009943479724345734,0.0016077521428571428,1.0,0.2857142857142857,19768.84444,21433.68581,1664.8413699999983,1032.0,0.8761469066318229,0.8761469066318229,6,979.6849433973748,1.6993640498614007
Blackwarrior,2018,Blackwarrior_2018_0,12,1152.322147,0.000537716,0.000337481,298,420129.8958,3600464.015,26.61632893,0.302531366,0.960052311,True,751.6859268,-3.0843479864999996,-5.7885830144999995,12.571510801355771,11.238401756499998,20.39707562,-0.00033748083333333336,0.000188504927527027,0.00033748083333333336,0.0,0.3333333333333333,0.0,1152.322147,1152.322147,602.0,0.9999815225075914,-0.9999815225075914,6,1136.575803117296,1.013854195944975
Blackwarrior,2018,Blackwarrior_2018_1,4,69.30503719,0.000275157,0.0002564,301,420436.071,3600926.579,25.96619234,0.35679606,0.967452609,True,1306.616664,0.29257752499999956,0.29257752499999956,12.699206382330857,10.997835335000001,11.29041286,0.0002564,2.1658717998379608e-05,0.0002564,1.0,0.5,1306.616664,1375.921701,69.30503700000008,,,,0,69.3050371925373,0.9999999999633893
Blackwarrior,2018,Blackwarrior_2018_10,6,630.0239581,0.000710596,0.000347463,339,423831.0448,3599051.838,27.9911361,0.589686817,0.967452609,True,8893.447772,2.1310981960000004,8.762976758,16.16042457427198,14.341496096,18.31559685,-0.0003474633333333333,0.00028882029071286986,0.0003474633333333333,0.0,0.6666666666666666,8580.984227,9211.008185,630.0239579999998,0.0,0.47478845168336936,-0.47478845168336936,6,628.5417163105194,1.0023582234098656
Blackwarrior,2018,Blackwarrior_2018_11,18,2601.085616,0.001187204,0.000451884,342,424734.9923,3599965.552,26.30653374,0.253025127,0.964341258,True,10183.30254,2.201165676999999,3.789983858,21.460079711967175,16.826656700111112,40.68697509,0.00045188388888888896,0.00041455546662261353,0.00045188388888888896,1.0,0.5555555555555556,9969.301904,12570.38752,2601.0856160000003,1978.0,0.9999682464538237,-0.9999682464538237,6,2477.5105177513196,1.049878738097484
Blackwarrior,2018,Blackwarrior_2018_12,14,1594.285379,0.006425722,0.001902541,355,425115.8665,3603259.56,24.29932751,0.186139403,0.953451531,True,13664.44806,-3.031213612857143,-4.814637573,7.815246853007628,7.210241929714286,12.46001991,-0.001902541142857143,0.0021423449404415523,0.001902541142857143,0.0,0.42857142857142855,12719.22535,14313.51073,1594.2853799999993,946.0,0.9807522037218523,-0.9807522037218523,6,899.1962389333592,1.7730116185663394
Blackwarrior,2018,Blackwarrior_2018_13,16,1627.498328,0.008614753,0.002548157,361,425725.2972,3602767.437,24.19020253,0.331593778,0.953451531,True,14549.95524,-0.926198761875,4.3325918135,19.84451029105934,13.173802168875,47.19702934,0.002548157375,0.002860702761147334,0.002548157375,1.0,0.625,14464.24783,16091.74615,1627.4983200000006,946.0,0.9019674142818512,-0.9019674142818512,8,1346.488814112573,1.2086979935831337
Blackwarrior,2018,Blackwarrior_2018_14,14,1202.503826,0.002563641,0.001576165,369,426060.2864,3605167.425,22.1247713,0.395806957,0.953451531,True,17195.21938,6.1229884448571426,4.649509586,7.4833003693197,6.457867629714285,22.82204784,-0.0015761647142857143,0.0008057749514108409,0.0015761647142857143,0.0,0.8571428571428571,16987.99113,18190.49496,1202.5038300000015,258.0,0.9496290681230153,-0.9496290681230153,10,928.7897233866884,1.2946997535838956
Blackwarrior,2018,Blackwarrior_2018_15,2,0.0,5.73e-05,5.73e-05,375,426910.9827,3605497.619,22.1591406,0.621604144,0.953451531,True,18294.90279,12.56533036,12.56533036,0.0,12.56533036,12.56533036,5.73e-05,0.0,5.73e-05,1.0,1.0,18294.90279,18294.90279,0.0,,,,0,0.0,
Blackwarrior,2018,Blackwarrior_2018_16,10,716.0970308,0.002327856,0.00141145,380,427762.5606,3604849.991,22.85033648,0.276070012,0.953451531,True,19421.93428,4.3058623382,4.111510399,2.9201290021150195,4.3058623382,8.468133684,-0.0014114498,0.0007111990597845303,0.0014114498,0.0,1.0,18897.4187,19613.51573,716.0970300000008,172.0,0.681116673547478,-0.681116673547478,8,658.7836426161139,1.0869988027575903
Blackwarrior,2018,Blackwarrior_2018_17,24,1909.474452,0.004279372,0.001754469,387,427824.6128,3603700.551,23.95650873,0.199345115,0.953451531,True,20621.9275,1.5495711699166665,5.4560531690000005,8.359223866806483,7.644450921250001,15.18215169,0.001754469416666667,0.0012287248143232254,0.001754469416666667,1.0,0.6666666666666666,19878.886,21788.36045,1909.4744500000015,1290.0,0.9828881685972345,-0.9828881685972345,8,984.5529010299141,1.9394330665244606
Blackwarrior,2018,Blackwarrior_2018_18,16,1910.220007,0.00094927,0.000459337,397,429056.9547,3605158.967,23.18654555,0.241689999,0.955266963,True,22743.47007,-0.4234941459999998,-0.38223733849999986,11.005745976326411,8.42037906775,21.13570913,-0.0004593365,0.00021737228452219939,0.0004593365,0.0,0.5,22033.49619,23943.71619,1910.2199999999975,516.0,0.967761746283302,0.967761746283302,12,1836.1312708584667,1.0403504571363755
Blackwarrior,2018,Blackwarrior_2018_19,8,577.2204286,0.011899429,0.003647913,403,430787.1862,3605909.18,22.93700347,0.256184044,0.960713259,True,24659.37595,-2.5590871357500005,3.7676151845000003,15.226434698478334,10.900024754250001,26.91822378,0.0036479135,0.0051646343927366795,0.0036479135,1.0,0.75,24541.15089,25118.37132,577.2204299999976,172.0,0.9966738483516,-0.9966738483516,6,436.12344156377566,1.3235253453249458
Blackwarrior,2018,Blackwarrior_2018_2,10,552.1842958,0.004938035,0.002055503,304,420669.61,3601333.99,25.57115216,0.313213252,0.967452609,True,1777.011338,0.9529456057999999,-2.722436481,7.621822671492298,5.8891746698,14.28897907,-0.0020555026,0.001892160874259034,0.0020555026,0.0,0.4,1676.958023,2229.142319,552.1842960000001,172.0,0.8525461366635292,-0.8525461366635292,6,472.1626601442506,1.1694789580169298
Blackwarrior,2018,Blackwarrior_2018_20,8,1146.193841,0.000433716,0.000255518,407,430409.5246,3606674.208,21.87425521,0.081822948,0.960713259,True,25560.75908,-6.820606882750001,-11.883163105500001,19.799952798882963,18.25178130775,26.37845017,-0.00025551825,0.00011016959701005148,0.00025551825,0.0,0.25,25434.91472,26581.10856,1146.19384,0.0,0.6409902190115988,0.6409902190115988,8,1130.0839557755019,1.0142554764556788
Blackwarrior,2018,Blackwarrior_2018_21,18,2322.149794,0.003754541,0.000954089,412,429695.9734,3608682.656,20.01512687,0.196139788,0.955872107,True,27706.98632,2.538935778888889,2.983568494,10.436325242124358,9.281844749555555,16.64805153,0.0009540887777777777,0.0011938676584236903,0.0009540887777777777,1.0,0.5555555555555556,26830.4728,29152.62259,2322.1497899999995,1376.0,0.9901112201381865,-0.9901112201381865,6,1778.509615544252,1.3056717679254073
Blackwarrior,2018,Blackwarrior_2018_22,6,546.8461397,0.000551531,0.000333596,420,427857.2127,3608268.96,19.76997846,0.212837191,0.953451531,True,29690.60352,-20.332381863333335,-20.52584502,0.7143193774298009,20.332381863333335,21.01651149,-0.00033359633333333334,0.0001831230965451018,0.00033359633333333334,0.0,0.0,29422.93592,29969.78206,546.8461400000015,0.0,0.42400424636190576,0.42400424636190576,6,542.4098711369901,1.0081788123687916
Blackwarrior,2018,Blackwarrior_2018_23,6,693.0305019,0.000232226,0.000179943,422,427371.1373,3608147.817,19.76013759,0.153233781,0.953451531,True,30191.88404,-2.899726976666667,-7.98012324,8.39632950010019,8.188356744666667,8.652002342,0.000179943,6.11844000967567e-05,0.000179943,1.0,0.3333333333333333,30191.88404,30884.91455,693.0305100000005,0.0,0.6883056310706411,0.6883056310706411,6,691.6962211065569,1.0019289982404538
Blackwarrior,2018,Blackwarrior_2018_24,24,3172.005113,0.001878582,0.000586942,426,426370.6316,3607769.231,18.882577,0.183250387,0.953451531,True,31264.82491,-2.639151285666667,-8.502477818,14.61396634131309,13.512400923666668,26.14144138,-0.0005869421666666667,0.0005695015582364197,0.0005869421666666667,0.0,0.4166666666666667,31075.2577,34247.26282,3172.0051200000053,2666.0,0.9810080925179404,-0.9810080925179404,6,2954.926478717515,1.07346329455097
Blackwarrior,2018,Blackwarrior_2018_25,4,328.40637,0.000497995,0.000462851,438,424043.8214,3610408.328,16.89677815,0.345210278,0.953451531,True,35023.32468,-9.17689879,-9.17689879,9.088148968386443,9.17689879,17.04746667,0.000462851,4.058079572080043e-05,0.000462851,1.0,0.0,34694.91831,35023.32468,328.40636999999697,,,,0,328.40637004329835,0.9999999998681561
Blackwarrior,2018,Blackwarrior_2018_26,16,1232.573069,0.003336736,0.001695834,441,423739.2652,3610998.425,15.96517369,0.280778447,0.953451531,True,35703.5116,-2.4341106395,-4.7669634064999995,9.466050637976378,8.48799874825,15.23061661,-0.001695834375,0.0010642492189777025,0.001695834375,0.0,0.375,35362.38475,36594.95782,1232.5730700000058,774.0,0.9987808490351879,-0.9987808490351879,6,944.324620469703,1.3052429665414458
Blackwarrior,2018,Blackwarrior_2018_27,4,255.2996033,0.000337884,0.000173132,447,424559.7099,3611433.272,15.85374568,0.333246269,0.953451531,True,36808.1406,-15.95639469,-15.95639469,1.2528820577993958,15.95639469,17.04142238,0.000173132,0.00019023922309905844,0.000173132,1.0,0.0,36808.1406,37063.4402,255.29959999999846,,,,0,255.29960333413197,0.9999999998663062
Blackwarrior,2018,Blackwarrior_2018_28,2,0.0,0.000172908,0.000172908,449,425054.6496,3611426.595,15.95214341,0.366576618,0.953451531,True,37304.57384,13.09663717,13.09663717,0.0,13.09663717,13.09663717,-0.000172908,0.0,0.000172908,0.0,1.0,37304.57384,37304.57384,0.0,,,,0,0.0,
Blackwarrior,2018,Blackwarrior_2018_29,14,1684.085643,0.000364189,0.000236298,451,425443.7214,3611400.408,16.15721415,0.149630128,0.953451531,True,37694.53726,-0.977375526142857,-6.10644636,13.862761255174952,11.662619734714285,23.32262286,0.00023629814285714286,0.00010733736489782478,0.00023629814285714286,1.0,0.2857142857142857,37469.38895,39153.4746,1684.085650000001,516.0,0.9295013450525605,-0.9295013450525605,10,1665.705875620193,1.0110342213765462
Blackwarrior,2018,Blackwarrior_2018_3,8,648.4755519,0.001187393,0.000514051,309,421486.9799,3601201.894,25.70737116,0.625422285,0.967452609,True,2654.35925,-9.909449015,-11.0493831595,3.630288594960141,9.909449015,13.04209954,0.0005140505,0.000456300182649536,0.0005140505,1.0,0.0,2449.73996,3098.215512,648.4755520000003,86.0,0.9413629755585905,-0.9413629755585905,6,646.5815513814943,1.0029292523340003
Blackwarrior,2018,Blackwarrior_2018_30,10,861.2563507,0.002525509,0.000929366,458,427331.0922,3611867.9,16.40389111,0.104184431,0.953451531,True,39660.93292,9.332562553799999,12.19558018,6.889801143659213,9.7402169278,17.08999886,-0.0009293656000000001,0.0008700684447269651,0.0009293656000000001,0.0,0.8,39482.66833,40343.92468,861.256349999996,430.0,0.9900201755353433,0.9900201755353433,6,840.0092502921857,1.0252938886094691
Blackwarrior,2018,Blackwarrior_2018_31,6,489.8348711,0.000361231,0.000165366,463,428529.6133,3611251.585,17.24465448,0.3788461,0.953451531,True,41018.80338,0.6124239196666668,-1.225226441,15.724291305493262,12.080482840333332,19.03936014,0.000165366,0.00016033567273941255,0.000165366,1.0,0.3333333333333333,40705.07439,41194.90926,489.8348699999988,0.0,0.9596996291290835,-0.9596996291290835,6,489.38739692306746,1.0009143557430085
Blackwarrior,2018,Blackwarrior_2018_32,2,0.0,7.63e-05,7.63e-05,465,428989.2658,3611051.378,17.66532797,0.324845409,0.953451531,True,41520.65687,-7.454041522,-7.454041522,0.0,7.454041522,7.454041522,-7.63e-05,0.0,7.63e-05,0.0,0.0,41520.65687,41520.65687,0.0,,,,0,0.0,
Blackwarrior,2018,Blackwarrior_2018_33,32,3898.933367,0.007880554,0.001857165,467,429267.8804,3610916.041,16.75542315,0.189665113,0.96208297,True,41836.0165,0.8668276820625002,-0.47188061400000003,8.02702762247703,5.6529765088125,25.50509921,0.001857165125,0.002221645818617618,0.001857165125,1.0,0.5,41734.5567,45633.49007,3898.933369999999,2924.0,0.9777932473493105,0.9777932473493105,10,2783.658104437616,1.4006509494770385
Blackwarrior,2018,Blackwarrior_2018_34,28,5179.314143,0.001537314,0.000616209,494,425576.784,3614679.004,14.86034708,0.135771257,0.953773281,True,50859.00989,-0.06245021807142865,-1.815923917,17.32485974934177,13.492938325214286,37.11337975,-0.0006162092142857143,0.00037139564260536053,0.0006162092142857143,0.0,0.35714285714285715,45991.86597,51171.18011,5179.314140000002,2064.0,0.7252804974774185,-0.7252804974774185,18,3776.3376917230607,1.3715177417400908
Blackwarrior,2018,Blackwarrior_2018_35,10,1395.913733,0.001970382,0.000809904,499,426335.6472,3616249.442,12.11638376,-0.074097608,0.953773281,True,52672.18931,5.1438674038,3.498106123,12.93448087977431,10.6317505822,26.08532466,0.0008099037999999999,0.0006413250394742296,0.0008099037999999999,1.0,0.6,51548.1945,52944.10823,1395.9137300000002,344.0,0.9609090329542557,0.9609090329542557,6,1271.7963677529249,1.097592168364478
Blackwarrior,2018,Blackwarrior_2018_36,12,1942.886517,0.00142331,0.000624453,506,425410.5079,3618650.947,10.03461173,0.203033289,0.953773281,True,55361.99363,-14.893649893166666,-17.75730848,23.787621046318172,23.195626883166668,49.72447613,-0.000624453,0.00044553188931025314,0.000624453,0.0,0.16666666666666666,53419.10711,55361.99363,1942.88652,774.0,0.9352043453626517,0.9352043453626517,6,1889.970164902542,1.0279985118707875
Blackwarrior,2018,Blackwarrior_2018_37,22,3106.316257,0.001989625,0.000914122,511,425408.1742,3620005.246,8.212161343,0.099451318,0.953773281,True,56831.42379,1.0012884042727273,4.257164733,12.827166572131995,10.491506212454546,24.12920556,0.0009141223636363636,0.0006055710274849639,0.0009141223636363636,1.0,0.6363636363636364,55554.92635,58661.24261,3106.3162599999996,2150.0,0.8074024177089426,-0.8074024177089426,8,1710.5247978848536,1.8160018848257038
Blackwarrior,2018,Blackwarrior_2018_38,38,5516.56947,0.004695548,0.000987297,519,423758.6238,3619136.781,6.711109301,0.002736009,0.953773281,True,58950.29806,2.504311230263158,2.06070968,16.175386438905676,12.868585794578948,31.43239996,-0.0009872970526315788,0.001004943221325005,0.0009872970526315788,0.0,0.5263157894736842,58823.33639,64339.90586,5516.569470000002,688.0,0.5701469836126062,-0.5701469836126062,34,2787.872326765604,1.978774069758115
Blackwarrior,2018,Blackwarrior_2018_39,20,2714.513621,0.007554388,0.001407145,538,424287.283,3621987.271,5.084865131,0.228342198,0.958580463,True,64724.52779,5.7382811898999995,5.3855959680000005,17.5787565572974,15.3266540579,32.69770802,0.0014071446000000001,0.0021746857394092933,0.0014071446000000001,1.0,0.7,64576.22646,67290.74008,2714.513620000005,2408.0,0.9629875492660747,0.9629875492660747,6,2310.306804844836,1.1749580684727765
Blackwarrior,2018,Blackwarrior_2018_4,10,919.1265459,0.001258203,0.000788527,315,422837.9314,3601015.634,25.87463302,0.411710901,0.967452609,True,4042.183636,11.285081164800001,14.91468817,7.768456680105484,12.6476965632,15.76081708,-0.0007885268,0.00032469728222823176,0.0007885268,0.0,0.8,3356.304792,4275.431338,919.1265460000004,86.0,0.9010389086824163,-0.9010389086824163,8,878.013635683409,1.0468249108507186
Blackwarrior,2018,Blackwarrior_2018_40,2,0.0,6.53e-05,6.53e-05,547,423733.0245,3624686.12,3.364559816,-0.088773208,0.977809191,True,67814.10683,-26.46179069,-26.46179069,0.0,26.46179069,26.46179069,-6.53e-05,0.0,6.53e-05,0.0,0.0,67814.10683,67814.10683,0.0,,,,0,0.0,
Blackwarrior,2018,Blackwarrior_2018_41,18,2574.127491,0.005100661,0.00159863,554,421779.7496,3625975.893,1.619632211,-0.007020504,0.977809191,True,70357.44413,6.931959105888889,4.734143079,16.53717879971022,13.516927212555554,37.78497811,0.00159863,0.0015515905147116165,0.00159863,1.0,0.5555555555555556,68105.28902,70679.41651,2574.127489999999,1118.0,0.9689423144311695,-0.9689423144311695,6,1927.128622380662,1.3357320632911744
Blackwarrior,2018,Blackwarrior_2018_42,14,1230.129124,0.006169237,0.001664251,559,421857.5645,3625086.029,1.879784689,0.089711094,0.977809191,True,71261.97321,-0.45792168728571425,-5.783984726,11.970800536141065,11.136593727285714,15.01141382,-0.0016642507142857143,0.002171194100544796,0.0016642507142857143,0.0,0.42857142857142855,70890.75528,72120.8844,1230.1291199999978,344.0,0.8663410547722439,-0.8663410547722439,10,938.1810368827762,1.3111852357272726
Blackwarrior,2018,Blackwarrior_2018_43,6,753.7267645,0.000773294,0.000396452,566,419928.8087,3624875.47,2.191654243,-0.015693292,1.010021572,True,73232.017,1.278038828999999,2.357259807,17.104705612540794,13.519612842333332,19.8392177,0.00039645233333333337,0.00029654155987224903,0.00039645233333333337,1.0,0.6666666666666666,72478.29023,73232.017,753.7267700000084,0.0,0.9228678161681036,0.9228678161681036,6,753.0264046167239,1.0009300601930853
Blackwarrior,2018,Blackwarrior_2018_44,16,1617.025823,0.009234246,0.002144393,573,418480.8437,3625251.79,2.97132016,0.100580509,1.026127762,True,74911.68984,6.57714307575,5.918889037,9.125724692106338,8.75860467175,24.81847875,-0.002144393,0.0029138997948009123,0.002144393,0.0,0.875,73396.20836,75013.23418,1617.0258199999953,344.0,0.9749734462236088,-0.9749734462236088,10,1415.1375280587542,1.1426633743634729
Blackwarrior,2018,Blackwarrior_2018_45,6,605.0673191,0.000642916,0.000412182,577,418828.8159,3626047.51,2.7211458,0.1516747,1.026127762,True,75793.69805,1.2184419806666666,-1.007778998,20.547734588367735,15.597274766,25.22357512,0.0004121823333333333,0.0002269729349862372,0.0004121823333333333,1.0,0.3333333333333333,75188.63074,75793.69805,605.0673100000131,0.0,0.5481448589243834,0.5481448589243834,6,602.1147212353407,1.0049037131306167
Blackwarrior,2018,Blackwarrior_2018_46,10,501.7826935,0.00798317,0.003135523,580,418936.3392,3626486.587,2.262097392,0.096153313,1.026127762,True,76268.19485,2.3862467482,3.990336037,8.045718020707255,6.9373934542,14.65522447,-0.003135523,0.0033891035595391425,0.003135523,0.0,0.6,76048.27679,76550.05948,501.7826899999927,258.0,0.989512122974571,0.989512122974571,6,393.57782452412306,1.2749262337295248
Blackwarrior,2018,Blackwarrior_2018_47,10,996.6145924,0.001915558,0.000902473,586,420202.4126,3626403.99,1.293912546,0.10671535,1.016464048,True,77556.81251,10.3840311472,15.68647593,14.78103756522526,15.0368115768,29.13528439,0.0009024726000000001,0.0008127431686446149,0.0009024726000000001,1.0,0.6,76856.5054,77853.11999,996.614590000012,0.0,0.9327251042282992,-0.9327251042282992,10,927.6451622053271,1.0743489353522948
Blackwarrior,2018,Blackwarrior_2018_48,4,199.2116419,0.002627119,0.001679536,589,420758.4117,3626940.618,0.532328305,0.072898891,0.977809191,True,78346.4322,-4.4981226005,-4.4981226005,2.925361825910819,4.4981226005,7.031560257,-0.0016795355,0.0010941751776092953,0.0016795355,0.0,0.0,78147.22056,78346.4322,199.21163999999408,,,,0,199.21164192282603,0.9999999998854181
Blackwarrior,2018,Blackwarrior_2018_49,12,1077.496532,0.001364237,0.000643815,592,421154.4024,3627036.685,0.399170451,0.197166869,0.977809191,True,78761.35645,-4.817261978333334,-5.976500446499999,11.348187123686634,10.571923088333333,17.26398333,0.0006438153333333333,0.00038602887103741896,0.0006438153333333333,1.0,0.16666666666666666,78467.68651,79545.18304,1077.496530000004,430.0,0.9445886250037522,-0.9445886250037522,8,1058.0268731871552,1.0184018566127675
Blackwarrior,2018,Blackwarrior_2018_5,2,0.0,0.000100057,0.000100057,317,423139.5282,3600628.802,26.35229345,0.283802641,0.967452609,True,4532.815257,8.590076598,8.590076598,0.0,8.590076598,8.590076598,0.000100057,0.0,0.000100057,1.0,1.0,4532.815257,4532.815257,0.0,,,,0,0.0,
Blackwarrior,2018,Blackwarrior_2018_50,8,895.5185279,0.001224075,0.000764913,598,422185.2474,3628441.384,1.697786647,0.306382589,0.977809191,True,80554.38253,-6.3438888252500005,-6.276316512,8.328502213759998,8.22429956175,16.58374375,-0.00076491275,0.0004591208730204622,0.00076491275,0.0,0.25,79970.73463,80866.25316,895.5185299999866,172.0,0.9995000718366209,0.9995000718366209,6,872.0554309619764,1.0269055109399883
Blackwarrior,2018,Blackwarrior_2018_51,10,1300.922303,0.001477224,0.000899787,602,423212.4627,3628943.64,2.860677418,0.26264183,0.977809191,True,81735.16328,-11.8313384094,-6.743608011,8.24290182942982,11.8313384094,25.63761202,0.0008997873999999999,0.00040239627116153936,0.0008997873999999999,1.0,0.0,81128.99791,82429.92022,1300.9223099999945,430.0,0.9989435123119064,0.9989435123119064,6,1168.896269192149,1.112949315766999
Blackwarrior,2018,Blackwarrior_2018_52,8,606.9827816,0.002394821,0.00150048,606,423287.688,3630014.661,3.848348216,0.262187677,0.977809191,True,82840.47471,5.2882136655,6.9331272644999995,6.332301198789525,7.3726296389999995,11.45543208,-0.00150048,0.0009705214820782838,0.00150048,0.0,0.75,82621.92968,83228.91246,606.9827800000057,0.0,0.8290716678268071,0.8290716678268071,8,538.3106316612558,1.1275697448642583
Blackwarrior,2018,Blackwarrior_2018_53,6,355.8796377,0.004332438,0.003153951,610,423846.7711,3630421.244,4.385789443,0.517392345,0.977809191,True,83574.8338,8.560167194,9.556716433,3.5780545893666287,8.560167194,11.96807492,0.0031539506666666667,0.0012486849759020355,0.0031539506666666667,1.0,1.0,83394.42217,83750.3018,355.8796299999958,0.0,0.9027033883753781,-0.9027033883753781,6,334.16562768169115,1.0649797831361414
Blackwarrior,2018,Blackwarrior_2018_54,8,719.3524496,0.001764922,0.000900945,614,423466.6343,3631212.983,4.825333579,0.339074793,0.977809191,True,84476.54667,-0.6737300174999996,1.258857415,17.523300506646667,14.217002433000001,24.74952646,-0.00090094525,0.0008032592382923015,0.00090094525,0.0,0.5,84011.59368,84730.94613,719.3524499999912,86.0,0.9940581637311694,0.9940581637311694,6,673.9374561849256,1.0673875490941889
Blackwarrior,2018,Blackwarrior_2018_55,4,162.5224054,0.002218942,0.002033651,617,423602.704,3631895.309,5.486778574,0.400074842,0.977809191,True,85202.60707,8.9537121385,8.9537121385,2.0371096203306323,8.9537121385,10.71790082,0.002033651,0.00021395561745682966,0.002033651,1.0,1.0,85040.08467,85202.60707,162.52240000000165,,,,0,162.52240538889023,1.0000000000683584
Blackwarrior,2018,Blackwarrior_2018_56,6,382.9277677,0.002457939,0.00149617,619,423333.5213,3632249.41,5.761389819,0.244907721,0.977809191,True,85648.70371,9.003974953,10.66890217,4.993749430393827,9.003974953,13.56529756,-0.00149617,0.0010347785602444614,0.00149617,0.0,1.0,85430.67045,85813.59822,382.9277699999948,0.0,0.8564157076923182,-0.8564157076923182,6,379.3820051183423,1.0093461538339217
Blackwarrior,2018,Blackwarrior_2018_57,8,1060.12684,0.003491554,0.001353741,623,423524.481,3633202.918,6.587009998,0.256432087,0.977809191,True,86658.41673,-6.3777071545,-10.198534484,12.238536882585468,12.659818294499999,17.67798193,0.0013537405000000001,0.0013875016727988888,0.0013537405000000001,1.0,0.25,86116.30149,87176.42833,1060.1268399999972,430.0,0.9772840414216377,-0.9772840414216377,6,901.0735146533857,1.1765153705664038
Blackwarrior,2018,Blackwarrior_2018_58,22,2236.719354,0.00282636,0.001386279,633,422157.3511,3634579.21,7.45368492,0.240197621,0.977809191,True,88941.7485,-0.5083902576363637,-4.682969911,8.057020928732353,7.260424236363636,13.45675558,-0.001386279,0.0009974019149684176,0.001386279,0.0,0.36363636363636365,87416.36802,89653.08737,2236.7193499999994,1204.0,0.7643358159059194,0.7643358159059194,8,1228.8087528471435,1.8202339044359284
Blackwarrior,2018,Blackwarrior_2018_59,10,799.1066579,0.00621376,0.003022207,638,423228.7647,3634787.18,8.326689246,0.230836178,0.936114815,True,90145.02733,-3.6009123254000004,-5.562987275,5.590037549203394,6.2854458038,8.031993167,0.0030222072,0.0019190325326267227,0.0030222072,1.0,0.2,89977.68427,90776.79093,799.1066600000049,344.0,0.9234109028954399,-0.9234109028954399,6,572.0782757255561,1.3968484590443644
Blackwarrior,2018,Blackwarrior_2018_6,8,354.0338495,0.00720183,0.003352445,320,423364.3115,3600283.787,26.65469548,0.263972406,0.967452609,True,4960.214349,5.370312023,5.214286336000001,3.2400195413153843,5.370312023,9.644482994,-0.0033524445,0.002745435281427857,0.0033524445,0.0,1.0,4714.393467,5068.427316,354.0338490000004,86.0,0.7935672296517421,-0.7935672296517421,6,305.48246126451676,1.1589334721034692
Blackwarrior,2018,Blackwarrior_2018_60,16,1862.492254,0.006472724,0.001808213,648,422147.9636,3636595.469,9.137486503,0.14368546,0.908318565,True,92763.37959,0.7678576743749997,3.7312608779999996,12.3219228922757,9.535339411375,25.70053473,-0.00180821275,0.002025368087470308,0.00180821275,0.0,0.75,91129.81958,92992.31184,1862.492259999999,1204.0,0.8794119501312958,-0.8794119501312958,6,1296.0577060181997,1.4370442344901626
Blackwarrior,2018,Blackwarrior_2018_61,8,790.4362923,0.004795647,0.00190024,652,423264.9712,3636604.386,9.926027904,0.059443344,0.908318565,True,93904.48345,6.9883303975,14.629561415,17.950056311786824,17.819945377499998,21.66322996,0.00190024,0.001993690528553803,0.00190024,1.0,0.75,93407.94627,94198.38256,790.4362899999978,86.0,0.9691042464666705,0.9691042464666705,6,582.2841280672295,1.3574752499672078
Blackwarrior,2018,Blackwarrior_2018_62,14,1676.114073,0.005046726,0.001576122,657,423109.8168,3638366.425,11.42722133,0.053141684,0.908318565,True,95680.73692,0.505869258571429,11.45651378,19.470541697464146,17.937237567142855,28.31568771,-0.001576121857142857,0.0017165667267096236,0.001576121857142857,0.0,0.5714285714285714,94717.77273,96393.88681,1676.1140799999994,860.0,0.9874571602653783,0.9874571602653783,6,1049.192432072775,1.5975277954385203
Blackwarrior,2018,Blackwarrior_2018_63,14,1494.533123,0.008972023,0.002373284,662,424059.7628,3637996.668,11.91723026,0.133054601,0.908318565,True,96815.26499,-1.0514679841428574,2.448189182,9.513888231889432,8.373396464428572,12.05862316,0.002373284142857143,0.002855479684802292,0.002373284142857143,1.0,0.5714285714285714,96663.78755,98158.32067,1494.5331200000073,946.0,0.9639583264117482,-0.9639583264117482,6,1045.5544011270888,1.429416892501165
Blackwarrior,2018,Blackwarrior_2018_64,12,835.0425979,0.00597977,0.003595498,670,423413.4057,3639267.397,12.73288928,0.22187128,0.908318565,True,98564.69532,3.672058777833333,6.12811834,6.613859023290708,6.8401487135,10.43095075,-0.0035954985,0.0021421707779337674,0.0035954985,0.0,0.6666666666666666,98417.87506,99252.91766,835.0426000000007,344.0,0.8035600856287696,-0.8035600856287696,8,374.7612422030266,2.2281989273789855
Blackwarrior,2018,Blackwarrior_2018_65,12,1148.684945,0.005611531,0.00217541,678,424587.5529,3639072.631,12.71731682,0.186242683,0.908318565,True,100286.3349,-6.010873978666667,-6.9633539825,4.26574046806378,6.643882273666667,11.36122321,0.0021754103333333336,0.001637794450059055,0.0021754103333333336,1.0,0.16666666666666666,99496.13761,100644.8226,1148.6849899999943,430.0,0.9824165395474146,0.9824165395474146,6,810.1164466233018,1.4179257189357248
Blackwarrior,2018,Blackwarrior_2018_7,12,1218.900891,0.003248261,0.000940156,324,422788.8851,3599848.913,27.27093258,0.255333525,0.967452609,True,5698.544853,-7.844346824833333,-4.3373572075,7.3186639500452415,8.050819417833333,17.96808458,0.0009401563333333333,0.0011552098343211256,0.0009401563333333333,1.0,0.16666666666666666,5268.564734,6487.465624,1218.9008900000008,344.0,0.9038968127881325,0.9038968127881325,8,1119.6103139318884,1.0886831568382211
Blackwarrior,2018,Blackwarrior_2018_8,4,250.3060833,0.0001522,8.32e-05,328,422670.8242,3598984.707,28.08914016,0.391072432,0.967452609,True,6592.085883,5.0664306155,5.0664306155,7.593092137672185,6.5758106845,11.6422413,-8.32e-05,7.967433714816836e-05,8.32e-05,0.0,0.5,6592.085883,6842.391967,250.30608399999983,,,,0,250.3060833030944,0.9999999999876376
Blackwarrior,2018,Blackwarrior_2018_9,16,1234.441766,0.010920369,0.002892342,335,423256.3943,3598126.26,28.64837935,0.396555725,0.967452609,True,7788.882276,-2.801214624375,-4.183727565,6.106216764311891,5.7597142268749995,11.83399841,0.0028923424999999997,0.003469339861937311,0.0028923424999999997,1.0,0.125,7000.623242,8235.065008,1234.441766,516.0,0.9306570540393142,0.9306570540393142,10,871.6548126767435,1.4162048416955133
Blackwarrior,2024,Blackwarrior_2024_0,6,1080.515227,0.001007166,0.000504256,682,419934.9813,3599926.612,26.6972377,0.386863386,0.960052311,False,192.5830149,,,,,,-0.000504256,0.0003245081939779025,0.000504256,0.0,0.0,0.0,1080.515227,1080.515227,,,,0,1059.313181199073,1.0200148984995427
Blackwarrior,2024,Blackwarrior_2024_1,2,244.2606996,0.000183892,0.000167615,688,420519.1304,3601056.803,25.96955235,0.320500364,0.967452609,False,1479.037283,,,,,,0.000167615,2.3019154154746877e-05,0.000167615,1.0,0.0,1234.776583,1479.037283,244.26069999999982,,,,0,244.26069964344347,0.999999999822143
Blackwarrior,2024,Blackwarrior_2024_10,6,1394.935234,0.00320187,0.00174199,743,425370.5875,3603252.753,24.37785727,0.207499538,0.953451531,False,13765.69492,,,,,,-0.0017420229999999999,0.00118213450901342,0.0017420229999999999,0.0,0.0,12692.97952,14087.91476,1394.9352399999989,,,,0,929.4941802209845,1.5007466035649177
Blackwarrior,2024,Blackwarrior_2024_11,8,1774.350176,0.006964471,0.002325224,748,425833.5202,3602710.966,24.17686286,0.370626086,0.953451531,False,14542.13471,,,,,,0.002325224,0.0026518049667845914,0.002325224,1.0,0.0,14249.16423,16023.5144,1774.3501699999997,,,,0,1324.8797991568867,1.339253702206904
Blackwarrior,2024,Blackwarrior_2024_12,1,0.0,3.71e-05,3.71e-05,754,426135.7924,3604437.589,23.00656979,0.191827827,0.953451531,False,16374.91206,,,,,,-3.71e-05,,3.71e-05,0.0,0.0,16374.91206,16374.91206,0.0,,,,0,0.0,
Blackwarrior,2024,Blackwarrior_2024_13,1,0.0,1.45e-06,1.45e-06,755,426106.8959,3604780.474,22.66539967,0.324328517,0.953451531,False,16719.01253,,,,,,1.45e-06,,1.45e-06,1.0,0.0,16719.01253,16719.01253,0.0,,,,0,0.0,
Blackwarrior,2024,Blackwarrior_2024_14,8,1068.562187,0.002889345,0.001781428,762,426571.4266,3605620.005,22.12465484,0.485299022,0.953451531,False,17829.51608,,,,,,-0.0017814275,0.0009714896706076851,0.0017814275,0.0,0.0,16922.44091,17991.0031,1068.5621900000006,,,,0,880.216257216926,1.2139768815206702
Blackwarrior,2024,Blackwarrior_2024_15,2,321.1799006,5.28e-05,5.23e-05,765,427110.9291,3605401.495,22.2066683,0.465698428,0.953451531,False,18414.72441,,,,,,5.225e-05,7.778174593052021e-07,5.225e-05,1.0,0.0,18093.54451,18414.72441,321.1798999999992,,,,0,321.1799006369524,0.9999999998849479
Blackwarrior,2024,Blackwarrior_2024_16,7,1017.58436,0.002689161,0.001198854,770,427752.3641,3604848.134,22.85472969,0.295730807,0.953451531,False,19303.31536,,,,,,-0.0011988539999999998,0.0008499819217673594,0.0011988539999999998,0.0,0.0,18618.35116,19635.93552,1017.5843600000007,,,,0,905.2756680135869,1.1240602127668446
Blackwarrior,2024,Blackwarrior_2024_17,11,1802.513065,0.006183755,0.001801792,778,427836.3622,3603661.755,23.98057377,0.187692281,0.953451531,False,20546.66354,,,,,,0.0018017916363636361,0.0016422435372849711,0.0018017916363636361,1.0,0.0,19838.34026,21640.85332,1802.5130599999975,,,,0,961.9643352996916,1.873783672487653
Blackwarrior,2024,Blackwarrior_2024_18,10,2235.6145,0.000800782,0.000471601,786,428930.0744,3604967.514,23.1281279,0.215371622,0.956356222,False,22438.1136,,,,,,-0.0004716014,0.0002591222986931932,0.0004716014,0.0,0.0,22014.80167,24250.41617,2235.6144999999997,,,,0,2131.5025101944093,1.0488444134161938
Blackwarrior,2024,Blackwarrior_2024_19,5,637.8897497,0.008392648,0.003126162,795,430801.821,3605889.583,22.93797864,0.227439722,0.960713259,False,24602.23433,,,,,,0.0031261620000000005,0.0032470447093664264,0.0031261620000000005,1.0,0.0,24473.82124,25111.71099,637.8897499999985,,,,0,501.83302297879135,1.2711195168337075
Blackwarrior,2024,Blackwarrior_2024_2,4,447.997791,0.004644363,0.002409599,690,420685.8406,3601371.522,25.54914765,0.246788024,0.967452609,False,1836.565645,,,,,,-0.002409599,0.002165255072683432,0.002409599,0.0,0.0,1715.065173,2163.062964,447.99779100000023,,,,0,363.4481055459029,1.2326320708897427
Blackwarrior,2024,Blackwarrior_2024_20,5,809.4152039,0.000681466,0.000368781,802,430193.3984,3607021.743,22.03201384,0.096440322,0.960713259,False,25930.23179,,,,,,-0.0003687814,0.00020141601082411498,0.0003687814,0.0,0.0,25344.26187,26153.67708,809.4152100000028,,,,0,802.0854501008527,1.009138370230037
Blackwarrior,2024,Blackwarrior_2024_21,2,147.7054085,0.000153362,0.000143949,805,430027.5114,3607570.583,21.33054969,0.14108991,0.960713259,False,26503.72718,,,,,,0.0001439485,1.3312699369399142e-05,0.0001439485,1.0,0.0,26356.02177,26503.72718,147.7054100000023,,,,0,147.7054084728323,1.0000000001839318
Blackwarrior,2024,Blackwarrior_2024_22,3,681.9237919,0.000444551,0.000217747,808,429749.5868,3608425.222,20.69188507,0.21143644,0.960713259,False,27403.22198,,,,,,-0.00021774700000000001,0.00020703402821034035,0.00021774700000000001,0.0,0.0,26721.29819,27403.22198,681.9237899999971,,,,0,681.12596941046,1.0011713288369117
Blackwarrior,2024,Blackwarrior_2024_23,10,1659.992193,0.009959156,0.001961524,810,429725.2278,3608642.166,19.88759475,0.227121464,0.955630049,False,27623.01866,,,,,,0.0019615235,0.0030932292152550164,0.0019615235,1.0,0.0,27574.61696,29234.60916,1659.9922000000006,,,,0,1511.5370237780874,1.098214709191078
Blackwarrior,2024,Blackwarrior_2024_24,2,294.0228331,0.000609296,0.000489226,819,428014.2063,3608329.138,19.79539373,0.124588729,0.953451531,False,29501.02287,,,,,,-0.0004892255,0.00016980532954091865,0.0004892255,0.0,0.0,29501.02287,29795.0457,294.02282999999807,,,,0,294.02283309336866,1.000000000022554
Blackwarrior,2024,Blackwarrior_2024_25,2,474.8046467,0.000200842,0.000181794,822,426979.8513,3608020.72,19.74844623,0.102056348,0.953451531,False,30585.25951,,,,,,0.000181794,2.693793993608274e-05,0.000181794,1.0,0.0,30110.45487,30585.25951,474.80463999999847,,,,0,474.80464671610747,0.9999999999660756
Blackwarrior,2024,Blackwarrior_2024_26,13,3432.982931,0.002288758,0.000526312,824,426501.4793,3607793.51,18.84844851,0.199508965,0.953451531,False,31115.29613,,,,,,-0.000526312,0.0005797791165826286,0.000526312,0.0,0.0,30933.78206,34366.76499,3432.982930000002,,,,0,3116.963143995816,1.1013870785135622
Blackwarrior,2024,Blackwarrior_2024_27,3,492.0013322,0.000820189,0.000554694,836,424191.5432,3610119.605,16.83655393,0.44899538,0.953451531,False,34678.94717,,,,,,0.000554694,0.00038056164877848636,0.000554694,1.0,0.0,34678.94717,35170.94851,492.00134000000253,,,,0,491.9736530899348,1.0000562613666226
Blackwarrior,2024,Blackwarrior_2024_28,7,1209.10291,0.002774026,0.001644242,840,423714.6717,3610925.714,15.95812028,0.224617724,0.953451531,False,35625.45877,,,,,,-0.0016442415714285716,0.0007552866247548802,0.0016442415714285716,0.0,0.0,35413.68149,36622.7844,1209.1029099999942,,,,0,953.8005133216019,1.267668546108567
Blackwarrior,2024,Blackwarrior_2024_29,6,1781.54997,0.000359098,0.000222646,851,426445.9521,3611528.818,16.06286441,0.126605548,0.953451531,False,38704.7238,,,,,,0.00022264633333333333,8.027067551146351e-05,0.00022264633333333333,1.0,0.0,36923.17383,38704.7238,1781.54997,,,,0,1769.7041175232082,1.006693690973252
Blackwarrior,2024,Blackwarrior_2024_3,3,454.5938923,0.00079951,0.000569926,694,421388.3219,3601219.892,25.6672977,0.528264177,0.967452609,False,2599.671079,,,,,,0.0005699263333333334,0.00020766318620866176,0.0005699263333333334,1.0,0.0,2391.990122,2846.584014,454.59389199999987,,,,0,447.6802000144333,1.0154433729375205
Blackwarrior,2024,Blackwarrior_2024_30,5,1083.415032,0.001673495,0.000712643,854,427369.4679,3611862.945,16.33206093,-0.012892436,0.953451531,False,39699.42187,,,,,,-0.0007126426,0.0006704436883149099,0.0007126426,0.0,0.0,39126.0928,40209.50783,1083.4150300000038,,,,0,1016.4827674962494,1.0658469249494658
Blackwarrior,2024,Blackwarrior_2024_31,3,651.6801804,0.000169841,8.27e-05,859,428695.4683,3611167.619,17.16814737,0.202905954,0.953451531,False,41204.41382,,,,,,8.2737e-05,8.183013709508251e-05,8.2737e-05,1.0,0.0,40552.73364,41204.41382,651.680180000003,,,,0,651.4401530370897,1.0003684565063902
Blackwarrior,2024,Blackwarrior_2024_32,1,0.0,1.88e-05,1.88e-05,860,428938.8053,3611083.155,17.61456579,0.34093772,0.953451531,False,41461.99306,,,,,,-1.88e-05,,1.88e-05,0.0,0.0,41461.99306,41461.99306,0.0,,,,0,0.0,
Blackwarrior,2024,Blackwarrior_2024_33,16,3975.859196,0.008124526,0.001822819,862,429269.9491,3610912.758,16.74480289,0.167020739,0.962536828,False,41835.91373,,,,,,0.0018228194375,0.002300647262198763,0.0018228194375,1.0,0.0,41713.51922,45689.37841,3975.8591899999956,,,,0,2725.4090047418363,1.4588119394492909
Blackwarrior,2024,Blackwarrior_2024_34,19,5375.575546,0.001380326,0.000632795,894,425696.8847,3614955.601,14.578625,0.0288221,0.953773281,False,51174.9784,,,,,,-0.0006327946842105263,0.00041022532547031765,0.0006327946842105263,0.0,0.0,45992.41986,51367.99541,5375.575550000001,,,,0,3728.934337516784,1.4415849300204537
Blackwarrior,2024,Blackwarrior_2024_35,6,1333.64448,0.001974545,0.000996898,900,426296.7026,3616296.561,12.13687318,0.060048275,0.953773281,False,52746.69366,,,,,,0.0009968975,0.0004876273657131026,0.0009968975,1.0,0.0,51585.50179,52919.14626,1333.6444699999993,,,,0,1222.4809476978717,1.0909327319263888
Blackwarrior,2024,Blackwarrior_2024_36,6,1786.616665,0.00143343,0.000570083,904,425630.5783,3617183.4,10.45488135,0.196678387,0.953773281,False,53859.27122,,,,,,-0.0005700833333333334,0.0005482470741057053,0.0005700833333333334,0.0,0.0,53215.31781,55001.93448,1786.616670000003,,,,0,1753.1773701749967,1.0190735377913676
Blackwarrior,2024,Blackwarrior_2024_37,10,3061.174284,0.007012956,0.001260335,912,425356.4128,3620094.696,8.17714116,0.091402178,0.953773281,False,56925.4029,,,,,,0.0012603345,0.002034402289266268,0.0012603345,1.0,0.0,55557.52386,58618.69815,3061.1742899999954,,,,0,1734.0069417104564,1.7653760261077165
Blackwarrior,2024,Blackwarrior_2024_38,15,5497.985386,0.002122275,0.000867938,918,423840.1202,3619228.555,6.738814306,-0.000667522,0.953773281,False,58819.34631,,,,,,-0.0008679384666666667,0.0006281179033427525,0.0008679384666666667,0.0,0.0,58819.34631,64317.3317,5497.985390000002,,,,0,2805.82040815625,1.9594929775326624
Blackwarrior,2024,Blackwarrior_2024_39,7,2918.422371,0.005550913,0.001178036,933,424254.2272,3621967.427,4.828243647,0.235842502,0.960640684,False,64666.31267,,,,,,0.0011780360000000001,0.0019617303509204998,0.0011780360000000001,1.0,0.0,64666.31267,67584.73504,2918.4223700000002,,,,0,2591.0470928265736,1.1263486407019692
Blackwarrior,2024,Blackwarrior_2024_4,10,2201.605702,0.006407465,0.001496107,703,423337.1702,3600301.434,26.23215223,0.389660617,0.967452609,False,4966.127307,,,,,,-0.0014961066999999999,0.0020823272484415682,0.0014961066999999999,0.0,0.0,3067.314458,5268.92018,2201.6057220000002,,,,0,1722.8135923073378,1.2779128930898573
Blackwarrior,2024,Blackwarrior_2024_40,2,427.2653211,2.56e-05,2.19e-05,940,423344.5651,3625134.778,2.566780126,0.014023553,0.977809191,False,68389.79967,,,,,,-2.185e-05,5.303300858899106e-06,2.185e-05,0.0,0.0,68389.79967,68817.06499,427.2653200000059,,,,0,427.26532107079055,1.0000000000683638
Blackwarrior,2024,Blackwarrior_2024_41,9,1692.615973,0.004949706,0.001597721,947,421861.734,3626063.235,1.432392182,-0.069287665,0.977809191,False,70243.7375,,,,,,0.001597721111111111,0.0015568368719362062,0.001597721111111111,1.0,0.0,69098.14867,70790.76464,1692.615969999999,,,,0,1105.5808756765887,1.530974359486962
Blackwarrior,2024,Blackwarrior_2024_42,7,1341.237558,0.006199592,0.001629508,953,421806.0807,3625026.726,1.911186394,0.029206805,0.977809191,False,71341.83115,,,,,,-0.0016295075714285714,0.0022113728678135568,0.0016295075714285714,0.0,0.0,70991.66793,72332.90549,1341.2375600000087,,,,0,1103.52190725547,1.2154154341491454
Blackwarrior,2024,Blackwarrior_2024_43,4,611.3137248,0.000629304,0.000483325,960,420084.8556,3624904.443,2.227668777,0.026390376,1.014048119,False,73079.1003,,,,,,0.00048332475,0.00013344934449039707,0.00048332475,1.0,0.0,72637.4869,73248.80063,611.3137299999944,,,,0,610.3508765598921,1.0015775323294935
Blackwarrior,2024,Blackwarrior_2024_44,7,1492.375991,0.01763092,0.003214164,967,418478.2526,3625186.935,2.964755444,-0.037544889,1.026127762,False,74869.4567,,,,,,-0.003214164,0.006396305723491257,0.003214164,0.0,0.0,73494.47887,74986.85486,1492.3759900000005,,,,0,1321.1233091808347,1.129626569018263
Blackwarrior,2024,Blackwarrior_2024_45,2,434.3899315,0.000291398,0.000240007,970,418821.9209,3626043.332,2.678092978,0.142668957,1.026127762,False,75799.59226,,,,,,0.000240007,7.267784918391573e-05,0.000240007,1.0,0.0,75365.20232,75799.59226,434.3899400000082,,,,0,434.38993154667446,0.9999999998925516
Blackwarrior,2024,Blackwarrior_2024_46,3,395.0271754,0.006035592,0.002589326,972,418913.585,3626464.197,2.274695497,0.156200445,1.026127762,False,76235.30617,,,,,,-0.002589326333333333,0.0030186794465385577,0.002589326333333333,0.0,0.0,76092.93702,76487.96419,395.0271700000012,,,,0,350.38101661616537,1.1274217399532906
Blackwarrior,2024,Blackwarrior_2024_47,3,602.9165775,0.001619744,0.000894448,975,420036.4915,3626373.664,1.318441398,0.042334081,1.026127762,False,77371.94344,,,,,,0.0008944483333333334,0.0007500074852095366,0.0008944483333333334,1.0,0.0,76996.74906,77599.66564,602.9165800000046,,,,0,594.2040898666769,1.0146624497910777
Blackwarrior,2024,Blackwarrior_2024_48,2,259.1553954,0.000827811,0.000551644,978,420757.3548,3626956.3,0.551921236,0.165883448,0.977809191,False,78323.26428,,,,,,-0.000551644,0.00039055911687989054,0.000551644,0.0,0.0,78064.10889,78323.26428,259.1553899999999,,,,0,259.15539540662496,0.9999999999744362
Blackwarrior,2024,Blackwarrior_2024_49,5,1192.914489,0.001002936,0.000478393,980,421339.283,3627169.748,0.652317313,0.306586141,0.977809191,False,78947.22574,,,,,,0.00047839279999999996,0.0003449271747205489,0.00047839279999999996,1.0,0.0,78686.95973,79879.87422,1192.9144899999956,,,,0,1157.080556787276,1.0309692631187406
Blackwarrior,2024,Blackwarrior_2024_5,4,604.8549523,0.002157347,0.001250522,707,422705.2179,3599742.652,27.28811381,0.18368632,0.967452609,False,5835.674541,,,,,,0.00125052225,0.00093332765192808,0.00125052225,1.0,0.0,5571.008253,6175.863206,604.854953,,,,0,565.6612699487838,1.0692882550625482
Blackwarrior,2024,Blackwarrior_2024_50,3,661.894497,0.00094504,0.000836853,985,422120.5283,3628387.743,1.771813767,0.198807411,0.977809191,False,80408.73026,,,,,,-0.0008368533333333334,0.00014205564901591673,0.0008368533333333334,0.0,0.0,80126.36326,80788.25775,661.894490000006,,,,0,650.0132656226237,1.0182784444652766
Blackwarrior,2024,Blackwarrior_2024_51,5,1298.171817,0.001378621,0.000851457,990,423387.4934,3629395.599,2.924939564,0.266480602,0.977809191,False,82134.01977,,,,,,0.0008514566000000001,0.0003645222677701597,0.0008514566000000001,1.0,0.0,81105.93275,82404.10457,1298.1718199999887,,,,0,1164.7787867243296,1.1145222009501112
Blackwarrior,2024,Blackwarrior_2024_52,3,334.5521426,0.003858747,0.002128507,993,423318.842,3630039.77,3.78986149,0.294611901,0.977809191,False,82786.6452,,,,,,-0.002128506666666667,0.0015186551252513961,0.002128506666666667,0.0,0.0,82607.14734,82941.69948,334.5521399999998,,,,0,321.63132091721434,1.0401727718741405
Blackwarrior,2024,Blackwarrior_2024_53,4,614.6790799,0.005238452,0.002287011,997,423909.8207,3630567.523,4.431650919,0.493749627,0.977809191,False,83643.92239,,,,,,0.0022870110000000003,0.0023476668716702546,0.0022870110000000003,1.0,0.0,83231.79043,83846.46951,614.6790800000017,,,,0,502.9222555626624,1.2222149111542213
Blackwarrior,2024,Blackwarrior_2024_54,2,268.3418245,0.001556858,0.001310573,999,423472.8568,3631005.131,4.808441532,0.293833469,0.977809191,False,84266.14838,,,,,,-0.0013105725,0.000348300294315839,0.0013105725,0.0,0.0,84266.14838,84534.4902,268.34182000000146,,,,0,268.3418244633299,1.0000000001366545
Blackwarrior,2024,Blackwarrior_2024_55,2,249.9857578,0.002944942,0.001744644,1002,423658.5713,3631908.982,5.462869849,0.323986583,0.977809191,False,85206.26875,,,,,,0.001744644,0.0016974777104893013,0.001744644,1.0,0.0,84956.283,85206.26875,249.9857500000071,,,,0,249.98575784071468,0.999999999837132
Blackwarrior,2024,Blackwarrior_2024_56,3,484.1502008,0.002553619,0.001248227,1004,423294.6257,3632325.383,5.823090502,0.297939269,0.977809191,False,85762.62744,,,,,,-0.001248227,0.0012457574165177585,0.001248227,0.0,0.0,85462.71031,85946.86051,484.1502000000037,,,,0,447.70756332224227,1.081398306535929
Blackwarrior,2024,Blackwarrior_2024_57,4,1251.532913,0.002230089,0.000784811,1007,423552.094,3633106.271,6.683532172,0.153860577,0.977809191,False,86586.86891,,,,,,0.0007848110000000001,0.0009808166909710159,0.0007848110000000001,1.0,0.0,86278.05552,87529.58843,1251.532910000009,,,,0,1029.1626257578337,1.2160691436675732
Blackwarrior,2024,Blackwarrior_2024_58,10,1717.606658,0.004224868,0.001756083,1018,422270.6871,3634766.083,7.506586722,0.274354307,0.977809191,False,89185.62282,,,,,,-0.0017560825999999997,0.0013377357037699686,0.0017560825999999997,0.0,0.0,87806.73908,89524.34574,1717.606660000005,,,,0,1113.511437303063,1.5425137097469444
Blackwarrior,2024,Blackwarrior_2024_59,6,991.1336314,0.005351865,0.002687951,1023,423252.1121,3634812.586,8.290281836,0.246199348,0.943063878,False,90208.96996,,,,,,0.002687950833333333,0.0016645491644327502,0.002687950833333333,1.0,0.0,89762.46162,90753.59525,991.1336299999966,,,,0,537.7634971032701,1.8430660257508449
Blackwarrior,2024,Blackwarrior_2024_6,1,0.0,4.62e-05,4.62e-05,710,422675.111,3599264.807,27.68459995,0.178471256,0.967452609,False,6317.454835,,,,,,-4.62e-05,,4.62e-05,0.0,0.0,6317.454835,6317.454835,0.0,,,,0,0.0,
Blackwarrior,2024,Blackwarrior_2024_60,8,1985.053805,0.004574742,0.001550333,1033,422156.2833,3636577.035,9.148347025,0.131010196,0.908318565,False,92749.09446,,,,,,-0.0015503325,0.0013857256809101863,0.0015503325,0.0,0.0,90950.66521,92935.71902,1985.0538099999976,,,,0,1449.374237348437,1.3695936866047544
Blackwarrior,2024,Blackwarrior_2024_61,4,1152.655849,0.001210539,0.000602083,1038,423262.0813,3636762.408,10.02311145,0.262850304,0.908318565,False,93960.77905,,,,,,0.0006020824999999999,0.0006597684287680034,0.0006020824999999999,1.0,0.0,93239.75739,94392.41324,1152.6558499999956,,,,0,817.322994825069,1.4102819280726366
Blackwarrior,2024,Blackwarrior_2024_62,6,1530.397119,0.007074815,0.001889961,1043,423153.4441,3638468.587,11.46552245,0.199188245,0.908318565,False,95702.98125,,,,,,-0.0018899613333333333,0.002618376185813923,0.0018899613333333333,0.0,0.0,94688.92687,96219.32399,1530.3971200000087,,,,0,1020.5506128154433,1.499579834436646
Blackwarrior,2024,Blackwarrior_2024_63,8,1734.143129,0.006059019,0.001901258,1047,424046.7599,3637981.088,11.94257085,0.216067537,0.908318565,False,96765.66676,,,,,,0.00190125775,0.002064857617560781,0.00190125775,1.0,0.0,96529.00728,98263.15041,1734.1431299999967,,,,0,1006.6533835194217,1.7226814685082144
Blackwarrior,2024,Blackwarrior_2024_64,7,906.6972691,0.007612517,0.003550304,1055,423363.4242,3639334.22,12.76186682,0.11100597,0.908318565,False,98659.64614,,,,,,-0.003550304285714286,0.002638371587152115,0.003550304285714286,0.0,0.0,98497.9086,99404.60587,906.6972700000042,,,,0,386.9018948341022,2.343481076743701
Blackwarrior,2024,Blackwarrior_2024_65,7,1147.016296,0.005506499,0.002105074,1064,424551.6383,3639072.196,12.74876566,0.06394086,0.908318565,False,100244.5929,,,,,,0.002105073714285714,0.0017167411230066803,0.002105073714285714,1.0,0.0,99644.79174,100791.808,1147.016260000004,,,,0,725.8525219348909,1.5802332585997236
Blackwarrior,2024,Blackwarrior_2024_7,11,1652.441293,0.007403485,0.002038669,718,423190.3694,3598147.081,28.49748906,0.40004774,0.967452609,False,7706.953434,,,,,,0.0020386685454545452,0.002556206937502062,0.0020386685454545452,1.0,0.0,6528.525698,8180.966991,1652.4412929999999,,,,0,1028.6090561925994,1.6064813770126798
Blackwarrior,2024,Blackwarrior_2024_8,4,847.9588957,0.000408742,0.000336353,724,423911.0516,3599151.198,28.0232868,0.214115596,0.967452609,False,8983.530241,,,,,,-0.00033635325,8.899158573473863e-05,0.00033635325,0.0,0.0,8395.611916,9243.570811,847.9588949999998,,,,0,843.7490689487324,1.0049894298034756
Blackwarrior,2024,Blackwarrior_2024_9,11,2905.637766,0.000872878,0.000384275,728,424761.79,3599979.735,26.3778961,0.252300551,0.964906958,False,10173.18198,,,,,,0.00038427499999999995,0.00025995610554668645,0.00038427499999999995,1.0,0.0,9606.783402,12512.42117,2905.6377680000005,,,,0,2719.942123680613,1.0682719094287583
Cahaba,2000,Cahaba_2000_0,6,304.9883283,0.001512223,0.001137559,1070,491144.7781,3575993.223,,-0.116840978,1.245536715,True,304.9883283,3.1011659826666667,3.60890043,1.2654796219414195,3.1011659826666667,4.192085969,-0.001137559,0.0005139232807125981,0.001137559,0.0,1.0,0.0,304.9883283,304.9883283,0.0,0.23725898141672594,0.23725898141672594,6,302.794585519538,1.0072449868173765
Cahaba,2000,Cahaba_2000_1,8,537.830615,0.001436779,0.000915269,1074,491289.494,3576683.541,,-0.38985998,1.245536715,True,1026.4574,-1.45242862525,-1.3794993715000001,3.7849967240883142,3.2736053372500002,6.145668305,0.000915269,0.0005654512786423652,0.000915269,1.0,0.5,488.626785,1026.4574,537.8306150000001,100.0,0.6413874664708963,0.6413874664708963,6,524.9200914348623,1.0245952170164545
Cahaba,2000,Cahaba_2000_10,10,349.0836073,0.004345824,0.002066842,1141,487414.8739,3578625.036,,0.706386085,1.245536715,True,10785.77018,-1.9972652932,-1.009517037,2.192922396115289,1.9972652932,6.135490127,-0.0020668418,0.0017375255399037896,0.0020668418,0.0,0.0,10511.14636,10860.22997,349.0836099999997,100.0,0.9375975414120674,-0.9375975414120674,6,328.76180417594145,1.0618131512418123
Cahaba,2000,Cahaba_2000_11,4,148.7829191,0.000379165,0.000226733,1143,487193.0881,3578760.428,,0.769333215,1.245536715,True,11045.64389,-3.366273585,-3.366273585,0.0234955902114216,3.366273585,3.386621363,0.0002267325,0.00017601388981649524,0.0002267325,1.0,0.0,11045.64389,11194.4268,148.7829099999999,,,,0,148.78291914426418,0.9999999997024914
Cahaba,2000,Cahaba_2000_12,16,451.8320625,0.020395734,0.00760944,1148,486781.6238,3579044.762,,0.037350782,1.245536715,True,11585.53858,-0.351801496375,-0.7977712345000001,2.007193430661341,1.706240912375,3.994553986,-0.007609439625,0.006973679492009001,0.007609439625,0.0,0.375,11383.64051,11835.47257,451.83206000000064,200.0,0.9887946099987145,0.9887946099987145,10,194.02272894504932,2.3287584138040183
Cahaba,2000,Cahaba_2000_13,10,290.9860896,0.006567158,0.002897585,1155,487262.2794,3578953.349,,0.411052056,1.245536715,True,12094.49927,0.6848551106,0.863688956,1.9411402282799135,1.7376516006,2.945940823,0.0028975850000000003,0.0029335711168343007,0.0028975850000000003,1.0,0.6,11920.84996,12211.83605,290.98609000000033,0.0,0.890885188116886,-0.890885188116886,10,270.1544996170892,1.0771099130772837
Cahaba,2000,Cahaba_2000_14,10,577.7251163,0.001852299,0.00086096,1161,487903.9235,3579251.329,,0.01013955,1.236565386,True,12807.18954,0.9322236960000001,0.760298066,3.401038037955822,2.4915032728,6.882742375,-0.0008609601999999999,0.0005235020013186407,0.0008609601999999999,0.0,0.6,12313.61811,12891.34323,577.725120000001,200.0,0.9999982544091529,-0.9999982544091529,6,568.1510481159754,1.0168512725898733
Cahaba,2000,Cahaba_2000_15,28,1350.954007,0.017625254,0.002674109,1164,488152.8185,3579263.628,,0.048452993,1.223108392,True,13057.96113,-1.4163536484285715,-2.2158887235,2.670885338580288,2.7116380325714284,5.601470561,0.002674109285714286,0.004348586309857193,0.002674109285714286,1.0,0.21428571428571427,13000.41205,14351.36605,1350.9539999999997,1050.0,0.9330557975520559,0.9330557975520559,6,1008.4607656578761,1.3396197978199937
Cahaba,2000,Cahaba_2000_16,16,575.6202056,0.007563394,0.002252708,1180,487347.6405,3580322.436,,0.001508468,1.223108392,True,14721.37235,-0.031557275625000006,-0.066027036,1.0354952381174174,0.857815723375,1.574442746,-0.0022527082500000003,0.0023585743586168177,0.0022527082500000003,0.0,0.5,14469.95008,15045.57029,575.6202099999991,50.0,0.6904240937536703,-0.6904240937536703,14,504.2104215974409,1.1416269496697795
Cahaba,2000,Cahaba_2000_17,8,326.3598753,0.003891881,0.00224448,1186,487345.2725,3580888.374,,0.237632938,1.223108392,True,15294.11781,-0.5578596965,-0.5797637085,1.1277213970457696,1.0302199675,2.016631911,0.00224448,0.0014271397136502487,0.00224448,1.0,0.25,15179.08438,15505.44425,326.3598700000002,50.0,0.9739406291671184,0.9739406291671184,6,312.02652108467544,1.0459363331216158
Cahaba,2000,Cahaba_2000_18,22,971.3121383,0.006076195,0.002557507,1195,486850.1271,3581676.093,,0.063496951,1.223108392,True,16287.9903,0.044033391818181826,-0.978745465,2.518950966277103,2.103338545818182,4.620888259,-0.002557507090909091,0.002031141472812644,0.002557507090909091,0.0,0.36363636363636365,15659.4924,16630.80454,971.3121400000018,750.0,0.9999515490825484,0.9999515490825484,6,698.9199422642192,1.3897330431770765
Cahaba,2000,Cahaba_2000_19,8,194.7260885,0.011080382,0.004434469,1201,487368.5355,3581868.452,,0.707225088,1.223108392,True,16878.68401,-0.8876002585,-1.0561441569999999,2.659251334287889,2.4688946975,3.440572075,0.00443446925,0.004749197384776107,0.00443446925,1.0,0.5,16808.3724,17003.09849,194.7260900000001,0.0,0.17581736626708946,0.17581736626708946,8,180.00246245711912,1.0817968034542216
Cahaba,2000,Cahaba_2000_2,6,515.4429699,0.000586872,0.000517952,1076,491151.3252,3577091.067,,-0.519391891,1.245536715,True,1457.932484,-1.8395749123333334,-3.549032446,3.4765837589091126,3.5789898076666673,4.578814634,-0.0005179516666666666,7.358780611124828e-05,0.0005179516666666666,0.0,0.3333333333333333,1200.303414,1715.746384,515.4429700000001,0.0,0.6279014454370924,-0.6279014454370924,6,512.4342332864616,1.0058714590441042
Cahaba,2000,Cahaba_2000_20,6,331.5526172,0.002297319,0.001445303,1206,487731.9923,3582295.301,,-0.028634812,1.223108392,True,17451.50509,3.9185825556666667,2.126596658,3.7252467280899713,3.9185825556666667,8.679600587,-0.0014453026666666664,0.000752173304175219,0.0014453026666666664,0.0,1.0,17119.95248,17451.50509,331.5526099999988,0.0,0.7721181304739322,0.7721181304739322,6,323.61239910942174,1.0245361985895152
Cahaba,2000,Cahaba_2000_21,10,420.8390861,0.015987468,0.00470259,1209,487992.8471,3582421.8,,0.528947481,1.223108392,True,17748.77202,0.14419313159999997,0.773025394,3.7230058559624992,3.0761269427999998,5.197201906,0.0047025898,0.006201696494582875,0.0047025898,1.0,0.6,17565.7784,17986.61749,420.8390900000013,200.0,0.9569295386842459,0.9569295386842459,6,304.7315454382811,1.3810158232706982
Cahaba,2000,Cahaba_2000_22,6,332.2218828,0.003091403,0.001782318,1212,487807.9494,3582709.891,,-0.473924196,1.223108392,True,18098.93848,2.567518569666667,1.824961421,3.8601377608477927,3.453377479666667,7.206382653,-0.001782318,0.0013329562098460697,0.001782318,0.0,0.6666666666666666,18098.93848,18431.16036,332.22188000000097,0.0,0.7551807706892906,0.7551807706892906,6,321.3836731694056,1.0337235850337718
Cahaba,2000,Cahaba_2000_23,22,1429.691776,0.006855575,0.002105789,1223,487025.4878,3584012.028,,-0.183350552,1.223108392,True,19869.28357,2.008405289,2.674747092,3.3937025935251968,3.392206146454545,6.414227897,0.002105789181818182,0.002134568491714195,0.002105789181818182,1.0,0.8181818181818182,18678.81906,20108.51084,1429.6917799999974,1100.0,0.7808187167915134,-0.7808187167915134,6,1097.5644400316562,1.3026039509432032
Cahaba,2000,Cahaba_2000_24,34,1787.930874,0.004216539,0.001746281,1238,485644.7902,3583667.366,,0.225870456,1.222289333,True,21639.37742,0.4293579860588235,0.142130454,2.747957836199279,2.0972948560588236,7.60928357,-0.0017462814705882354,0.0011865093437120563,0.0017462814705882354,0.0,0.5294117647058824,20318.12151,22106.05238,1787.9308700000001,1550.0,0.9999999991462815,-0.9999999991462815,6,1241.2856628664597,1.440386308717359
Cahaba,2000,Cahaba_2000_25,4,287.9496383,5.66e-05,3.52e-05,1244,485847.8625,3584504.409,,-0.365052431,1.221367892,True,22534.1651,-3.413223845,-3.413223845,2.7051716586631804,3.413223845,5.755971223,3.52e-05,2.471059152131598e-05,3.52e-05,1.0,0.0,22246.21547,22534.1651,287.94962999999916,,,,0,287.9496382963933,1.0000000000125255
Cahaba,2000,Cahaba_2000_26,2,0.0,3.52e-05,3.52e-05,1245,485890.8842,3584622.077,,-0.66453152,1.223108392,True,22659.45128,-2.24708898,-2.24708898,0.0,2.24708898,2.24708898,-3.52e-05,0.0,3.52e-05,0.0,0.0,22659.45128,22659.45128,0.0,,,,0,0.0,
Cahaba,2000,Cahaba_2000_27,10,618.6468441,0.001852746,0.001052297,1249,486035.8463,3585311.246,,-0.183964346,1.223108392,True,23384.94732,0.05629582440000003,0.390081256,4.561103316748058,3.3144033164,7.640115779,0.001052297,0.0006504315565041755,0.001052297,1.0,0.6,22911.13835,23529.78519,618.6468399999976,150.0,0.9552329831500324,-0.9552329831500324,6,591.8393319320504,1.0452952528187622
Cahaba,2000,Cahaba_2000_28,2,0.0,9.43e-05,9.43e-05,1251,485911.1729,3585583.238,,-0.245532328,1.223108392,True,23684.29716,-1.122246316,-1.122246316,0.0,1.122246316,1.122246316,-9.43e-05,0.0,9.43e-05,0.0,0.0,23684.29716,23684.29716,0.0,,,,0,0.0,
Cahaba,2000,Cahaba_2000_29,20,916.5456527,0.007920525,0.003095895,1254,485742.4746,3585884.613,,0.383888974,1.221367892,True,24034.33675,-1.1588206652,-1.45370027,1.7697805190280635,1.8576131308000001,3.378192646,0.0030958952999999997,0.002509151840626337,0.0030958952999999997,1.0,0.2,23761.52403,24678.06968,916.54565,600.0,0.9399007164260993,0.9399007164260993,8,633.0473849457217,1.4478310383962583
Cahaba,2000,Cahaba_2000_3,24,1872.379626,0.012140862,0.002714683,1079,491159.6321,3577633.161,,-0.270674274,1.245536715,True,2002.004762,-1.6717906946666667,-1.475837436,2.818047158887009,2.619200445,6.646509099,0.0027146824999999997,0.0033535962977855258,0.0027146824999999997,1.0,0.25,1906.569878,3778.949504,1872.3796260000001,750.0,0.6665459400710179,-0.6665459400710179,14,1337.10559090403,1.4003229354041262
Cahaba,2000,Cahaba_2000_30,22,1085.460014,0.002567813,0.001330682,1267,484973.7019,3585173.78,,0.374003933,1.221367892,True,25222.52944,-2.2356678418181817,-2.884055319,1.8655210429014613,2.4861632465454546,5.073682698,-0.001330682,0.0007304731164287587,0.001330682,0.0,0.09090909090909091,24762.90685,25848.36687,1085.4600200000023,0.0,0.628964703632827,-0.628964703632827,22,978.2208393207671,1.1096267533553006
Cahaba,2000,Cahaba_2000_31,4,95.07035881,0.000893021,0.000681445,1274,484147.8273,3585128.408,,-0.15256097,1.221367892,True,26065.86148,0.9135302275,0.9135302275,1.4780479670762754,1.2800270875,2.193557315,0.0006814445,0.0002443074984583977,0.0006814445,1.0,0.5,25970.79112,26065.86148,95.07035999999789,,,,0,95.07035881384094,0.999999999959599
Cahaba,2000,Cahaba_2000_32,24,1214.257687,0.004805722,0.002391073,1278,483741.6401,3585164.071,,0.32816842,1.221367892,True,26482.16412,-0.8981228544166666,-0.893385121,1.640659841146582,1.5309332099166666,3.972621897,-0.0023910734166666665,0.001546258821408429,0.0023910734166666665,0.0,0.3333333333333333,26186.87915,27401.13684,1214.2576899999985,1000.0,0.9116296160691513,0.9116296160691513,6,655.3834645311975,1.8527438556426976
Cahaba,2000,Cahaba_2000_33,20,1285.95768,0.004975629,0.002017932,1288,484401.3636,3585798.299,,0.458037768,1.221367892,True,27644.66804,1.8010640616,1.818706425,1.9041911047538136,2.1891921088,5.216433733,0.0020179322999999997,0.00127011065339546,0.0020179322999999997,1.0,0.8,27582.60901,28868.56669,1285.9576799999995,550.0,0.8546132403922586,0.8546132403922586,12,970.655032133895,1.3248349180995243
Cahaba,2000,Cahaba_2000_34,10,419.0901675,0.004579356,0.00197392,1300,483643.5358,3586889.835,,0.609211751,1.221367892,True,29349.64108,-1.8338401908000002,-2.062136889,1.0811274589063757,1.8338401908000002,3.15129457,-0.0019739199999999997,0.001537268067664192,0.0019739199999999997,0.0,0.0,29028.37784,29447.46801,419.0901699999995,100.0,0.9423009205724885,-0.9423009205724885,6,399.43920559179264,1.0491963774038988
Cahaba,2000,Cahaba_2000_35,14,577.5322094,0.008785238,0.003157544,1305,483406.1678,3587364.047,,0.615077447,1.221367892,True,29900.90544,-1.4971378032857143,-0.98807265,2.43369552937423,1.7891773215714284,6.894587856,0.003157544142857143,0.002815942593131332,0.003157544142857143,1.0,0.2857142857142857,29617.87581,30195.40802,577.5322099999976,300.0,0.9437021279750294,-0.9437021279750294,6,423.68147516710974,1.3631283009770678
Cahaba,2000,Cahaba_2000_36,16,688.3028292,0.0085919,0.00393509,1313,482809.9954,3587147.407,,-0.035321855,1.221367892,True,30593.40289,-0.56670340325,-0.5815248345,0.9589608670667776,0.93938884125,1.883087242,-0.003935089625,0.0027983689738505387,0.003935089625,0.0,0.25,30290.68092,30978.98375,688.3028300000005,500.0,0.9463357513715692,0.9463357513715692,6,438.4275166415944,1.5699352870743137
Cahaba,2000,Cahaba_2000_37,10,282.412374,0.011505613,0.005976367,1319,482906.515,3587778.161,,0.056362189,1.221367892,True,31262.26786,-0.889609614,-1.113680285,1.1275270049509025,1.3446984836,1.884866468,0.0059763666,0.004012340097845789,0.0059763666,1.0,0.2,31084.91806,31367.33044,282.4123800000016,50.0,0.8916788994549794,-0.8916788994549794,6,229.5693041300937,1.2301835172177935
Cahaba,2000,Cahaba_2000_38,28,1764.298055,0.004385865,0.001813535,1333,482176.8406,3588856.747,,0.420463792,1.221367892,True,32908.21291,-0.2717666871428571,-0.1655952485,2.6835376450440656,2.4080471315714287,3.935619773,-0.001813534857142857,0.0012358874275053358,0.001813534857142857,0.0,0.5,31438.75801,33203.05607,1764.2980599999973,1400.0,0.9865084117558215,0.9865084117558215,6,1100.482167641333,1.6032045832977246
Cahaba,2000,Cahaba_2000_39,26,1806.120614,0.007234717,0.001852511,1337,482704.9789,3588832.292,,0.202829037,1.221367892,True,33463.38935,0.2964316024615385,1.179658001,2.7525488494026704,2.288073308923077,5.072820277,0.0018525114615384616,0.0017308943423212225,0.0018525114615384616,1.0,0.6153846153846154,33387.01635,35193.13696,1806.1206100000054,1600.0,0.9617255909425162,0.9617255909425162,6,1457.963268853553,1.238797062027643
Cahaba,2000,Cahaba_2000_4,34,2458.692379,0.010493774,0.002491442,1104,488445.7304,3576408.119,,0.23666594,1.245536715,True,6149.995681,-1.562947801882353,-2.110659695,2.9364979029541547,2.7025009065882353,8.734913466,-0.0024914421176470587,0.002669648314141609,0.0024914421176470587,0.0,0.29411764705882354,3937.510138,6396.202517,2458.6923789999996,700.0,0.7348411251836139,0.7348411251836139,22,1630.0338684511278,1.508368891338602
Cahaba,2000,Cahaba_2000_40,16,879.8108951,0.005262562,0.002798618,1350,482608.5751,3590324.849,,0.026898493,1.204098398,True,35359.7939,-1.469267739375,-1.567383409,2.412150112290772,2.369493206875,4.355050021,-0.00279861825,0.0014488912983751175,0.00279861825,0.0,0.25,35276.7438,36156.5547,879.810900000004,650.0,0.6636232368350848,-0.6636232368350848,6,693.1143358219774,1.2693589637799305
Cahaba,2000,Cahaba_2000_41,6,226.9681388,0.003856976,0.002330278,1358,483183.507,3591007.184,,0.933645589,1.1983419,True,36412.22347,1.7009845989999999,1.491911982,0.7924964627366815,1.7009845989999999,2.672861547,0.002330278,0.0013209651681475934,0.002330278,1.0,1.0,36274.01026,36500.9784,226.96813999999722,0.0,0.9896444938043232,0.9896444938043232,6,219.45356469483585,1.034242205705857
Cahaba,2000,Cahaba_2000_42,8,325.6124697,0.004120718,0.002509608,1363,483533.0839,3591434.859,,0.36234211,1.1983419,True,36982.75636,0.8010682855,1.178401061,1.3867701729499828,1.4518505595,2.149035568,-0.0025096084999999997,0.0013497277277788814,0.0025096084999999997,0.0,0.75,36657.14389,36982.75636,325.61247000000003,50.0,0.6951646040701572,0.6951646040701572,6,315.5176827934113,1.0319943618285203
Cahaba,2000,Cahaba_2000_43,4,98.81882395,0.00301145,0.001594853,1365,483764.5806,3591399.518,,0.101773633,1.1983419,True,37217.18206,0.536381352,0.536381352,1.7887251173356802,1.549081392,2.085462744,0.0015948525,0.0016357458959167018,0.0015948525,1.0,0.5,37118.36324,37217.18206,98.81882000000041,,,,0,98.81882395450133,0.9999999999544487
Cahaba,2000,Cahaba_2000_44,6,223.4319439,0.004480407,0.002259569,1367,483986.7105,3591459.725,,0.794832358,1.1983419,True,37448.27628,0.985438029,1.768885283,2.117031151875726,2.1013506129999997,2.86129768,-0.002259569,0.0017455691646183485,0.002259569,0.0,0.6666666666666666,37302.14962,37525.58157,223.4319500000056,0.0,0.11992701794945726,-0.11992701794945726,6,208.1904493534911,1.0732093839743342
Cahaba,2000,Cahaba_2000_45,12,565.4085288,0.009623898,0.003985058,1373,484622.8261,3591359.93,,0.363930403,1.1983419,True,38160.24768,0.41906163183333334,0.17863349200000006,2.4409950297165413,2.1127197678333336,3.619493076,0.0039850580000000005,0.002884028720829376,0.0039850580000000005,1.0,0.5,37669.45917,38234.86769,565.4085199999972,250.0,0.9974033440528536,0.9974033440528536,6,449.536966073824,1.25775758496165
Cahaba,2000,Cahaba_2000_46,14,918.14433,0.011208526,0.003374558,1379,484310.3848,3592093.11,,0.58452241,1.1983419,True,39021.44651,-1.4289206548571427,-1.890454171,1.4814054793482907,1.8587824322857143,2.986550513,-0.0033745575714285714,0.0037436792456033803,0.0033745575714285714,0.0,0.14285714285714285,38392.26629,39310.41062,918.1443300000028,450.0,0.885104384123003,-0.885104384123003,6,452.38251363364014,2.029575198707956
Cahaba,2000,Cahaba_2000_47,10,655.9003052,0.004184898,0.00297844,1384,485020.301,3591883.129,,1.211387442,1.1983419,True,39833.15026,2.2913992307999997,3.773693696,3.4631080048612017,3.9336085603999997,4.733109869,0.0029784398,0.001166655950137524,0.0029784398,1.0,0.8,39477.74393,40133.64423,655.9003000000012,50.0,0.8374702820724169,0.8374702820724169,8,499.9389023054517,1.3119609259758294
Cahaba,2000,Cahaba_2000_48,4,175.9592425,0.001296756,0.001077925,1387,485017.0027,3592310.161,,0.829509609,1.1983419,True,40310.53527,-1.6254197925,-1.6254197925,0.6525259040099236,1.6254197925,2.190523802,-0.001077925,0.00025268427351407,0.001077925,0.0,0.0,40310.53527,40486.49451,175.9592399999965,,,,0,175.95924253387375,0.9999999998074909
Cahaba,2000,Cahaba_2000_49,4,150.6926256,0.000806361,0.000666062,1390,485052.9279,3592858.658,,0.499355854,1.1983419,True,40866.74701,-5.4513764205,-5.4513764205,1.4148277846650585,5.4513764205,6.676653224,0.000666062,0.00016200333083407067,0.000666062,1.0,0.0,40716.05439,40866.74701,150.69262000000163,,,,0,150.69262555866203,1.00000000027432
Cahaba,2000,Cahaba_2000_5,18,1055.57872,0.012317734,0.003691429,1113,489131.1025,3577385.804,,0.177836053,1.245536715,True,7419.401375,1.0267032693333333,0.815055756,2.1925119833219178,1.8821064148888889,4.495152697,0.003691429333333333,0.0041414562616998276,0.003691429333333333,1.0,0.7777777777777778,6492.850893,7548.429612,1055.578719,650.0,0.6787130199062383,0.6787130199062383,6,895.5990009494569,1.17862873772854
Cahaba,2000,Cahaba_2000_50,6,383.5189755,0.000381233,0.000331811,1392,485017.3432,3593229.671,,0.242922199,1.1983419,True,41239.91592,4.983014628666667,4.965041427,0.6400480819004731,4.983014628666667,5.707427436,-0.0003318113333333333,6.037865091790862e-05,0.0003318113333333333,0.0,1.0,41030.18324,41413.70221,383.51897000000463,0.0,0.9278472647329069,-0.9278472647329069,6,383.296148598157,1.0005813439625155
Cahaba,2000,Cahaba_2000_51,10,521.8485693,0.002868564,0.001251349,1395,485042.8295,3593655.135,,0.35574163,1.1983419,True,41666.58584,1.966450631,1.814203813,1.1947923516810994,1.966450631,3.475565963,0.0012513490000000001,0.0010284893826492437,0.0012513490000000001,1.0,1.0,41570.4253,42092.27387,521.8485699999947,250.0,0.9695845400689344,0.9695845400689344,6,503.0353253801324,1.0373994488471576
Cahaba,2000,Cahaba_2000_52,4,138.6939976,0.000992174,0.000803326,1400,484610.3291,3594303.152,,0.587480617,1.1983419,True,42456.89359,-3.793317798,-3.793317798,0.22499050160484577,3.793317798,3.988165288,-0.000803326,0.00021806288727184482,0.000803326,0.0,0.0,42318.19959,42456.89359,138.69400000000314,,,,0,138.6939975986669,1.0000000000096116
Cahaba,2000,Cahaba_2000_53,4,107.9955326,0.003407265,0.002403678,1401,484584.6008,3594416.938,,-0.519193548,1.1983419,True,42573.55206,0.13911171899999997,0.13911171899999997,3.8174913559728596,3.306044493,3.445156212,0.0024036780000000002,0.0011588424492104178,0.0024036780000000002,1.0,0.5,42573.55206,42681.54759,107.99553000000014,,,,0,107.99553263501471,0.9999999996757764
Cahaba,2000,Cahaba_2000_54,4,129.8235958,0.003037882,0.002292465,1403,484386.6205,3594520.876,,0.724183996,1.1983419,True,42799.06388,-2.912261322,-2.912261322,1.736890577836221,2.912261322,4.416452686,-0.0022924645,0.0008607339885673158,0.0022924645,0.0,0.0,42799.06388,42928.88747,129.82358999999997,,,,0,129.8235958196753,0.9999999998484459
Cahaba,2000,Cahaba_2000_55,6,353.4627511,0.001300002,0.000703927,1406,484182.1804,3594940.236,,0.968109358,1.1983419,True,43272.10161,-0.9778230413333334,-2.189883742,2.206618264663506,2.2183812673333336,2.604422721,0.0007039273333333333,0.0004671905099253052,0.0007039273333333333,1.0,0.3333333333333333,43114.68829,43468.15104,353.4627499999988,0.0,0.28237406971890167,-0.28237406971890167,6,350.90553458049396,1.0072874784450554
Cahaba,2000,Cahaba_2000_56,4,152.4840631,0.000836909,0.000741304,1409,483806.5937,3595345.757,,0.342208028,1.1983419,True,43828.84868,-1.6811044890000002,-1.6811044890000002,3.761765477968463,3.2577844670000005,4.938888956,-0.000741304,0.00011039514497174837,0.000741304,0.0,0.5,43676.36461,43828.84868,152.4840700000059,,,,0,152.48406308137575,1.000000000122139
Cahaba,2000,Cahaba_2000_57,6,285.3798626,0.002587403,0.00138122,1411,483655.7321,3595586.751,,0.748384882,1.1983419,True,44116.62692,0.48163400966666664,-0.155002479,1.5160362318220322,1.120202899,2.402755363,0.0013812196666666667,0.0011292550449184926,0.0013812196666666667,1.0,0.3333333333333333,43993.71971,44279.09958,285.3798700000043,0.0,0.9194541245716652,0.9194541245716652,6,280.0858293302398,1.0189014677480102
Cahaba,2000,Cahaba_2000_58,4,153.91136,0.000924802,0.000864428,1413,483270.4339,3595743.844,,0.506362318,1.1983419,True,44533.1182,-1.504514962,-1.504514962,6.531323821775442,5.65629235,7.160807312,-0.000864428,6.971389030410892e-05,0.000864428,0.0,0.5,44533.1182,44687.02956,153.91136000000552,,,,0,153.91136000189616,0.9999999999876802
Cahaba,2000,Cahaba_2000_59,6,257.7125418,0.002146095,0.001252539,1416,482922.1173,3596063.417,,0.928163725,1.1983419,True,45007.93795,-0.28612771833333334,-0.89781103,2.5652369257814587,2.1783875416666665,2.838389735,0.0012525386666666666,0.0007058052757764472,0.0012525386666666666,1.0,0.3333333333333333,44867.09913,45124.81167,257.71254000000044,0.0,0.990108086488461,0.990108086488461,6,253.632728953182,1.0160855141355636
Cahaba,2000,Cahaba_2000_6,8,451.0807332,0.001835224,0.001133477,1118,488612.7919,3577425.214,,1.256571416,1.245536715,True,7962.745698,-2.66905660925,-2.58365511,1.6502685948820608,2.66905660925,4.518255874,-0.00113347725,0.0006636197623946907,0.00113347725,0.0,0.0,7655.979643,8107.060376,451.0807330000007,50.0,0.9697291453662528,0.9697291453662528,6,432.7946455355528,1.042251187377375
Cahaba,2000,Cahaba_2000_60,12,697.8646596,0.004054674,0.002073437,1419,482535.3322,3596162.505,,0.809323091,1.1983419,True,45407.26231,-0.44075919449999995,0.18275928149999998,3.240630901003392,2.3839361481666663,6.433157506,-0.0020734368333333334,0.00150206699301044,0.0020734368333333334,0.0,0.5,45274.64787,45972.51253,697.8646599999993,400.0,0.999963576673443,-0.999963576673443,6,595.3007233898697,1.172289285365037
Cahaba,2000,Cahaba_2000_61,2,0.0,0.000484046,0.000484046,1424,482522.0776,3596830.254,,-0.596799846,1.1983419,True,46124.24088,-0.448643781,-0.448643781,0.0,0.448643781,0.448643781,0.000484046,0.0,0.000484046,1.0,0.0,46124.24088,46124.24088,0.0,,,,0,0.0,
Cahaba,2000,Cahaba_2000_62,4,210.2248585,0.000921143,0.000567621,1426,482577.3824,3597210.402,,0.796877929,1.1983419,True,46509.85682,0.7210889380000001,0.7210889380000001,0.07908562000687898,0.7210889380000001,0.789579094,-0.0005676205,0.000408212621079179,0.0005676205,0.0,1.0,46299.63196,46509.85682,210.22486000000208,,,,0,210.22485849375985,1.0000000000296831
Cahaba,2000,Cahaba_2000_63,16,1069.115793,0.007202334,0.002782136,1429,482648.7794,3597512.148,,-0.0975031,1.1983419,True,46846.18977,-0.11315633650000001,0.25456723400000003,2.6890694343142973,2.305213833,4.655463526,0.002782136,0.0024375670106445077,0.002782136,1.0,0.5,46631.79526,47700.91105,1069.1157900000035,850.0,0.9977560942001561,-0.9977560942001561,6,838.0502345234619,1.2757180285355187
Cahaba,2000,Cahaba_2000_64,10,414.4949804,0.0131067,0.005578728,1436,481705.8677,3597437.497,,0.365464113,1.1983419,True,47939.99821,-1.2836315406,-0.807209777,2.624759794291641,2.3485717978,4.628247305,-0.005578728,0.004540224744183829,0.005578728,0.0,0.4,47855.92089,48270.41587,414.49497999999585,150.0,0.9996485861110548,0.9996485861110548,6,294.71550873936354,1.4064240533964074
Cahaba,2000,Cahaba_2000_65,6,261.5428737,0.00392206,0.002735385,1442,481776.0526,3598116.287,,0.195007726,1.1983419,True,48705.30839,1.3830173200000002,1.529279727,1.5665926570974236,1.674371656,3.056803737,0.0027353846666666667,0.00142231806964837,0.0027353846666666667,1.0,0.6666666666666666,48443.76551,48705.30839,261.5428800000009,0.0,0.7143774328755381,-0.7143774328755381,6,252.01780077662065,1.037795238645948
Cahaba,2000,Cahaba_2000_66,6,189.2309597,0.006403183,0.002535427,1444,481662.2349,3598264.814,,-0.069761435,1.1983419,True,48892.86924,-0.046888406999999965,-1.05398374,2.0084956961820617,1.730842795,2.525931582,-0.0025354273333333334,0.003014130892840101,0.0025354273333333334,0.0,0.3333333333333333,48815.44983,49004.68079,189.23096000000078,0.0,0.5127786395914865,0.5127786395914865,6,169.43726879235464,1.1168201721423079
Cahaba,2000,Cahaba_2000_67,4,61.11340908,0.003319453,0.002919649,1446,481711.8993,3598545.412,,-0.586549654,1.1983419,True,49177.9068,2.6128680695,2.6128680695,0.7359547003065089,2.6128680695,3.250223536,0.002919649,0.00046165389404617815,0.002919649,1.0,1.0,49177.9068,49239.02021,61.11341000000539,,,,0,61.113409076997684,1.000000000049127
Cahaba,2000,Cahaba_2000_68,6,272.9592658,0.000614682,0.000273626,1449,481502.3724,3598869.129,,0.214807392,1.1983419,True,49564.11319,1.2881807293333334,3.662697953,3.7792473374710305,3.6816705620000003,3.792078984,-0.00027362566666666664,0.00026764652343915597,0.00027362566666666664,0.0,0.6666666666666666,49409.16456,49682.12382,272.95926000000327,0.0,0.3402596350841467,-0.3402596350841467,6,271.7938593515503,1.0042878321505504
Cahaba,2000,Cahaba_2000_69,10,329.131334,0.005407052,0.003321602,1453,481316.0004,3599179.735,,0.47707723,1.1983419,True,49930.33834,0.8435517786,1.200385631,2.0687430234639144,1.9710533202,3.226346788,0.003321602,0.0016326585839232348,0.003321602,1.0,0.6,49787.31994,50116.45128,329.1313399999999,150.0,0.9999544904108468,0.9999544904108468,6,298.5842170929045,1.1023065358394035
Cahaba,2000,Cahaba_2000_7,4,174.6993732,0.000584666,0.000549591,1120,488358.4377,3577597.651,,-0.490902468,1.245536715,True,8271.631948,-3.1492510585,-3.1492510585,1.478483753368861,3.1492510585,4.429655548,0.0005495904999999999,4.050169873392144e-05,0.0005495904999999999,1.0,0.0,8271.631948,8446.331321,174.69937299999947,,,,0,174.69937317547706,1.0000000001403722
Cahaba,2000,Cahaba_2000_70,10,328.6628044,0.025709694,0.00837506,1459,480840.881,3599290.904,,0.792423492,1.1983419,True,50486.53363,0.8301357425999999,0.991869581,1.5221331407964127,1.4655076674,2.928119973,-0.008375060200000001,0.009165202469542758,0.008375060200000001,0.0,0.8,50209.21717,50537.87998,328.66280999999435,0.0,0.1476513065641594,-0.1476513065641594,10,236.91224198349923,1.3872765782314076
Cahaba,2000,Cahaba_2000_71,4,159.853646,0.000966051,0.00088249,1462,481127.3786,3599445.239,,-0.056486272,1.1983419,True,50815.76636,0.6910164159999999,0.6910164159999999,3.4311965907868833,2.9715034129999998,3.662519829,0.0008824905,9.648735433723944e-05,0.0008824905,1.0,0.5,50655.91271,50815.76636,159.85365000000456,,,,0,159.8536460091512,0.9999999999427527
Cahaba,2000,Cahaba_2000_72,6,237.7180979,0.003984815,0.002938851,1464,481298.9104,3599594.375,,-0.217481907,1.1983419,True,51043.45328,12.085683282333335,12.87286968,5.304280329153216,12.085683282333335,17.58314181,-0.0029388506666666665,0.0011315301215555273,0.0029388506666666665,0.0,1.0,50921.24739,51158.96549,237.7181000000055,0.0,0.7757600450159959,-0.7757600450159959,6,218.7649068855995,1.0866372549611527
Cahaba,2000,Cahaba_2000_8,12,513.4946768,0.010849881,0.004363187,1126,487756.0669,3578046.0,,-0.207146256,1.245536715,True,9094.508624,-2.478596111166667,-2.7337751055000004,1.8410583821192041,2.478596111166667,5.414187753,-0.004363186666666667,0.0036337778056698,0.004363186666666667,0.0,0.0,8622.861078,9136.355755,513.4946770000006,100.0,0.9300540031496297,-0.9300540031496297,8,427.0615849524319,1.2023902287001427
Cahaba,2000,Cahaba_2000_9,20,1030.143221,0.022914731,0.004728267,1134,488131.9872,3578798.827,,0.019556491,1.245536715,True,10025.08731,0.35233591379999996,-0.043704942999999996,2.0297119524338334,1.6642446508,4.204775764,0.0047282665,0.007083725903395713,0.0047282665,1.0,0.5,9273.159361,10303.30258,1030.1432189999996,700.0,0.9332269023533376,0.9332269023533376,6,611.3423573677065,1.6850512786903062
Cahaba,2018,Cahaba_2018_0,6,407.1348688,0.001789601,0.001338691,1468,491154.1632,3576059.636,,-0.266669554,1.012017147,True,407.1348688,-1.1873312663333333,-1.473681662,5.005610670034565,4.218524443,6.635101902,-0.0013386910000000001,0.0005111385363644577,0.0013386910000000001,0.0,0.3333333333333333,0.0,407.1348688,407.1348688,0.0,0.943015350042779,-0.943015350042779,6,395.6734327252009,1.028966908381638
Cahaba,2018,Cahaba_2018_1,6,475.7157288,0.001286985,0.000942559,1470,491316.5646,3576496.914,,-0.207857545,1.012017147,True,874.7324474,-6.169972687666667,-8.761698113,6.787481178751595,7.753306021,12.12321995,0.0009425586666666668,0.00045402060052145946,0.0009425586666666668,1.0,0.3333333333333333,578.8451852,1054.560914,475.71572879999997,0.0,0.9467364559255905,-0.9467364559255905,6,464.7063576388287,1.023691027635408
Cahaba,2018,Cahaba_2018_10,14,497.3878986,0.002978086,0.001812551,1529,488813.5057,3577390.359,,-0.10521012,1.012017147,True,7852.739329,2.9925766752857146,4.719855446,6.749507315428103,6.7786455892857145,10.00511489,-0.0018125510000000001,0.0006960936678884973,0.0018125510000000001,0.0,0.7142857142857143,7810.81304,8308.200938,497.38789799999995,350.0,0.8716011876479398,-0.8716011876479398,6,477.9068062457163,1.0407633708072102
Cahaba,2018,Cahaba_2018_11,6,140.784887,0.002974334,0.001546158,1536,488281.4064,3577638.37,,-0.377637283,1.012017147,True,8462.076517,1.241504186,5.316368049,6.379454054949533,5.904294881333333,6.994186043,0.001546158,0.0012441145732630897,0.001546158,1.0,0.6666666666666666,8380.066039,8520.850926,140.7848869999998,0.0,0.8440755117638522,0.8440755117638522,6,139.8130924617712,1.0069506690762493
Cahaba,2018,Cahaba_2018_12,18,665.3066006,0.010770013,0.003801606,1543,487730.9967,3577948.532,,-0.216859002,1.012017147,True,9107.171208,-0.07265872655555548,-1.297412905,4.932298022401669,3.970010606333333,7.818409514,-0.0038016056666666668,0.0034673449158587172,0.0038016056666666668,0.0,0.4444444444444444,8639.018558,9304.325159,665.3066010000002,200.0,0.908459280717147,-0.908459280717147,10,491.77475239288606,1.3528685589545615
Cahaba,2018,Cahaba_2018_13,32,1172.713974,0.024934879,0.004072975,1556,488118.9313,3578803.63,,-0.181849944,1.012017147,True,10160.52178,-0.8031707151874999,0.638867964,6.298648964864461,5.1051496038124995,13.34940563,0.0040729751875,0.006193124400315107,0.0040729751875,1.0,0.5625,9358.393737,10531.10771,1172.713973,950.0,0.9027105476972708,0.9027105476972708,6,602.0117909413398,1.9479917032293967
Cahaba,2018,Cahaba_2018_14,16,390.929442,0.008044139,0.002708931,1567,487475.4879,3578603.161,,-0.233584623,1.012017147,True,10848.19024,5.07186791775,4.441603706,2.445839379430166,5.07186791775,9.276561084,-0.002708931,0.0024566502046290597,0.002708931,0.0,1.0,10604.47117,10995.40061,390.9294399999999,200.0,0.9960630817337102,0.9960630817337102,6,361.99311849158715,1.079936114888011
Cahaba,2018,Cahaba_2018_15,8,224.1689625,0.001372694,0.000896258,1573,487184.1857,3578759.342,,-0.430002149,1.012017147,True,11183.03291,5.41218235125,4.629934879,1.7580841909541978,5.41218235125,8.23984102,0.0008962577500000001,0.0003599206949159575,0.0008962577500000001,1.0,1.0,11047.25858,11271.42754,224.16896000000088,50.0,0.5499510667266451,-0.5499510667266451,6,222.86053168974573,1.0058710746148438
Cahaba,2018,Cahaba_2018_16,30,676.3629268,0.023024014,0.006040445,1584,486777.9237,3579029.744,,-0.314285645,1.012017147,True,11710.90047,0.2549991498666665,1.181203493,5.850109611314433,4.959544178133333,10.6631632,-0.006040444666666667,0.0065618544154948865,0.006040444666666667,0.0,0.5333333333333333,11329.62004,12005.98297,676.3629299999993,250.0,0.6556996806315181,-0.6556996806315181,22,212.74765286275903,3.1791792656641604
Cahaba,2018,Cahaba_2018_17,8,205.2204567,0.005455035,0.003059651,1592,487260.579,3578960.997,,0.393617705,1.012017147,True,12227.88207,-4.92040590475,-4.320013479,3.324835139807716,4.92040590475,9.666801585,0.0030596505,0.0016163363220421847,0.0030596505,1.0,0.0,12091.84704,12297.0675,205.22045999999864,0.0,0.6657369338831154,-0.6657369338831154,8,200.2602391174869,1.0247688587828117
Cahaba,2018,Cahaba_2018_18,12,534.8749991,0.002107712,0.000955984,1597,487713.9594,3579194.373,,-0.228272168,1.012704325,True,12741.08478,-3.57512719,-5.611320422,7.625773678959184,7.507531386666667,11.79721259,-0.0009559838333333334,0.0006971270207184539,0.0009559838333333334,0.0,0.16666666666666666,12413.89817,12948.77317,534.875,250.0,0.6659070947245435,0.6659070947245435,6,529.688069112742,1.0097924236729483
Cahaba,2018,Cahaba_2018_19,24,1395.875396,0.006154537,0.002088591,1603,488219.4199,3579339.589,,-0.213795866,1.015453039,True,13301.03736,-2.819285199,-4.52543133,7.191125684044979,6.6661504165,14.40115625,0.002088591,0.0018733094131183755,0.002088591,1.0,0.25,13023.5135,14419.3889,1395.8754000000008,1200.0,0.7255283623955762,0.7255283623955762,6,942.0531308603145,1.4817374416294755
Cahaba,2018,Cahaba_2018_2,6,387.8457772,0.000990666,0.000632381,1473,491141.953,3577131.747,,-0.479448763,1.012017147,True,1537.855101,-13.669626744333334,-12.70908936,4.693859587612835,13.669626744333334,19.33144185,-0.000632381,0.00032019274744940745,0.000632381,0.0,0.0,1293.590346,1681.436124,387.8457780000001,0.0,0.6320749583056996,0.6320749583056996,6,386.0732613689161,1.0045911385440136
Cahaba,2018,Cahaba_2018_20,16,575.0157139,0.007441161,0.002158707,1615,487353.4378,3580320.694,,-0.031188131,1.016140217,True,14837.04862,1.771872549375,3.9775491584999996,8.178847721294014,7.259737104625,13.36357261,-0.002158707125,0.002263751349583632,0.002158707125,0.0,0.625,14592.20552,15167.22124,575.0157200000012,350.0,0.9997079871908328,-0.9997079871908328,6,505.9941241774252,1.1364078878085404
Cahaba,2018,Cahaba_2018_21,8,361.6145488,0.004437908,0.002072078,1621,487347.9759,3580903.246,,-0.398292021,1.016140217,True,15428.42889,3.61389201025,2.6549265725,6.577487635528404,5.92955303875,11.83515641,0.00207207825,0.0018013067379465506,0.00207207825,1.0,0.5,15295.09179,15656.70634,361.61455000000024,100.0,0.9404538791262828,-0.9404538791262828,6,333.17755795151834,1.085350859233501
Cahaba,2018,Cahaba_2018_22,16,896.0784477,0.003737734,0.002403602,1629,486902.4028,3581743.624,,-0.345813228,1.016140217,True,16496.20059,0.019687956499999992,-0.31624877749999997,5.431512241652188,4.200367047,9.654002177,-0.0024036014999999997,0.0011918491025582055,0.0024036014999999997,0.0,0.5,15811.24098,16707.31943,896.0784499999991,550.0,0.9922933599597158,0.9922933599597158,6,672.1591560600732,1.3331343322799494
Cahaba,2018,Cahaba_2018_23,6,326.2870924,0.002927222,0.001696619,1633,487351.0756,3581862.151,,0.364676558,1.016140217,True,16973.08907,1.0215122863333335,-1.706309182,7.878348093867608,6.225808740333334,10.87098154,0.001696619,0.0009533333538975756,0.001696619,1.0,0.3333333333333333,16817.00697,17143.29406,326.2870900000016,0.0,0.7110771017072539,-0.7110771017072539,6,303.66314667450393,1.0745034291228848
Cahaba,2018,Cahaba_2018_24,6,224.640642,0.003904848,0.001567926,1636,487629.95,3582232.416,,0.284162226,1.016140217,True,17439.19059,-4.786918868333333,-9.092347945,9.678049545059233,9.802562788333333,12.79187454,-0.0015679256666666667,0.0018113467820006933,0.0015679256666666667,0.0,0.3333333333333333,17367.0539,17591.69454,224.64064000000144,0.0,0.9907958254442495,-0.9907958254442495,6,215.70862613135756,1.0414077824741381
Cahaba,2018,Cahaba_2018_25,6,217.7305948,0.014537959,0.00595046,1639,488000.4253,3582412.026,,-0.007440017,1.016140217,True,17853.80879,-3.080050502666667,-4.295873171,6.921538119049503,6.542989098,10.13868623,0.00595046,0.006678845908930853,0.00595046,1.0,0.3333333333333333,17763.58706,17981.31765,217.7305899999992,0.0,0.841824544773566,-0.841824544773566,6,170.5286936234481,1.2767974126441177
Cahaba,2018,Cahaba_2018_26,4,146.3766161,0.001987408,0.001608258,1641,487829.4847,3582690.172,,-0.506019595,1.016140217,True,18181.78199,3.200428262,3.200428262,2.3948016454679277,3.200428262,5.274387324,-0.001608258,0.0004378047091264931,0.001608258,0.0,1.0,18181.78199,18328.1586,146.37660999999935,,,,0,146.37661608971635,1.0000000000702547
Cahaba,2018,Cahaba_2018_27,20,1610.376293,0.006826659,0.001840666,1650,487093.0295,3584044.31,,0.531387566,1.016140217,True,19926.23068,-5.689645196900001,-4.9869231460000005,7.337399206915021,7.367772208300001,21.65478922,0.0018406664,0.0019389696804692949,0.0018406664,1.0,0.2,18651.88958,20262.26587,1610.3762900000002,1050.0,0.9615616493127576,0.9615616493127576,6,1171.0839331567277,1.3751160334504233
Cahaba,2018,Cahaba_2018_28,14,715.2098577,0.003436272,0.002002804,1654,486759.6747,3583568.044,,0.667410886,1.016140217,True,20550.67615,2.2972954941428574,2.930135564,4.849540119722836,4.315863422142857,11.11991781,-0.002002803857142857,0.00118508128392164,0.002002803857142857,0.0,0.7142857142857143,20447.04246,21162.25232,715.209859999999,400.0,0.9796220821674577,-0.9796220821674577,6,644.4247138149567,1.1098423793618954
Cahaba,2018,Cahaba_2018_29,4,118.9163542,0.000663358,0.000619896,1660,486098.8249,3583464.674,,0.216878546,1.016140217,True,21300.54056,-2.2245042515,-2.2245042515,8.682159722616564,7.5189708795,9.743475131,0.000619896,5.018559479903901e-05,0.000619896,1.0,0.5,21300.54056,21419.45691,118.91634999999951,,,,0,118.91635417388963,1.0000000002195693
Cahaba,2018,Cahaba_2018_3,16,812.3760832,0.012115058,0.003558132,1477,491137.852,3577651.588,,-0.412442962,1.012017147,True,2064.805422,1.1944868514999998,-2.990487558,7.519924498712874,5.8703132095,16.73105527,0.003558132,0.0037753081668770116,0.003558132,1.0,0.375,1894.963712,2707.339796,812.3760840000002,600.0,0.8090488577685631,-0.8090488577685631,6,639.6300745268013,1.2700717423285581
Cahaba,2018,Cahaba_2018_30,14,926.5694955,0.003771375,0.001702392,1663,485756.7504,3583569.123,,-0.110705777,0.966596472,True,21659.90046,-0.14191779100000015,-3.819890518,7.091418649072105,6.590063279285714,9.357112643,-0.0017023915714285715,0.0012752005778828986,0.0017023915714285715,0.0,0.42857142857142855,21572.2674,22498.8369,926.5694999999978,200.0,0.9852714786721234,-0.9852714786721234,10,798.080170525432,1.1609980171415293
Cahaba,2018,Cahaba_2018_31,2,0.0,2.63e-05,2.63e-05,1669,485837.2677,3584490.952,,-0.416319235,0.966596472,True,22678.17028,-13.76696815,-13.76696815,0.0,13.76696815,13.76696815,2.63e-05,0.0,2.63e-05,1.0,0.0,22678.17028,22678.17028,0.0,,,,0,0.0,
Cahaba,2018,Cahaba_2018_32,2,0.0,0.000209577,0.000209577,1670,485874.9891,3584589.828,,-0.453118824,0.966596472,True,22783.99734,-1.389571724,-1.389571724,0.0,1.389571724,1.389571724,-0.000209577,0.0,0.000209577,0.0,0.0,22783.99734,22783.99734,0.0,,,,0,0.0,
Cahaba,2018,Cahaba_2018_33,12,737.7954376,0.001666691,0.000995611,1673,486055.1227,3584981.804,,-0.398213006,1.016140217,True,23215.79323,0.5299293680000003,1.195864674,8.813632774607324,7.672307892,12.79316617,0.000995611,0.0005655744527225073,0.000995611,1.0,0.5,22949.57759,23687.37303,737.795439999998,200.0,0.9740317707679234,-0.9740317707679234,8,705.5003346353316,1.04577616959085
Cahaba,2018,Cahaba_2018_34,4,90.87672038,0.00031106,0.00016863,1677,485905.9737,3585566.052,,-0.472356203,0.991368345,True,23830.39512,5.6496774815,5.6496774815,16.512654277817802,14.3003780885,19.95005557,-0.00016863,0.0001644639976813568,0.00016863,0.0,0.5,23830.39512,23921.27184,90.8767200000002,,,,0,90.87672037820191,1.000000000019786
Cahaba,2018,Cahaba_2018_35,18,723.3226081,0.007498347,0.003449511,1682,485684.8531,3585907.608,,-0.070571314,0.966596472,True,24259.42323,-1.4881733436666664,-2.342449486,6.504218716815531,5.807134305888889,9.768210933,0.003449511111111111,0.0021471823176707626,0.003449511111111111,1.0,0.4444444444444444,24076.48772,24799.81033,723.3226099999993,500.0,0.6589467286863461,-0.6589467286863461,8,586.6871466172976,1.2328932247289053
Cahaba,2018,Cahaba_2018_36,24,1166.045212,0.002206988,0.001260124,1695,484811.5609,3585103.233,,-0.104317826,0.966596472,True,25558.01617,5.365905527083334,4.155742417,3.8883613856274146,5.365905527083334,12.33875447,-0.0012601236666666667,0.0007423340104834251,0.0012601236666666667,0.0,1.0,24904.22193,26070.26715,1166.04522,450.0,0.5025501198708868,0.5025501198708868,16,1038.57358644878,1.1227372111273184
Cahaba,2018,Cahaba_2018_37,4,64.42860048,0.001462823,0.001365303,1701,484142.9849,3585125.101,,-0.111986876,0.966596472,True,26233.67742,-5.7414227495,-5.7414227495,4.631585456930073,5.7414227495,9.752493415,0.001365303,0.0001126063965027446,0.001365303,1.0,0.0,26169.24882,26233.67742,64.42859999999928,,,,0,64.42860047555023,1.0000000000690652
Cahaba,2018,Cahaba_2018_38,28,1228.465842,0.006397105,0.00255066,1705,483736.7448,3585171.362,,0.342595658,0.966596472,True,26656.53527,2.603674911857143,2.9326794100000004,6.688044156028481,6.121038455571429,12.41926329,-0.002550659714285714,0.0015216656983066375,0.002550659714285714,0.0,0.5714285714285714,26339.17783,27567.64367,1228.4658400000008,700.0,0.7267844749080699,-0.7267844749080699,12,654.3226826431786,1.8774618007089914
Cahaba,2018,Cahaba_2018_39,30,1385.163308,0.005581072,0.00217319,1718,484369.2212,3585761.588,,0.234905606,0.966596472,True,27781.49836,-5.912768994533334,-7.18055345,5.054210843696522,7.0100506468,13.21292325,0.002173189733333333,0.0015414311485967198,0.002173189733333333,1.0,0.13333333333333333,27674.71785,29059.88115,1385.1633000000002,1150.0,0.813727929454151,-0.813727929454151,8,958.9179980473255,1.444506528004116
Cahaba,2018,Cahaba_2018_4,4,191.7737368,0.00036089,0.000292652,1484,490315.1939,3577264.566,,-0.416830501,1.012017147,True,3106.492805,5.408390876,5.408390876,1.7790690749569498,5.408390876,6.94910989,-0.00029265249999999997,7.879387798765415e-05,0.00029265249999999997,0.0,1.0,2914.719068,3106.492805,191.77373699999998,,,,0,191.77373675724263,1.0000000002229574
Cahaba,2018,Cahaba_2018_40,12,430.2188105,0.004358086,0.002050163,1735,483666.4813,3586866.126,,0.344478982,0.966596472,True,29521.66189,9.350093937833334,10.020018215,4.416898967338417,9.350093937833334,14.29512138,-0.0020501626666666667,0.0012648137473749272,0.0020501626666666667,0.0,1.0,29180.39913,29610.61794,430.2188099999985,200.0,0.6764304274632287,0.6764304274632287,6,416.30171788404743,1.0334303031145045
Cahaba,2018,Cahaba_2018_41,14,672.8041631,0.009460986,0.003190597,1740,483431.7211,3587347.617,,0.5436586,0.966596472,True,30071.46891,3.439374330714286,0.306105353,7.092350652056869,5.9253675341428576,15.34529923,0.0031905972857142854,0.0033759284351044805,0.0031905972857142854,1.0,0.5714285714285714,29711.85059,30384.65475,672.8041600000033,350.0,0.9931024192452417,0.9931024192452417,6,473.04535365868526,1.4222825737454468
Cahaba,2018,Cahaba_2018_42,16,651.3950706,0.010546166,0.004344747,1748,482804.3251,3587144.606,,-0.083651972,0.966596472,True,30798.6693,2.748894225375,3.2837975345,5.989576528481732,5.574534911125,12.19586255,-0.004344746625,0.003501671950015304,0.004344746625,0.0,0.625,30515.64749,31167.04256,651.3950700000023,500.0,0.99109121916873,-0.99109121916873,6,436.41964940747,1.4925887766153603
Cahaba,2018,Cahaba_2018_43,10,280.5037556,0.01396102,0.006007239,1754,482893.3557,3587805.296,,0.511905755,0.966596472,True,31490.4361,-2.0107632062,-1.713047572,5.479678898371102,4.9462430722,8.872902192,0.0060072392,0.005274238537584628,0.0060072392,1.0,0.4,31309.80201,31590.30576,280.50374999999985,50.0,0.30028151049104523,-0.30028151049104523,8,228.2831043022614,1.228753903874529
Cahaba,2018,Cahaba_2018_44,38,1761.993975,0.005378389,0.002044444,1772,482262.2653,3588914.476,,0.092105284,0.966596472,True,33202.8621,1.7938432903157895,2.69563362,7.082634437560766,6.161732585789474,16.92523347,-0.0020444436315789475,0.0014123237139225635,0.0020444436315789475,0.0,0.5789473684210527,31673.75325,33435.74722,1761.993969999996,1550.0,0.9915006396349704,0.9915006396349704,6,1085.9150999147325,1.6225890726985508
Cahaba,2018,Cahaba_2018_45,32,1436.668346,0.01137458,0.00213613,1778,482686.4977,3588828.459,,0.124498276,0.966596472,True,33655.90306,-3.2801350435,-3.5255733225,6.36077508555476,6.238221183875,14.28344856,0.00213613025,0.0027556098132841315,0.00213613025,1.0,0.1875,33537.2091,34973.87744,1436.6683399999965,1300.0,0.9958153151778938,0.9958153151778938,6,1154.6821133191531,1.2442111377912253
Cahaba,2018,Cahaba_2018_46,2,0.0,0.00184858,0.00184858,1792,482968.8648,3590002.148,,1.105684466,0.966596472,True,35053.10838,3.593188184,3.593188184,0.0,3.593188184,3.593188184,-0.00184858,0.0,0.00184858,0.0,1.0,35053.10838,35053.10838,0.0,,,,0,0.0,
Cahaba,2018,Cahaba_2018_47,12,324.1436095,0.009253527,0.00359437,1798,482759.9548,3590279.748,,-0.366377863,0.966596472,True,35420.45759,3.0198991119999996,3.883256371,6.1400658933146905,6.148162778333333,9.384790999,0.00359437,0.0027952659457221272,0.00359437,1.0,0.8333333333333334,35096.31398,35420.45759,324.14360999999917,50.0,0.25727354340366837,0.25727354340366837,8,308.2492216137402,1.0515634323520748
Cahaba,2018,Cahaba_2018_48,22,946.7323975,0.006389994,0.003267783,1804,482544.4242,3590516.069,,-0.067141094,1.002767396,True,35781.60457,1.5880974103636363,0.56067971,6.2228453970248,5.371994302363636,12.72604666,-0.0032677827272727276,0.0020535297880654225,0.0032677827272727276,0.0,0.5454545454545454,35455.25489,36401.98729,946.7324000000008,800.0,0.9881649512012726,-0.9881649512012726,6,695.2473932719217,1.3617201684778109
Cahaba,2018,Cahaba_2018_49,6,194.8518794,0.003991545,0.002815451,1811,483148.2491,3590982.981,,0.303362228,1.016331492,True,36598.912,-4.588984700666667,-3.515281153,2.380731649161007,4.588984700666667,7.619874265,0.002815451,0.0010225790348811186,0.002815451,1.0,0.0,36511.69646,36706.54833,194.8518699999986,0.0,0.7368358546822042,0.7368358546822042,6,191.1836035683732,1.0191871884573769
Cahaba,2018,Cahaba_2018_5,14,609.3865142,0.005941095,0.00228272,1487,490044.0594,3576895.156,,-0.376590368,1.012017147,True,3566.56248,1.3429591664285714,2.370048973,4.312134599383967,3.9447314367142856,6.376563037,0.0022827202857142854,0.0022473486963237857,0.0022827202857142854,1.0,0.7142857142857143,3281.134535,3890.52105,609.3865149999997,200.0,0.8984166752527549,0.8984166752527549,8,522.1895170749774,1.1669834308690317
Cahaba,2018,Cahaba_2018_50,14,511.3997941,0.009157001,0.002459995,1817,483478.9967,3591413.83,,0.015689651,1.016331492,True,37153.24075,-4.740396420857143,-4.776029872,2.1182488916253686,4.740396420857143,7.902081639,-0.0024599952857142855,0.00314347163847879,0.0024599952857142855,0.0,0.0,36803.93411,37315.3339,511.39978999999585,250.0,0.9197270537288907,0.9197270537288907,6,455.8908919489381,1.1217591821450101
Cahaba,2018,Cahaba_2018_51,4,86.08751892,0.004197117,0.002495463,1820,483695.5216,3591388.63,,-0.140530359,1.016331492,True,37380.52451,-2.350716887,-2.350716887,0.13796370115459083,2.350716887,2.470196957,0.0024954625,0.001964901367285476,0.0024954625,1.0,0.0,37380.52451,37466.61202,86.08750999999756,,,,0,86.08751891821574,1.000000000020726
Cahaba,2018,Cahaba_2018_52,8,317.4120017,0.004215716,0.002027938,1823,484011.0857,3591445.342,,0.740624991,1.016331492,True,37701.96611,-5.62174359075,-5.9007621345,1.2813506203532252,5.62174359075,6.983753227,-0.0020279382500000003,0.0016477176818977517,0.0020279382500000003,0.0,0.0,37579.24309,37896.65509,317.4119999999966,50.0,0.9642790592013234,0.9642790592013234,6,300.94971302385875,1.0547011276758924
Cahaba,2018,Cahaba_2018_53,18,628.0930052,0.01709107,0.005195113,1831,484594.6353,3591309.343,,-0.075734656,1.016331492,True,38340.42183,0.06525451922222228,-1.742949292,3.7064759550248216,3.4105260223333334,5.937574492,0.005195113222222222,0.005723223261234195,0.005195113222222222,1.0,0.4444444444444444,37954.68249,38582.7755,628.0930100000041,400.0,0.8926857667958684,-0.8926857667958684,8,370.6289718582831,1.694667856241317
Cahaba,2018,Cahaba_2018_54,22,931.5814664,0.016737907,0.004102898,1841,484311.9487,3592092.924,,0.472775216,1.016331492,True,39253.02009,-2.7832445359999998,-2.997740263,3.272298522545343,3.808511121636364,8.707671358,-0.004102897909090909,0.005011245494509826,0.004102897909090909,0.0,0.18181818181818182,38710.03401,39641.61548,931.5814699999974,550.0,0.7592769015510114,-0.7592769015510114,8,380.9940325257691,2.4451340096435525
Cahaba,2018,Cahaba_2018_55,18,700.1358103,0.007241157,0.003518445,1850,485084.8511,3591882.694,,0.179161635,1.016331492,True,40123.15024,-3.1368925086666666,-3.165630257,3.848883511774259,4.391939890222222,8.410110514,0.0035184452222222226,0.0019505950868357357,0.0035184452222222226,1.0,0.1111111111111111,39743.16756,40443.30337,700.1358099999998,500.0,0.6798266886352213,0.6798266886352213,6,460.68314934772474,1.5197773378325496
Cahaba,2018,Cahaba_2018_56,6,167.9546066,0.005807114,0.00268941,1856,484978.3725,3592364.805,,0.23350639,1.016331492,True,40645.90506,-0.08506684866666643,4.085063734,8.939873623497924,7.5749062113333325,11.48995959,-0.00268941,0.0024551934908952494,0.00268941,0.0,0.6666666666666666,40568.71383,40736.66844,167.95461000000068,0.0,0.5235073987115256,-0.5235073987115256,6,156.39559608048606,1.0739087980045507
Cahaba,2018,Cahaba_2018_57,10,351.1230779,0.001369569,0.000730964,1858,485031.8452,3592554.649,,-0.440465734,1.016331492,True,40843.32251,-1.2477724468000002,-1.921030052,6.6612627455649625,5.8159215644,8.381273321,0.0007309642,0.0004922541144650123,0.0007309642,1.0,0.4,40843.32251,41194.44559,351.12308000000485,100.0,0.7380418158127238,0.7380418158127238,8,349.8083377370375,1.003758458621849
Cahaba,2018,Cahaba_2018_58,6,531.3309144,0.000410791,0.000302733,1865,485029.9906,3593482.268,,0.416432733,1.016331492,True,41775.61957,7.579240326333334,1.076619764,14.851894919854594,10.772761903000001,26.45138358,-0.00030273299999999996,9.253286632110776e-05,0.00030273299999999996,0.0,0.6666666666666666,41244.28865,41775.61957,531.3309200000003,0.0,0.707856559885776,0.707856559885776,6,529.4874491264324,1.0034816033441567
Cahaba,2018,Cahaba_2018_59,8,447.968406,0.00177749,0.001367246,1867,485018.7547,3593787.772,,0.543116398,1.016331492,True,42089.40097,-5.940489998,-7.146179257,2.760468385744067,5.940489998,7.935837905,0.00136724575,0.0006739992454910465,0.00136724575,1.0,0.0,41907.20433,42355.17274,447.9684100000013,100.0,0.6966643594380949,0.6966643594380949,6,438.2814556511838,1.0221021223323803
Cahaba,2018,Cahaba_2018_6,30,1598.596934,0.004213524,0.00178746,1493,490283.2357,3576477.346,,-0.386937191,1.012017147,True,4060.22757,2.7209524547333337,4.208477592,7.527338443456553,7.120417739933333,13.47322392,-0.0017874604,0.001434243642197123,0.0017874604,0.0,0.7333333333333333,3959.828523,5558.425457,1598.5969340000001,1050.0,0.6736983258716497,-0.6736983258716497,14,1279.1182644298822,1.2497647625354744
Cahaba,2018,Cahaba_2018_60,4,136.1674462,0.002040442,0.001337113,1871,484628.727,3594242.051,,-0.662899991,1.016331492,True,42689.71838,0.087369044,0.087369044,0.5162499599275999,0.44708558,0.534454624,-0.001337113,0.0008121343749577406,0.001337113,0.0,0.5,42553.55094,42689.71838,136.16743999999744,,,,0,136.16744623301034,0.9999999997575754
Cahaba,2018,Cahaba_2018_61,4,88.59662764,0.005183174,0.003332338,1873,484566.0508,3594445.642,,0.380420386,1.016331492,True,42903.74546,-1.295055784,-1.295055784,1.786600471809164,1.547241395,2.842297179,0.003332338,0.0021371613256517,0.003332338,1.0,0.5,42815.14883,42903.74546,88.59663,,,,0,88.59662763887133,1.0000000000127394
Cahaba,2018,Cahaba_2018_62,6,242.5942151,0.005447725,0.002212789,1875,484317.5173,3594535.642,,-0.139122915,1.016331492,True,43168.07779,-2.3368923143333333,1.235621202,6.146855824450367,4.502929345666666,10.25973249,-0.0022127893333333333,0.002522861983036937,0.0022127893333333333,0.0,0.6666666666666666,43030.67737,43273.27159,242.59421999999904,0.0,0.4473061973488573,-0.4473061973488573,6,216.89107981206087,1.1185071110817986
Cahaba,2018,Cahaba_2018_63,6,284.5352729,0.00198935,0.001186002,1878,484161.9641,3594968.854,,0.010315763,1.016331492,True,43629.0782,-3.436041164,-4.613487253,8.490919191639291,7.829970618,12.28553042,0.0011860016666666669,0.0006856790100928179,0.0011860016666666669,1.0,0.3333333333333333,43478.24083,43762.7761,284.5352700000003,0.0,0.9998474739551846,0.9998474739551846,6,283.37972017710473,1.0040777537721226
Cahaba,2018,Cahaba_2018_64,6,256.5852834,0.001508591,0.000977204,1881,483859.0884,3595277.238,,0.564032943,1.016331492,True,44075.89211,5.458304600333332,7.400379992,6.332909212378727,7.051959327666666,11.3650159,-0.000977204,0.0004238025315799801,0.000977204,0.0,0.6666666666666666,43930.82672,44187.412,256.58527999999933,0.0,0.9990618348576308,0.9990618348576308,6,256.35251691786385,1.000907993746013
Cahaba,2018,Cahaba_2018_65,6,182.5950354,0.005256617,0.002734166,1884,483693.0424,3595577.483,,0.761575936,1.016331492,True,44420.83821,2.908827493666667,4.107656146,4.224554506440725,4.441003095,6.917089737,0.0027341656666666665,0.0020747974886634758,0.0027341656666666665,1.0,0.6666666666666666,44329.84245,44512.43748,182.59503000000404,0.0,0.12116279153536708,-0.12116279153536708,6,176.91979687800838,1.032078029831251
Cahaba,2018,Cahaba_2018_66,8,464.9882458,0.001056326,0.000769957,1887,483374.4463,3595695.798,,0.956224278,1.016331492,True,44764.22016,0.7122113682500002,0.4921820585000001,8.247036976704882,7.47107886825,10.31289651,-0.00076995725,0.00024678663216560755,0.00076995725,0.0,0.5,44633.64295,45098.6312,464.98825000000215,100.0,0.9994539461040386,-0.9994539461040386,6,458.8184705664835,1.0134470942852387
Cahaba,2018,Cahaba_2018_67,8,372.2648963,0.001917882,0.001154014,1891,482960.7175,3596039.49,,0.23581547,1.016331492,True,45303.67809,0.62387734275,1.2419010555,2.02260069650455,1.83325040875,2.430453392,0.00115401375,0.0006246175165534162,0.00115401375,1.0,0.75,45195.48865,45567.75355,372.26490000000194,100.0,0.9934813322626046,-0.9934813322626046,6,367.07588623220073,1.0141360690321042
Cahaba,2018,Cahaba_2018_68,14,549.7774211,0.005119844,0.002680769,1896,482464.0785,3596231.658,,0.567246174,1.016331492,True,45846.53503,-0.6053137051428568,-1.643715136,5.6830764188373895,4.60763198,9.595020184,-0.0026807687142857144,0.0014020948245134124,0.0026807687142857144,0.0,0.42857142857142855,45668.78296,46218.56038,549.7774200000058,300.0,0.8634099071694176,0.8634099071694176,8,504.45117689951803,1.0898525888651271
Cahaba,2018,Cahaba_2018_69,4,163.6926552,0.000550813,0.000403336,1902,482516.1577,3596834.314,,0.964635255,1.016331492,True,46474.50229,-5.8438450645,-5.8438450645,2.6679002999259547,5.8438450645,8.154314499,0.0004033355,0.00017029234864882612,0.0004033355,1.0,0.0,46310.80964,46474.50229,163.69264999999723,,,,0,163.69265515321968,1.0000000002857814
Cahaba,2018,Cahaba_2018_7,4,85.51697258,0.000178673,0.000130987,1507,488929.6624,3576191.056,,-0.517844206,1.012017147,True,5662.016119,-8.0064411255,-8.0064411255,6.135097390078976,8.0064411255,13.31959132,0.0001309865,5.506362722342216e-05,0.0001309865,1.0,0.0,5662.016119,5747.533092,85.51697299999978,,,,0,85.51697258063813,0.9999999999925381
Cahaba,2018,Cahaba_2018_70,4,192.9669813,0.000480659,0.000345797,1904,482584.2049,3597199.77,,-0.138226764,1.016331492,True,46846.84124,-5.857852587,-5.857852587,0.9482657026125871,5.857852587,6.679074775,-0.0003457965,0.00015572580135717179,0.0003457965,0.0,0.0,46653.87426,46846.84124,192.9669800000047,,,,0,192.96698134441093,0.9999999997698521
Cahaba,2018,Cahaba_2018_71,24,1111.28451,0.012213178,0.00315289,1907,482661.0754,3597522.903,,0.012772173,1.016331492,True,47192.89621,2.230126082,3.010155133,7.529473589587777,6.048155636166666,16.67480711,0.003152890166666667,0.0034425389296463163,0.003152890166666667,1.0,0.75,47020.85452,48132.13903,1111.2845099999977,850.0,0.8433210104518087,-0.8433210104518087,8,848.9626722838123,1.3089910148941062
Cahaba,2018,Cahaba_2018_72,16,431.6154816,0.012032208,0.006951117,1918,481765.1153,3597432.311,,0.23420626,1.016331492,True,48238.99012,1.7478786735,2.4886222695,3.376918189938691,3.33187342675,5.703255797,-0.006951117,0.0037052684611078484,0.006951117,0.0,0.75,48183.39236,48615.00784,431.6154800000004,250.0,0.8020043581566249,0.8020043581566249,8,274.7974517400709,1.5706677003987002
Cahaba,2018,Cahaba_2018_73,10,387.5811774,0.008251142,0.003767019,1929,481749.7385,3598188.201,,0.416543825,1.016331492,True,49144.19496,-7.3430677132,-6.182563454,5.65110525894196,7.3430677132,15.16975092,0.003767019,0.00270970119905047,0.003767019,1.0,0.0,48756.61379,49144.19496,387.58116999999766,50.0,0.6270715890636966,0.6270715890636966,8,369.7997967888723,1.048083803088944
Cahaba,2018,Cahaba_2018_74,6,166.0506208,0.011732785,0.005922054,1930,481673.6836,3598203.45,,0.205765552,1.016331492,True,49221.76351,1.364181452333333,2.771991393,4.865452842457404,4.458232398333333,5.961629383,-0.0059220543333333335,0.005058172075302249,0.0059220543333333335,0.0,0.6666666666666666,49221.76351,49387.81413,166.0506200000018,0.0,0.9621943185912623,-0.9621943185912623,6,161.07621146618638,1.0308823338253015
Cahaba,2018,Cahaba_2018_75,6,226.2980261,0.003976877,0.002360858,1934,481708.6421,3598579.129,,0.139887477,1.016331492,True,49606.72866,4.208854404999999,5.132145735,2.0669180950571007,4.208854404999999,5.915350307,0.002360857666666667,0.0014191120520216389,0.002360857666666667,1.0,1.0,49521.44814,49747.74617,226.2980299999981,0.0,0.7472172215112176,0.7472172215112176,6,216.36500511074692,1.0459086301140466
Cahaba,2018,Cahaba_2018_76,4,122.7094555,0.001400271,0.000877922,1937,481463.2392,3598919.908,,0.557346023,1.016331492,True,50027.05922,8.020300564500001,8.020300564500001,8.445588586129448,8.020300564500001,15.33439483,-0.0008779225,0.0006031560941715944,0.0008779225,0.0,1.0,49904.34977,50027.05922,122.70945000000211,,,,0,122.70945550859142,0.9999999999299857
Cahaba,2018,Cahaba_2018_77,10,350.0185045,0.00500283,0.003173483,1941,481246.8657,3599206.626,,0.193498865,1.016331492,True,50407.817,0.8906297132000003,1.896836141,4.351003787373592,3.7412227776,6.859862072,0.0031734833999999996,0.001670428194036966,0.0031734833999999996,1.0,0.6,50137.80825,50487.82675,350.0184999999983,150.0,0.6419017821684854,0.6419017821684854,6,316.911131962351,1.1044689479118144
Cahaba,2018,Cahaba_2018_78,16,486.5431876,0.014493802,0.006099388,1947,480856.9794,3599281.333,,0.297505225,1.016331492,True,50868.16338,3.2384515255,1.3938119795000001,5.784705252597717,4.471806137,15.32880061,-0.0060993875,0.005030308183423702,0.0060993875,0.0,0.75,50580.97154,51067.51472,486.5431800000006,300.0,0.8092187702153434,-0.8092187702153434,6,213.84573820365833,2.275206378612209
Cahaba,2018,Cahaba_2018_79,4,83.54754958,0.001244492,0.001031039,1951,481098.1705,3599394.437,,0.401953386,1.016331492,True,51141.95126,-15.63680641,-15.63680641,5.628451034691906,15.63680641,20.51118799,0.001031039,0.0002464742940186664,0.001031039,1.0,0.0,51141.95126,51225.49881,83.54754999999568,,,,0,83.54754957641745,1.0000000000428804
Cahaba,2018,Cahaba_2018_8,14,543.0107832,0.013304897,0.005243562,1512,488448.409,3576402.96,,0.149494612,1.012017147,True,6215.857235,0.5391830175714286,2.174727071,4.715554118046685,4.099607372714286,6.169424636,-0.005243561714285714,0.004855172688301851,0.005243561714285714,0.0,0.5714285714285714,5938.834938,6481.845721,543.0107829999997,300.0,0.9861006071948113,0.9861006071948113,6,324.6645569466385,1.6725286810079751
Cahaba,2018,Cahaba_2018_9,24,1113.506352,0.013392942,0.003673944,1524,489116.2588,3577413.154,,-0.43170529,1.012017147,True,7535.027384,-4.074082013833333,-4.660606453,4.939801352284668,5.6079507138333335,10.65156259,0.00367394425,0.004046732116164073,0.00367394425,1.0,0.25,6617.405363,7730.911715,1113.5063520000003,700.0,0.8687110640507351,0.8687110640507351,6,810.4876798397526,1.3738720275429228
Cahaba,2024,Cahaba_2024_0,3,397.0321237,0.001550016,0.0013145,1954,491124.9445,3575899.749,,0.586311992,1.012017147,False,199.2684282,,,,,,-0.0013144996666666665,0.00020830376606373045,0.0013144996666666665,0.0,0.0,0.0,397.0321237,397.0321237,,,,0,383.6480324924217,1.0348863804165154
Cahaba,2024,Cahaba_2024_1,4,584.0932119,0.001551729,0.00083104,1957,491291.9866,3576431.271,,-0.442274187,1.012017147,False,759.617238,,,,,,0.00083104025,0.0006792038001274605,0.00083104025,1.0,0.0,550.715776,1134.808988,584.093212,,,,0,567.0675814727184,1.0300239882926558
Cahaba,2024,Cahaba_2024_10,6,510.4114848,0.011424713,0.004193073,2006,487726.2046,3578026.714,,0.00211626,1.012017147,False,9045.678181,,,,,,-0.004193073166666666,0.004282917862758538,0.004193073166666666,0.0,0.0,8613.853294,9124.264779,510.4114849999987,,,,0,421.89200563898066,1.2098154930121305
Cahaba,2024,Cahaba_2024_11,7,986.472155,0.010075458,0.003070483,2012,488138.9486,3578802.513,,0.696017375,1.012017147,False,10001.37459,,,,,,0.003070482857142857,0.003384766943084434,0.003070482857142857,1.0,0.0,9254.801511,10241.27367,986.4721590000008,,,,0,639.0139111155889,1.5437412829993316
Cahaba,2024,Cahaba_2024_12,4,449.0073511,0.003257648,0.001461583,2017,487480.4348,3578625.602,,1.447917376,1.012017147,False,10696.53295,,,,,,-0.00146158275,0.0013236621037483786,0.00146158275,0.0,0.0,10372.99527,10822.00263,449.0073600000014,,,,0,430.39719008126673,1.0432395039921598
Cahaba,2024,Cahaba_2024_13,1,0.0,0.000386387,0.000386387,2019,487220.893,3578760.693,,0.68434274,1.012017147,False,10992.77081,,,,,,0.000386387,,0.000386387,1.0,0.0,10992.77081,10992.77081,0.0,,,,0,0.0,
Cahaba,2024,Cahaba_2024_14,6,642.4097738,0.019326393,0.005418536,2023,486769.4952,3579042.076,,1.361982918,1.012017147,False,11558.20277,,,,,,-0.0054185356666666675,0.007311114247947646,0.0054185356666666675,0.0,0.0,11146.14828,11788.55806,642.40978,,,,0,273.58003793412837,2.348160262901481
Cahaba,2024,Cahaba_2024_15,3,300.3828171,0.003395928,0.001554545,2027,487332.4734,3578989.489,,0.955504612,1.012017147,False,12159.1258,,,,,,0.001554545,0.0017010773886213994,0.001554545,1.0,0.0,11997.49954,12297.88236,300.3828199999989,,,,0,285.5240572584171,1.0520403078614662
Cahaba,2024,Cahaba_2024_16,2,220.3483807,0.000783426,0.000762956,2030,487857.7658,3579246.394,,0.744214502,1.014078682,False,12750.85016,,,,,,-0.0007629555,2.894965872855849e-05,0.0007629555,0.0,0.0,12530.50178,12750.85016,220.34837999999945,,,,0,220.3483806884164,1.0000000000525695
Cahaba,2024,Cahaba_2024_17,7,1187.438802,0.005367864,0.002300621,2032,488178.917,3579301.288,,0.347534243,1.016140217,False,13079.961,,,,,,0.0023006205714285713,0.0020549782759434754,0.0023006205714285713,1.0,0.0,12898.55422,14085.99302,1187.4388,,,,0,853.2523624652215,1.3916618977405995
Cahaba,2024,Cahaba_2024_18,4,574.5006092,0.003094545,0.001522567,2040,487371.3465,3580346.572,,0.455318891,1.016140217,False,14661.06098,,,,,,-0.0015225672500000001,0.0012563067619047442,0.0015225672500000001,0.0,0.0,14292.78224,14867.28285,574.5006099999991,,,,0,540.4001723192636,1.0631021946835912
Cahaba,2024,Cahaba_2024_19,3,285.9467406,0.003665231,0.001732362,2043,487332.8942,3580906.972,,0.350021446,1.016140217,False,15232.63775,,,,,,0.001732362,0.0018270588496616632,0.001732362,1.0,0.0,15075.75092,15361.69766,285.9467399999994,,,,0,279.31476738389364,1.0237437256834734
Cahaba,2024,Cahaba_2024_2,2,228.0517267,0.00076553,0.000575291,1960,491163.9918,3576978.674,,-0.457172047,1.012017147,False,1327.006699,,,,,,-0.0005752905000000001,0.00026903928099907643,0.0005752905000000001,0.0,0.0,1327.006699,1555.058426,228.05172700000003,,,,0,228.05172665316405,1.0000000002053742
Cahaba,2024,Cahaba_2024_20,7,1013.42927,0.004527158,0.002094106,2048,486832.15,3581653.883,,0.697098672,1.016140217,False,16173.70779,,,,,,-0.002094105714285714,0.001460928146101616,0.002094105714285714,0.0,0.0,15605.91503,16619.3443,1013.4292700000005,,,,0,703.5917348455198,1.4403655128531434
Cahaba,2024,Cahaba_2024_21,3,343.0754764,0.00448544,0.002208599,2052,487302.3191,3581860.066,,1.266609124,1.016140217,False,16730.24313,,,,,,0.0022085986666666667,0.002176017611781976,0.0022085986666666667,1.0,0.0,16730.24313,17073.31861,343.0754799999995,,,,0,324.9367233659701,1.0558224162727232
Cahaba,2024,Cahaba_2024_22,2,106.8691094,0.003081566,0.002256898,2055,487588.5116,3582208.581,,0.862178922,1.016140217,False,17200.05923,,,,,,-0.0022568980000000002,0.0011662566700550957,0.0022568980000000002,0.0,0.0,17200.05923,17306.92834,106.86910999999964,,,,0,106.86910940540663,0.9999999999494088
Cahaba,2024,Cahaba_2024_23,4,331.4089027,0.010191111,0.004114098,2059,487989.9946,3582492.462,,1.197260791,1.016140217,False,17713.98556,,,,,,0.0041140975,0.0044844904185381345,0.0041140975,1.0,0.0,17476.27823,17807.68713,331.40889999999854,,,,0,252.0244525523771,1.3149870948777274
Cahaba,2024,Cahaba_2024_24,3,378.5858399,0.002056032,0.001194417,2062,487757.6851,3582863.521,,-0.055448897,1.016140217,False,18155.71342,,,,,,-0.0011944173333333333,0.0010522429963945275,0.0011944173333333333,0.0,0.0,17977.05335,18355.63919,378.5858400000034,,,,0,366.8281978927984,1.0320521761269772
Cahaba,2024,Cahaba_2024_25,8,1350.759706,0.010142504,0.002493281,2069,487045.83,3584049.193,,0.438915799,1.016140217,False,19744.1164,,,,,,0.002493281375,0.0032320611406758,0.002493281375,1.0,0.0,18705.28909,20056.0488,1350.759710000002,,,,0,1043.33301319469,1.2946582624314438
Cahaba,2024,Cahaba_2024_26,7,661.8330771,0.004296513,0.001982092,2076,486531.3405,3583411.357,,0.593617571,1.016140217,False,20592.28785,,,,,,-0.0019820922857142855,0.0012310223301679943,0.0019820922857142855,0.0,0.0,20214.81695,20876.65003,661.8330800000003,,,,0,632.9550057132243,1.0456242088712695
Cahaba,2024,Cahaba_2024_27,2,157.6876712,0.000177493,9.97e-05,2080,485910.88,3583522.089,,1.335030557,1.016140217,False,21245.98172,,,,,,9.96965e-05,0.00011002086540515848,9.96965e-05,1.0,0.0,21088.29405,21245.98172,157.68766999999934,,,,0,157.68767117177595,1.000000000178987
Cahaba,2024,Cahaba_2024_28,6,700.0331878,0.003737403,0.002220707,2084,485581.3742,3583862.75,,0.530892461,0.966596472,False,21755.19325,,,,,,-0.002220706833333333,0.0012713691693621355,0.002220706833333333,0.0,0.0,21375.6632,22075.69639,700.0331900000019,,,,0,623.7752440540984,1.122252276717939
Cahaba,2024,Cahaba_2024_29,13,2330.434759,0.006632393,0.001636931,2095,485668.5841,3585925.297,,0.710396431,0.981840701,False,24038.87319,,,,,,0.0016369312307692309,0.0018823056376243807,0.0016369312307692309,1.0,0.0,22303.48338,24633.91814,2330.43476,,,,0,1328.3252487345092,1.7544157661839201
Cahaba,2024,Cahaba_2024_3,7,1033.093148,0.014046819,0.003345066,1963,491149.7583,3577618.173,,-0.319361539,1.012017147,False,1969.457065,,,,,,0.0033450664285714286,0.004941929755484317,0.0033450664285714286,1.0,0.0,1866.154703,2899.247851,1033.0931480000002,,,,0,768.8558050220036,1.3436760719657106
Cahaba,2024,Cahaba_2024_30,6,751.3810325,0.002357867,0.001471023,2101,485117.1099,3585316.118,,0.700614142,0.966596472,False,24940.35709,,,,,,-0.0014710226666666667,0.0007260261953741522,0.0014710226666666667,0.0,0.0,24807.90358,25559.28461,751.3810300000005,,,,0,699.3792784473891,1.0743541532543743
Cahaba,2024,Cahaba_2024_31,1,0.0,0.000168981,0.000168981,2106,484326.1255,3585125.488,,1.747874902,0.966596472,False,25809.38377,,,,,,0.000168981,,0.000168981,1.0,0.0,25809.38377,25809.38377,0.0,,,,0,0.0,
Cahaba,2024,Cahaba_2024_32,8,1154.032841,0.004754208,0.002209273,2109,483738.5384,3585189.756,,0.764144446,0.966596472,False,26405.56329,,,,,,-0.002209272875,0.0015348031504786753,0.002209272875,0.0,0.0,26006.26218,27160.29502,1154.0328399999999,,,,0,629.8798597720915,1.8321475486096062
Cahaba,2024,Cahaba_2024_33,8,1257.8052,0.002912144,0.001796532,2117,484548.3837,3585976.304,,0.967932192,0.966596472,False,27755.77023,,,,,,0.0017965315,0.0007426820310636694,0.0017965315,1.0,0.0,27343.75613,28601.56133,1257.8051999999989,,,,0,905.9584550301313,1.3883696244748516
Cahaba,2024,Cahaba_2024_34,3,513.2001425,0.001272336,0.001024784,2125,483613.3746,3586967.408,,1.209434133,0.966596472,False,29271.11495,,,,,,-0.0010247836666666666,0.00040648064413983264,0.0010247836666666666,0.0,0.0,28757.9148,29271.11495,513.2001500000006,,,,0,503.0878415061616,1.0201004678697139
Cahaba,2024,Cahaba_2024_35,3,279.0122594,0.007825195,0.003446532,2127,483453.5704,3587328.652,,-0.351318344,0.966596472,False,29670.55983,,,,,,0.003446532,0.003892746869875692,0.003446532,1.0,0.0,29515.98237,29794.99463,279.0122599999995,,,,0,256.81034012298744,1.0864525909135123
Cahaba,2024,Cahaba_2024_36,5,703.842629,0.004916081,0.002600321,2130,482958.9569,3587110.067,,1.212748737,0.966596472,False,30236.71902,,,,,,-0.0026003208,0.002153878100902811,0.0026003208,0.0,0.0,30070.15184,30773.99447,703.8426300000028,,,,0,440.0157465302216,1.5995850933749662
Cahaba,2024,Cahaba_2024_37,3,167.7184718,0.014229551,0.006482287,2135,482880.8782,3587810.964,,1.365010353,0.966596472,False,31074.24293,,,,,,0.006482286666666667,0.006865698881267393,0.006482286666666667,1.0,0.0,30963.38484,31131.10332,167.71847999999954,,,,0,148.1962537520992,1.1317321966893799
Cahaba,2024,Cahaba_2024_38,12,1670.567559,0.004308396,0.001979834,2144,482061.9839,3588698.164,,1.107610901,0.966596472,False,32478.14855,,,,,,-0.0019798343333333334,0.001271952180250881,0.0019798343333333334,0.0,0.0,31274.02484,32944.5924,1670.5675600000031,,,,0,1111.3367222183333,1.5032055772128083
Cahaba,2024,Cahaba_2024_39,13,1893.99672,0.010272549,0.001955016,2150,482635.4697,3588848.621,,0.78950994,0.966596472,False,33179.45187,,,,,,0.001955015923076923,0.002655295760139583,0.001955015923076923,1.0,0.0,33101.1163,34995.11302,1893.9967199999955,,,,0,1439.1359217143938,1.3160652106742954
Cahaba,2024,Cahaba_2024_4,1,0.0,0.0003842,0.0003842,1969,490315.4803,3577295.506,,1.848057993,1.012017147,False,3010.774248,,,,,,-0.0003842,,0.0003842,0.0,0.0,3010.774248,3010.774248,0.0,,,,0,0.0,
Cahaba,2024,Cahaba_2024_40,7,828.7627483,0.004868336,0.002621973,2162,482618.4546,3590324.834,,0.57857561,1.009226489,False,35114.39208,,,,,,-0.002621972857142857,0.0014917358109044676,0.002621972857142857,0.0,0.0,35114.39208,35943.15483,828.7627500000017,,,,0,698.2464120904891,1.1869201673643497
Cahaba,2024,Cahaba_2024_41,3,260.4462312,0.003464174,0.001840826,2170,483209.6508,3591046.109,,0.7310328,1.016331492,False,36238.09893,,,,,,0.0018408263333333334,0.0017260794723622471,0.0018408263333333334,1.0,0.0,36128.1513,36388.59753,260.4462300000014,,,,0,250.40918696320105,1.0400825718837303
Cahaba,2024,Cahaba_2024_42,4,244.0707359,0.007183486,0.003846857,2174,483473.2872,3591425.352,,0.684354619,1.016331492,False,36712.78607,,,,,,-0.0038468570000000004,0.0024317719035969088,0.0038468570000000004,0.0,0.0,36516.08385,36760.15459,244.07073999999557,,,,0,239.8849193861285,1.0174492691103012
Cahaba,2024,Cahaba_2024_43,3,167.0582081,0.002570087,0.001442758,2177,483692.0852,3591406.146,,1.771728838,1.016331492,False,36936.20382,,,,,,0.0014427583333333335,0.001182511015399152,0.0014427583333333335,1.0,0.0,36861.49301,37028.55121,167.0581999999995,,,,0,164.3594525127386,1.0164198380196736
Cahaba,2024,Cahaba_2024_44,4,341.0198108,0.003351552,0.001926169,2180,483957.3181,3591460.524,,1.039104236,1.016331492,False,37208.20859,,,,,,-0.00192616875,0.0013393819551801682,0.00192616875,0.0,0.0,37092.01834,37433.03815,341.01980999999796,,,,0,322.5388325953673,1.0572984594007555
Cahaba,2024,Cahaba_2024_45,8,660.8157248,0.013874963,0.004579812,2188,484603.8882,3591387.611,,0.393157348,1.016331492,False,37966.14696,,,,,,0.0045798115,0.00430435878996927,0.0045798115,1.0,0.0,37486.70914,38147.52486,660.8157199999987,,,,0,372.79084221116324,1.7726179132525157
Cahaba,2024,Cahaba_2024_46,10,894.8448235,0.011460864,0.003621637,2197,484323.2188,3592102.921,,0.231397224,1.016331492,False,38825.86152,,,,,,-0.0036216372999999997,0.003778337544317137,0.0036216372999999997,0.0,0.0,38268.18813,39163.03296,894.8448299999945,,,,0,393.87390352273803,2.271906860283627
Cahaba,2024,Cahaba_2024_47,6,544.1896637,0.007938767,0.003902936,2205,485100.8619,3591957.678,,0.585560164,1.016331492,False,39735.91523,,,,,,0.003902935833333333,0.0020174633811026574,0.003902935833333333,1.0,0.0,39267.01979,39811.20946,544.1896699999998,,,,0,455.2847878666533,1.1952731086183044
Cahaba,2024,Cahaba_2024_48,3,344.0502768,0.001413366,0.000732291,2208,485008.316,3592351.713,,-0.485262062,1.016331492,False,40149.16913,,,,,,-0.0007322906666666668,0.0005952884182111503,0.0007322906666666668,0.0,0.0,39995.26518,40339.31546,344.05027999999584,,,,0,338.6460669385616,1.0159582832610274
Cahaba,2024,Cahaba_2024_49,2,78.18857699,0.000976028,0.000665755,2210,485056.6712,3592766.887,,-0.48860791,1.016331492,False,40567.31668,,,,,,0.000665755,0.0004387922846381873,0.000665755,1.0,0.0,40567.31668,40645.50526,78.18857999999454,,,,0,78.18857698608555,1.0000000000500642
Cahaba,2024,Cahaba_2024_5,4,485.2818776,0.003240027,0.001976901,1972,490056.6662,3576877.325,,0.228187641,1.012017147,False,3514.942468,,,,,,0.00197690075,0.0012085847982408668,0.00197690075,1.0,0.0,3205.039894,3690.321771,485.2818769999999,,,,0,449.0219998620175,1.0807530093160802
Cahaba,2024,Cahaba_2024_50,2,193.2978882,0.001157096,0.000686142,2213,484995.7984,3593355.218,,0.010798833,1.016331492,False,41158.86295,,,,,,-0.0006861415,0.0006660302411606398,0.0006861415,0.0,0.0,40965.56506,41158.86295,193.29789000000164,,,,0,193.29788821951777,0.9999999998990274
Cahaba,2024,Cahaba_2024_51,6,650.8317987,0.002373258,0.001137366,2215,485051.5978,3593619.123,,-0.368959055,1.016331492,False,41429.06373,,,,,,0.0011373661666666667,0.0009369435291370375,0.0011373661666666667,1.0,0.0,41299.04332,41949.87512,650.8317999999999,,,,0,617.0304529785398,1.0547806766396923
Cahaba,2024,Cahaba_2024_52,2,137.2959912,0.001389988,0.001300582,2221,484627.4938,3594246.145,,0.1498133,1.016331492,False,42197.87789,,,,,,-0.0013005815,0.00012643988486431005,0.0013005815,0.0,0.0,42060.5819,42197.87789,137.295990000006,,,,0,137.29599123083435,0.999999999775417
Cahaba,2024,Cahaba_2024_53,2,112.2511433,0.004395001,0.002901084,2223,484550.3359,3594462.076,,0.604865052,1.016331492,False,42429.40159,,,,,,0.0029010835000000002,0.002112718389566508,0.0029010835000000002,1.0,0.0,42317.15045,42429.40159,112.2511400000003,,,,0,112.25114327896925,1.0000000001873544
Cahaba,2024,Cahaba_2024_54,3,304.3385675,0.003123863,0.001561,2225,484327.7467,3594548.084,,0.222574708,1.016331492,False,42668.19618,,,,,,-0.0015610003333333333,0.001412471430253134,0.0015610003333333333,0.0,0.0,42542.70689,42847.04546,304.3385699999999,,,,0,281.3109256230062,1.0818583274929532
Cahaba,2024,Cahaba_2024_55,2,149.4105335,0.001678072,0.001293344,2228,484103.4962,3595046.385,,-0.457189782,1.016331492,False,43217.53147,,,,,,0.0012933435,0.0005440882625314575,0.0012933435,1.0,0.0,43068.12093,43217.53147,149.4105400000044,,,,0,149.41053349252405,1.0000000000500364
Cahaba,2024,Cahaba_2024_56,2,178.9615015,0.000752043,0.000743445,2230,483867.0345,3595259.843,,0.184588448,1.016331492,False,43537.46332,,,,,,-0.0007434449999999999,1.2159408209283931e-05,0.0007434449999999999,0.0,0.0,43358.50182,43537.46332,178.9615000000049,,,,0,178.96150152567932,0.9999999998565092
Cahaba,2024,Cahaba_2024_57,3,252.9289847,0.003600179,0.001598827,2232,483715.6378,3595553.623,,1.009064339,1.016331492,False,43868.14262,,,,,,0.001598827,0.00175926875895896,0.001598827,1.0,0.0,43754.60194,44007.53093,252.92899000000034,,,,0,245.4759540989711,1.030361550598247
Cahaba,2024,Cahaba_2024_58,3,344.5442418,0.00098287,0.000733202,2235,483265.0851,3595767.862,,0.953550117,1.016331492,False,44369.90098,,,,,,-0.0007332016666666668,0.00031234403747203713,0.0007332016666666668,0.0,0.0,44192.40865,44536.95289,344.5442400000029,,,,0,343.73964579731853,1.0023407134222624
Cahaba,2024,Cahaba_2024_59,3,237.3798032,0.00226673,0.001423494,2238,482949.4258,3596050.376,,1.030905552,1.016331492,False,44796.60765,,,,,,0.0014234936666666666,0.0007719487951103577,0.0014234936666666666,1.0,0.0,44675.33063,44912.71044,237.37981000000582,,,,0,234.8145427544399,1.0109246233877547
Cahaba,2024,Cahaba_2024_6,15,2437.238986,0.011267185,0.002830349,1987,488461.3028,3576474.563,,-0.269642221,1.012017147,False,6177.731491,,,,,,-0.0028303488,0.0034257370008587977,0.0028303488,0.0,0.0,3814.102239,6251.341225,2437.2389860000003,,,,0,1661.1796196356993,1.467173662132029
Cahaba,2024,Cahaba_2024_60,6,691.23581,0.005259173,0.001964092,2242,482489.7904,3596201.848,,1.092228133,1.016331492,False,45282.37288,,,,,,-0.0019640923333333333,0.0017433985663817286,0.0019640923333333333,0.0,0.0,45028.67461,45719.91042,691.2358099999983,,,,0,593.1693470949673,1.1653262485415183
Cahaba,2024,Cahaba_2024_61,1,0.0,9.47e-05,9.47e-05,2246,482496.2949,3596814.202,,1.497790014,1.016331492,False,45922.64959,,,,,,9.47e-05,,9.47e-05,1.0,0.0,45922.64959,45922.64959,0.0,,,,0,0.0,
Cahaba,2024,Cahaba_2024_62,2,180.0173033,0.000398831,0.000261008,2248,482566.1965,3597149.463,,-0.344220569,1.016331492,False,46265.1929,,,,,,-0.0002610075,0.00019491186291372824,0.0002610075,0.0,0.0,46085.1756,46265.1929,180.01729999999952,,,,0,180.01730328230494,1.0000000000982965
Cahaba,2024,Cahaba_2024_63,7,1099.875505,0.00684913,0.002878158,2250,482684.7167,3597460.511,,0.259502987,1.016331492,False,46598.49521,,,,,,0.002878157714285714,0.002312809403292074,0.002878157714285714,1.0,0.0,46453.87923,47553.75473,1099.875500000002,,,,0,854.6364166276489,1.2869513673897162
Cahaba,2024,Cahaba_2024_64,4,311.9385839,0.008516349,0.006875477,2258,481598.0742,3597518.298,,0.360994426,1.016331492,False,47891.44148,,,,,,-0.006875477499999999,0.0014957298231375207,0.006875477499999999,0.0,0.0,47670.75134,47982.68992,311.93857999999454,,,,0,243.95747568762297,1.2786596640285945
Cahaba,2024,Cahaba_2024_65,3,464.0965228,0.00258446,0.001500375,2262,481766.2234,3598141.569,,0.647955813,1.016331492,False,48557.0085,,,,,,0.001500375,0.0009866153676387774,0.001500375,1.0,0.0,48092.91198,48557.0085,464.0965200000064,,,,0,451.81794172550923,1.0271759484087737
Cahaba,2024,Cahaba_2024_66,2,89.24820007,0.002037625,0.001555885,2263,481675.0599,3598251.123,,0.772494452,1.016331492,False,48699.5317,,,,,,-0.0015558845,0.000681283948644396,0.0015558845,0.0,0.0,48699.5317,48788.7799,89.24820000000182,,,,0,89.24820006585269,1.0000000000464695
Cahaba,2024,Cahaba_2024_67,2,174.067794,0.002243169,0.001563965,2265,481718.2286,3598539.206,,-0.291000863,1.016331492,False,49003.98192,,,,,,0.0015639645,0.000960540215524837,0.0015639645,1.0,0.0,49003.98192,49178.04972,174.06780000000435,,,,0,174.06779395552292,1.0000000002555158
Cahaba,2024,Cahaba_2024_68,1,0.0,5.71e-05,5.71e-05,2267,481467.7931,3598923.252,,0.288418835,1.016331492,False,49465.55594,,,,,,-5.71e-05,,5.71e-05,0.0,0.0,49465.55594,49465.55594,0.0,,,,0,0.0,
Cahaba,2024,Cahaba_2024_69,4,325.5709224,0.007954489,0.003144841,2270,481230.2474,3599221.918,,1.062918673,1.016331492,False,49862.3245,,,,,,0.00314484125,0.003329443678857313,0.00314484125,1.0,0.0,49615.57354,49941.14447,325.5709300000017,,,,0,298.8857245391932,1.0892822763681627
Cahaba,2024,Cahaba_2024_7,8,1181.659109,0.008484819,0.002368265,1995,489060.237,3577453.824,,0.922199202,1.012017147,False,7462.74042,,,,,,0.0023682645,0.0028055489281262383,0.0023682645,1.0,0.0,6420.090642,7601.74975,1181.6591079999998,,,,0,870.3601016277091,1.357666909121998
Cahaba,2024,Cahaba_2024_70,5,287.2131158,0.026172696,0.009311773,2275,480857.169,3599268.777,,0.360749208,1.016331492,False,50286.6595,,,,,,-0.009311772999999999,0.010191292240419808,0.009311772999999999,0.0,0.0,50083.77267,50370.98578,287.21311000000424,,,,0,201.8294770991692,1.4230484066451674
Cahaba,2024,Cahaba_2024_71,1,0.0,0.000142613,0.000142613,2277,481154.8159,3599459.278,,0.185463265,1.016331492,False,50645.4525,,,,,,0.000142613,,0.000142613,1.0,0.0,50645.4525,50645.4525,0.0,,,,0,0.0,
Cahaba,2024,Cahaba_2024_72,3,299.1432348,0.003695407,0.001851572,2278,481231.212,3599584.725,,1.05310382,1.016331492,False,50792.33107,,,,,,-0.0018515716666666667,0.0017654848008140237,0.0018515716666666667,0.0,0.0,50792.33107,51091.47431,299.1432399999976,,,,0,298.6735922523137,1.0015724274253532
Cahaba,2024,Cahaba_2024_8,3,385.7980498,0.001854699,0.001389979,1997,488789.4553,3577389.436,,0.152040397,1.012017147,False,7742.866421,,,,,,-0.0013899786666666666,0.0005101796424322843,0.0013899786666666666,0.0,0.0,7742.866421,8128.664471,385.79805000000033,,,,0,382.5141938524319,1.008584925736991
Cahaba,2024,Cahaba_2024_9,2,157.8747848,0.000937777,0.000650608,2000,488322.6815,3577625.555,,0.235470854,1.012017147,False,8284.356574,,,,,,0.000650608,0.0004061182944931193,0.000650608,1.0,0.0,8284.356574,8442.231358,157.87478399999964,,,,0,157.87478480213298,0.9999999999864894
