group1,group2,cliffs_delta,n1,n2
0–10 km,10–30 km,0.6893818232389959,394,657
0–10 km,No Dam,0.8344834512744758,394,1213
10–30 km,No Dam,-0.5477205966313692,657,1213
