group1,group2,cliffs_delta,n1,n2
0–10 km,10–30 km,-0.27862380146644106,394,657
0–10 km,No Dam,0.10049757073329958,394,1213
10–30 km,No Dam,0.1557743923326821,657,1213
