river,year,row_id,x,y,DamBin,DamBin_encoded,Regulated_binary,DamDistance_km,migration_rate_m_per_yr,curvature_1_per_m,EVI_change_2000_2016_unitless,EVI_change_2016_2024_unitless,Delta_EVI_change_unitless,CV_runoff_ERA5_2000_2016_unitless,CV_runoff_ERA5_2016_2024_unitless,Delta_ERA5_CV_unitless
Blackwarrior,2000,0,419935.1207,3599760.184,10–30 km,2,1,27.17928093,1.388887921,-0.000592521,0.070722076,0.484330338,0.413608262,1.275472482,0.956352162,-0.31912032
Blackwarrior,2000,1,419943.0999,3599968.804,10–30 km,2,1,26.97044748,1.776685071,-0.000845268,0.023425213,0.374473342,0.351048129,1.275472482,0.956352162,-0.31912032
Blackwarrior,2000,2,420002.2855,3600164.807,10–30 km,2,1,26.77187823,6.057063376,-0.000526723,0.051466172,0.40057051,0.349104338,1.275472482,0.956352162,-0.31912032
Blackwarrior,2000,3,420111.6568,3600436.966,10–30 km,2,1,26.49518077,2.038948517,-0.000469833,0.075946022,0.170708219,0.094762197,1.275472482,0.956352162,-0.31912032
Blackwarrior,2000,4,420207.0725,3600566.7,10–30 km,2,1,26.361742,-5.18664282,-0.00030953,0.037549841,0.3664108,0.328860959,1.305027957,0.967452609,-0.337575348
Blackwarrior,2000,5,420310.5173,3600754.054,10–30 km,2,1,26.17073416,3.71406055,-1.12e-05,-0.005268633,0.550014669,0.555283302,1.305027957,0.967452609,-0.337575348
Blackwarrior,2000,6,420498.711,3601025.466,10–30 km,2,1,25.89360014,7.316085787,-8.01e-05,0.039053224,0.279584384,0.24053116,1.305027957,0.967452609,-0.337575348
Blackwarrior,2000,7,420667.4167,3601313.599,10–30 km,2,1,25.60140468,-5.075559398,-0.001037887,0.04825716,0.334536022,0.286278862,1.305027957,0.967452609,-0.337575348
Blackwarrior,2000,8,420796.8812,3601428.893,10–30 km,2,1,25.48371393,0.945181644,-0.004985658,0.108335564,0.302039715,0.193704151,1.305027957,0.967452609,-0.337575348
Blackwarrior,2000,9,420993.1265,3601391.5,10–30 km,2,1,25.5187588,2.062387761,-0.001053126,0.015853823,0.417010027,0.401156204,1.305027957,0.967452609,-0.337575348
Blackwarrior,2000,10,421191.3614,3601280.416,10–30 km,2,1,25.62903283,-6.467077829,0.000205173,-0.006041841,0.480792966,0.486834807,1.305027957,0.967452609,-0.337575348
Blackwarrior,2000,11,421414.7172,3601233.399,10–30 km,2,1,25.67695221,4.927000967,0.00049502,-0.044986993,0.509887888,0.554874881,1.305027957,0.967452609,-0.337575348
Blackwarrior,2000,12,421594.8407,3601172.989,10–30 km,2,1,25.73950629,-1.583559833,0.00137199,-0.131582678,0.498894632,0.63047731,1.305027957,0.967452609,-0.337575348
Blackwarrior,2000,13,421776.1529,3601180.622,10–30 km,2,1,25.7352864,-9.671564484,-6.79e-05,-0.119768472,0.457362657,0.577131129,1.305027957,0.967452609,-0.337575348
Blackwarrior,2000,14,422181.0242,3601223.877,10–30 km,2,1,25.70428404,1.391028697,-0.00059741,-0.052216107,0.400841525,0.453057632,1.305027957,0.967452609,-0.337575348
Blackwarrior,2000,15,422573.8467,3601142.109,10–30 km,2,1,25.80394435,3.639694851,-0.000692545,-0.12625687,0.534883591,0.661140461,1.305027957,0.967452609,-0.337575348
Blackwarrior,2000,16,422976.5167,3600883.187,10–30 km,2,1,26.08691216,-11.9811038,-0.000774991,0.007473104,0.27301549,0.265542386,1.305027957,0.967452609,-0.337575348
Blackwarrior,2000,17,423133.2005,3600641.477,10–30 km,2,1,26.3391834,0.885422587,-0.000631688,0.003542005,0.372837342,0.369295337,1.305027957,0.967452609,-0.337575348
Blackwarrior,2000,18,423338.5962,3600344.325,10–30 km,2,1,26.65133822,-10.3691134,-0.00218865,0.016002668,0.257323767,0.241321099,1.305027957,0.967452609,-0.337575348
Blackwarrior,2000,19,423324.2924,3600211.538,10–30 km,2,1,26.78260504,1.636159769,-0.003179872,-0.011092243,0.357770789,0.368863032,1.305027957,0.967452609,-0.337575348
Blackwarrior,2000,20,423063.9968,3600045.062,10–30 km,2,1,26.9293456,5.767118102,0.000159687,0.056344669,0.254901171,0.198556502,1.305027957,0.967452609,-0.337575348
Blackwarrior,2000,21,422720.8233,3599691.547,10–30 km,2,1,27.26084521,10.71583252,0.000924826,0.052083351,0.236709019,0.184625668,1.305027957,0.967452609,-0.337575348
Blackwarrior,2000,22,422661.5783,3599501.9,10–30 km,2,1,27.44704378,-6.313144909,0.001665143,0.024374847,0.278984208,0.254609361,1.305027957,0.967452609,-0.337575348
Blackwarrior,2000,23,422667.2859,3599203.907,10–30 km,2,1,27.74501902,7.186536907,0.000220538,0.054560103,0.350439346,0.295879243,1.305027957,0.967452609,-0.337575348
Blackwarrior,2000,24,422654.4793,3598887.501,10–30 km,2,1,28.06042596,-6.160690804,0.000327581,0.038124856,0.153078036,0.11495318,1.305027957,0.967452609,-0.337575348
Blackwarrior,2000,25,422696.4424,3598666.691,10–30 km,2,1,28.28320403,4.571080804,0.001367613,-0.044816737,0.90677022,0.951586957,1.305027957,0.967452609,-0.337575348
Blackwarrior,2000,26,422733.9051,3598428.489,10–30 km,2,1,28.52314455,4.429747884,0.001547824,-0.041868308,0.291319066,0.333187374,1.305027957,0.967452609,-0.337575348
Blackwarrior,2000,27,423008.2684,3598236.468,10–30 km,2,1,28.73091632,-1.123323702,0.001076012,-0.047462966,0.413733977,0.461196943,1.305027957,0.967452609,-0.337575348
Blackwarrior,2000,28,423241.5787,3598123.255,10–30 km,2,1,28.85951119,4.712468634,0.005024297,-0.043180497,0.329137268,0.372317765,1.305027957,0.967452609,-0.337575348
Blackwarrior,2000,29,423383.7973,3598208.506,10–30 km,2,1,28.78488774,-1.460920588,0.0016863,-0.061856986,0.433585684,0.49544267,1.305027957,0.967452609,-0.337575348
Blackwarrior,2000,30,423546.9835,3598547.519,10–30 km,2,1,28.45974518,4.970589474,-5.25e-05,-0.049009914,0.292897135,0.341907049,1.305027957,0.967452609,-0.337575348
Blackwarrior,2000,31,423741.0482,3598943.924,10–30 km,2,1,28.08147571,-10.87994434,-0.000337005,0.045464143,0.653878234,0.608414091,1.305027957,0.967452609,-0.337575348
Blackwarrior,2000,32,424088.5057,3599377.598,10–30 km,2,1,27.68356633,6.151576524,-0.000158353,0.066225109,0.266853767,0.200628658,1.305027957,0.967452609,-0.337575348
Blackwarrior,2000,33,424543.3168,3599755.635,10–30 km,2,1,27.35935661,4.604301038,0.000220167,0.135825643,0.289303546,0.153477903,1.305027957,0.967452609,-0.337575348
Blackwarrior,2000,34,424855.7778,3600142.673,10–30 km,2,1,27.01565038,13.39908554,0.000420151,0.034078794,0.311450491,0.277371697,1.305027957,0.967452609,-0.337575348
Blackwarrior,2000,35,425096.7279,3600684.234,10–30 km,2,1,26.5133436,18.15186853,0.000670357,0.048880079,0.336777648,0.287897569,1.305027957,0.967452609,-0.337575348
Blackwarrior,2000,36,425134.0111,3601046.195,10–30 km,2,1,26.16082943,4.437894607,0.000427914,0.053926365,0.28332975,0.229403385,1.305027957,0.967452609,-0.337575348
Blackwarrior,2000,37,425043.2731,3601677.912,10–30 km,2,1,25.52243669,0.442374574,9.36e-05,0.05745589,0.278348574,0.220892684,1.305027957,0.967452609,-0.337575348
Blackwarrior,2000,38,424968.7854,3602304.822,10–30 km,2,1,24.89125489,-3.661704711,-4.83e-05,-0.008048413,0.050006052,0.058054465,1.238918841,0.953451531,-0.28546731
Blackwarrior,2000,42,425351.188,3603304.638,10–30 km,2,1,23.96640065,-7.586284348,-0.003490795,0.072468694,0.268942271,0.196473577,1.238918841,0.953451531,-0.28546731
Blackwarrior,2000,43,425526.5054,3603143.815,10–30 km,2,1,24.15565724,-1.007465308,-0.001262172,0.066362397,0.265995654,0.199633257,1.238918841,0.953451531,-0.28546731
Blackwarrior,2000,44,425667.8934,3602868.634,10–30 km,2,1,24.45197738,7.317563866,0.000972135,0.074234453,0.417873379,0.343638926,1.238918841,0.953451531,-0.28546731
Blackwarrior,2000,45,425779.1855,3602718.353,10–30 km,2,1,24.62025739,4.55572785,0.012152119,0.106927809,0.461347468,0.354419659,1.238918841,0.953451531,-0.28546731
Blackwarrior,2000,46,425992.6147,3602885.307,10–30 km,2,1,24.49705605,-0.440033573,0.00078895,0.046018201,0.454558433,0.408540232,1.238918841,0.953451531,-0.28546731
Blackwarrior,2000,47,426208.6577,3603588.405,10–30 km,2,1,23.85215682,22.02533268,0.000301771,0.027747083,0.447536894,0.419789811,1.238918841,0.953451531,-0.28546731
Blackwarrior,2000,48,426161.0005,3604263.302,10–30 km,2,1,23.18226953,-12.12733457,0.000169787,0.037857572,0.28868853,0.250830958,1.238918841,0.953451531,-0.28546731
Blackwarrior,2000,49,426104.5316,3604886.529,10–30 km,2,1,22.56132241,-4.885660859,-0.000255683,0.036268871,0.347132643,0.310863772,1.238918841,0.953451531,-0.28546731
Blackwarrior,2000,50,426078.9789,3605161.687,10–30 km,2,1,22.28712472,-1.222085814,-0.001402405,0.106655983,0.277744711,0.171088728,1.238918841,0.953451531,-0.28546731
Blackwarrior,2000,51,426270.8604,3605510.945,10–30 km,2,1,21.98982656,-11.01202321,-0.001478427,0.097671955,0.505179142,0.407507187,1.238918841,0.953451531,-0.28546731
Blackwarrior,2000,52,426482.5411,3605607.982,10–30 km,2,1,21.94539379,-1.342392595,-0.003272765,0.140279011,0.453357849,0.313078838,1.238918841,0.953451531,-0.28546731
Blackwarrior,2000,53,426701.5158,3605629.632,10–30 km,2,1,21.97818301,1.217436536,-0.000977201,0.050170252,0.648252991,0.598082739,1.238918841,0.953451531,-0.28546731
Blackwarrior,2000,54,427078.7579,3605429.942,10–30 km,2,1,22.26828098,11.30692769,-0.000276159,0.057012517,0.461227364,0.404214847,1.238918841,0.953451531,-0.28546731
Blackwarrior,2000,55,427478.6464,3605250.001,10–30 km,2,1,22.55004717,-1.07242139,-0.000640767,0.050366578,0.309190599,0.258824021,1.238918841,0.953451531,-0.28546731
Blackwarrior,2000,56,427688.4051,3605015.429,10–30 km,2,1,22.83425297,-2.442932535,-0.001926603,0.045456219,0.366248263,0.320792044,1.238918841,0.953451531,-0.28546731
Blackwarrior,2000,57,427770.2588,3604779.362,10–30 km,2,1,23.08393613,-4.440436969,-0.001283112,0.053277452,0.332406994,0.279129542,1.238918841,0.953451531,-0.28546731
Blackwarrior,2000,58,427687.9634,3604464.268,10–30 km,2,1,23.36327254,-4.000164571,-7.1e-05,0.03757392,0.314458901,0.276884981,1.238918841,0.953451531,-0.28546731
Blackwarrior,2000,59,427672.0325,3604238.253,10–30 km,2,1,23.57617339,1.638802639,0.000725602,0.052087281,0.282924369,0.230837088,1.238918841,0.953451531,-0.28546731
Blackwarrior,2000,60,427681.9268,3604002.447,10–30 km,2,1,23.80577706,-5.799229527,0.00141633,0.034247986,0.212171726,0.17792374,1.238918841,0.953451531,-0.28546731
Blackwarrior,2000,61,427730.3086,3603827.769,10–30 km,2,1,23.98709049,-3.17148179,0.002885692,0.03680849,0.205227764,0.168419274,1.238918841,0.953451531,-0.28546731
Blackwarrior,2000,62,427903.4086,3603670.093,10–30 km,2,1,24.18632375,5.279835117,0.002493717,0.029752374,0.263671483,0.233919109,1.238918841,0.953451531,-0.28546731
Blackwarrior,2000,63,428175.5469,3603666.67,10–30 km,2,1,24.26647254,-6.18036823,0.002573475,0.058748944,0.190788988,0.132040044,1.238918841,0.953451531,-0.28546731
Blackwarrior,2000,64,428385.1725,3603838.1,10–30 km,2,1,24.16380452,-6.302307083,0.000851325,0.037960915,0.158025451,0.120064536,1.238918841,0.953451531,-0.28546731
Blackwarrior,2000,65,428651.6387,3604225.832,10–30 km,2,1,23.87562466,-4.313631132,0.000308124,0.047801823,0.365829843,0.31802802,1.238918841,0.953451531,-0.28546731
Blackwarrior,2000,66,428797.4198,3604632.702,10–30 km,2,1,23.53597037,-7.669384298,-8.55e-05,0.047251708,0.340688564,0.293436856,1.238918841,0.953451531,-0.28546731
Blackwarrior,2000,67,428946.2448,3604971.34,10–30 km,2,1,23.26476564,-2.757318358,-0.000755157,0.037220069,0.27681945,0.239599381,1.238918841,0.953451531,-0.28546731
Blackwarrior,2000,68,429207.2155,3605271.614,10–30 km,2,1,23.07106461,-11.73729317,-0.00052997,0.037581265,0.269563828,0.231982563,1.238918841,0.953451531,-0.28546731
Blackwarrior,2000,69,429627.4052,3605513.658,10–30 km,2,1,22.99487075,-5.136163081,-0.000266064,0.065756046,0.298282189,0.232526143,1.269338391,0.960713259,-0.308625132
Blackwarrior,2000,70,430079.3004,3605765.037,10–30 km,2,1,22.93233729,-0.488777598,-0.00028603,0.021264704,0.292393542,0.271128838,1.269338391,0.960713259,-0.308625132
Blackwarrior,2000,71,430506.0241,3605860.777,10–30 km,2,1,23.01337524,10.50281012,-0.000180421,0.056908411,0.260987311,0.2040789,1.269338391,0.960713259,-0.308625132
Blackwarrior,2000,72,430705.5346,3605886.861,10–30 km,2,1,23.07103749,-5.290440119,0.003950505,0.087600429,0.306362032,0.218761603,1.269338391,0.960713259,-0.308625132
Blackwarrior,2000,73,430843.9026,3606027.894,10–30 km,2,1,23.00026781,-4.335177018,0.004391567,0.056549513,0.324890877,0.268341364,1.269338391,0.960713259,-0.308625132
Blackwarrior,2000,74,430675.6027,3606310.375,10–30 km,2,1,22.6731608,-0.64136737,0.000269398,0.058507047,0.112808506,0.054301459,1.269338391,0.960713259,-0.308625132
Blackwarrior,2000,75,430350.5233,3606727.853,10–30 km,2,1,22.1581746,12.80002843,-0.000372791,0.153738275,0.128514609,-0.025223666,1.269338391,0.960713259,-0.308625132
Blackwarrior,2000,76,430235.4912,3606972.891,10–30 km,2,1,21.88740979,-12.55917594,-0.000268465,0.078537609,0.128708839,0.05017123,1.269338391,0.960713259,-0.308625132
Blackwarrior,2000,77,430045.7287,3607570.139,10–30 km,2,1,21.26501024,-2.57730401,-3.44e-05,0.064773242,0.249626563,0.184853321,1.269338391,0.960713259,-0.308625132
Blackwarrior,2000,78,429819.0551,3608203.009,10–30 km,2,1,20.59505648,-23.86342298,-4.64e-05,0.06162343,0.302807257,0.241183827,1.269338391,0.960713259,-0.308625132
Blackwarrior,2000,79,429768.6526,3608511.61,10–30 km,2,1,20.29376019,-4.829737955,0.001049188,0.131665766,0.203322789,0.071657023,1.269338391,0.960713259,-0.308625132
Blackwarrior,2000,80,429652.2691,3608743.213,10–30 km,2,1,20.03458629,4.667559762,0.003010487,0.0899695,0.236124306,0.146154806,1.269338391,0.960713259,-0.308625132
Blackwarrior,2000,81,429342.5428,3608798.992,10–30 km,2,1,19.85493521,-2.448155444,0.000737502,0.021191632,0.207664869,0.186473237,1.238918841,0.953451531,-0.28546731
Blackwarrior,2000,82,428827.6075,3608767.907,10–30 km,2,1,19.67793674,-2.247967592,0.000438176,0.042964649,0.217661895,0.174697246,1.238918841,0.953451531,-0.28546731
Blackwarrior,2000,83,428405.8813,3608599.437,10–30 km,2,1,19.67498342,-12.97694876,0.000443473,0.072947315,0.243455867,0.170508552,1.238918841,0.953451531,-0.28546731
Blackwarrior,2000,84,428090.3321,3608400.322,10–30 km,2,1,19.74810794,0.313948953,-4.14e-05,0.086314071,0.176609804,0.090295733,1.238918841,0.953451531,-0.28546731
Blackwarrior,2000,85,427810.7578,3608233.847,10–30 km,2,1,19.80917092,3.63953026,-0.000767538,0.079995153,0.306017313,0.22602216,1.238918841,0.953451531,-0.28546731
Blackwarrior,2000,86,427590.9763,3608202.589,10–30 km,2,1,19.76646809,-0.638807943,4.85e-05,0.08599436,0.303594219,0.217599859,1.238918841,0.953451531,-0.28546731
Blackwarrior,2000,87,427265.6692,3608126.195,10–30 km,2,1,19.73636251,-6.728862104,0.000220686,0.042344586,0.226555648,0.184211062,1.238918841,0.953451531,-0.28546731
Blackwarrior,2000,88,426809.2468,3607933.83,10–30 km,2,1,19.78530525,5.658155201,1.91e-05,0.005584743,0.101245063,0.09566032,1.238918841,0.953451531,-0.28546731
Blackwarrior,2000,89,426539.5524,3607796.84,10–30 km,2,1,19.8424605,1.677117497,-0.001623231,0.074159668,0.204807564,0.130647896,1.238918841,0.953451531,-0.28546731
Blackwarrior,2000,90,426306.1371,3607778.146,10–30 km,2,1,19.7989711,-4.069235635,-0.000955582,0.062959266,0.377128994,0.314169728,1.238918841,0.953451531,-0.28546731
Blackwarrior,2000,91,425888.8109,3607962.087,10–30 km,2,1,19.51677106,1.896693348,-0.000227171,0.062436929,0.24713752,0.184700591,1.238918841,0.953451531,-0.28546731
Blackwarrior,2000,92,425409.3108,3608166.86,10–30 km,2,1,19.20720671,-9.422647558,-0.000323692,0.036624087,0.147419801,0.110795714,1.238918841,0.953451531,-0.28546731
Blackwarrior,2000,93,425009.0822,3608463.132,10–30 km,2,1,18.83311839,-1.591750311,-0.000487432,0.022024241,0.338518883,0.316494642,1.238918841,0.953451531,-0.28546731
Blackwarrior,2000,94,424731.0303,3608812.914,10–30 km,2,1,18.43530033,5.234021172,-0.000208477,0.029841008,0.095532218,0.06569121,1.238918841,0.953451531,-0.28546731
Blackwarrior,2000,95,424432.5485,3609266.049,10–30 km,2,1,17.93440707,-12.34233958,-0.000409232,0.025331776,0.213009121,0.187677345,1.238918841,0.953451531,-0.28546731
Blackwarrior,2000,96,424262.3293,3609516.331,10–30 km,2,1,17.65787821,6.079489839,-0.000482263,0.064593957,0.19424559,0.129651633,1.238918841,0.953451531,-0.28546731
Blackwarrior,2000,97,424232.289,3610031.558,10–30 km,2,1,17.14517917,-5.87336139,0.000271256,0.067150665,0.307884271,0.240733606,1.238918841,0.953451531,-0.28546731
Blackwarrior,2000,98,424065.2239,3610374.617,10–30 km,2,1,16.778183,-2.495696455,0.000474114,0.028778704,0.476077289,0.447298585,1.238918841,0.953451531,-0.28546731
Blackwarrior,2000,99,423842.0705,3610684.385,10–30 km,2,1,16.43559801,0.552242135,-0.000346588,0.040698089,0.470369455,0.429671366,1.238918841,0.953451531,-0.28546731
Blackwarrior,2000,100,423729.63,3610930.056,10–30 km,2,1,16.17512124,-4.052874204,-0.002666198,0.060193863,0.327078439,0.266884576,1.238918841,0.953451531,-0.28546731
Blackwarrior,2000,101,423760.087,3611109.303,10–30 km,2,1,16.00288812,2.014459139,-0.001683386,0.091827057,0.293958392,0.202131335,1.238918841,0.953451531,-0.28546731
Blackwarrior,2000,102,423927.2933,3611357.314,10–30 km,2,1,15.78606566,-4.639487821,-0.001029024,0.071471568,0.412414672,0.340943104,1.238918841,0.953451531,-0.28546731
Blackwarrior,2000,103,424072.98,3611499.237,10–30 km,2,1,15.67230127,-4.736490915,-0.004007959,0.062336282,0.178936037,0.116599755,1.238918841,0.953451531,-0.28546731
Blackwarrior,2000,104,424233.7199,3611509.144,10–30 km,2,1,15.69284218,4.415832604,-0.000766193,0.040708429,0.353773462,0.313065033,1.238918841,0.953451531,-0.28546731
Blackwarrior,2000,105,424538.5739,3611441.718,10–30 km,2,1,15.82054842,1.422576371,0.00013528,0.021059023,0.345949683,0.32489066,1.238918841,0.953451531,-0.28546731
Blackwarrior,2000,106,424894.2622,3611447.318,10–30 km,2,1,15.89397706,-4.983574927,6.58e-05,0.011589889,0.238304106,0.226714217,1.238918841,0.953451531,-0.28546731
Blackwarrior,2000,107,425088.5948,3611436.099,10–30 km,2,1,15.95116122,2.203168656,-9.72e-05,0.00034313,0.257486561,0.257143431,1.238918841,0.953451531,-0.28546731
Blackwarrior,2000,108,425413.4691,3611406.848,10–30 km,2,1,16.06171079,1.933127154,0.000328485,0.080185586,0.258411284,0.178225698,1.238918841,0.953451531,-0.28546731
Blackwarrior,2000,109,425695.9131,3611399.562,10–30 km,2,1,16.14512761,2.406123389,0.000389536,0.092393486,0.162847327,0.070453841,1.238918841,0.953451531,-0.28546731
Blackwarrior,2000,110,426088.5911,3611478.812,10–30 km,2,1,16.18329506,1.455258247,0.00022304,0.077355777,0.084862093,0.007506316,1.238918841,0.953451531,-0.28546731
Blackwarrior,2000,111,426361.4681,3611549.814,10–30 km,2,1,16.2004922,2.675677035,0.000119977,0.112384623,0.182310838,0.069926215,1.238918841,0.953451531,-0.28546731
Blackwarrior,2000,112,426684.0055,3611639.229,10–30 km,2,1,16.22194885,4.783151597,0.000256468,0.100160371,0.115139991,0.01497962,1.238918841,0.953451531,-0.28546731
Blackwarrior,2000,113,426966.9076,3611731.117,10–30 km,2,1,16.23383883,-6.965004828,0.000231684,0.078839744,0.13026072,0.051420976,1.238918841,0.953451531,-0.28546731
Blackwarrior,2000,114,427175.546,3611875.476,10–30 km,2,1,16.17487183,2.19740309,-0.001152032,0.101267087,0.155765315,0.054498228,1.238918841,0.953451531,-0.28546731
Blackwarrior,2000,115,427320.5336,3611867.847,10–30 km,2,1,16.23608362,-0.659918492,-0.002812603,0.114130023,0.083685399,-0.030444624,1.238918841,0.953451531,-0.28546731
Blackwarrior,2000,116,427501.8143,3611870.271,10–30 km,2,1,16.30307667,2.413541,-0.001024148,0.015549965,-0.148689886,-0.164239851,1.238918841,0.953451531,-0.28546731
Blackwarrior,2000,117,427771.8341,3611703.501,10–30 km,2,1,16.5623791,-2.247156336,-0.000187186,0.029681797,0.11125199,0.081570193,1.238918841,0.953451531,-0.28546731
Blackwarrior,2000,118,428038.8886,3611536.869,10–30 km,2,1,16.82234383,-6.902826433,9.95e-05,0.007780892,0.005845483,-0.001935409,1.238918841,0.953451531,-0.28546731
Blackwarrior,2000,119,428348.0477,3611373.57,10–30 km,2,1,17.09869122,-5.959240345,0.000124513,0.061001381,0.277452262,0.216450881,1.238918841,0.953451531,-0.28546731
Blackwarrior,2000,120,428626.5074,3611225.066,10–30 km,2,1,17.35114946,6.278616569,1.13e-05,0.017635133,0.321720445,0.304085312,1.238918841,0.953451531,-0.28546731
Blackwarrior,2000,121,428995.4296,3611068.252,10–30 km,2,1,17.652902,1.122770573,-7.96e-05,0.085531193,0.34050996,0.254978767,1.238918841,0.953451531,-0.28546731
Blackwarrior,2000,122,429158.0904,3610946.071,10–30 km,2,1,17.83465916,0.982222809,0.001571409,0.083621349,0.13720172,0.053580371,1.238918841,0.953451531,-0.28546731
Blackwarrior,2000,123,429261.8026,3610930.486,10–30 km,2,1,17.89511626,0.979464574,0.013458763,0.082509132,0.232361951,0.149852819,1.238918841,0.953451531,-0.28546731
Blackwarrior,2000,124,429385.5475,3610983.474,10–30 km,2,1,17.90407287,2.870517939,0.000498585,0.073292155,0.184705559,0.111413404,1.238918841,0.953451531,-0.28546731
Blackwarrior,2000,125,429756.4514,3611555.001,10–30 km,2,1,17.57522205,18.7372452,0.000101318,0.047631679,0.269514757,0.221883078,1.269338391,0.960713259,-0.308625132
Blackwarrior,2000,126,430070.2712,3612107.866,10–30 km,2,1,17.25357319,-8.827025271,0.000311165,0.079160219,0.238225997,0.159065778,1.269338391,0.960713259,-0.308625132
Blackwarrior,2000,127,430195.1806,3612425.295,10–30 km,2,1,17.04762104,-1.953648207,0.00055149,0.068692805,0.071847439,0.003154634,1.269338391,0.960713259,-0.308625132
Blackwarrior,2000,128,430339.2804,3613064.229,10–30 km,2,1,16.58715825,-3.556281198,0.00079003,0.049171261,0.263934389,0.214763128,1.074889652,0.97652205,-0.098367602
Blackwarrior,2000,129,430110.742,3613445.879,10–30 km,2,1,16.14260611,3.753896052,0.001104842,0.059464293,0.198329592,0.138865299,1.074889652,0.97652205,-0.098367602
Blackwarrior,2000,130,429800.9455,3613730.408,10–30 km,2,1,15.73452259,13.18300027,0.000942424,0.053530456,0.285868905,0.232338449,1.074889652,0.97652205,-0.098367602
Blackwarrior,2000,131,429511.815,3613813.59,10–30 km,2,1,15.50797397,5.694812308,0.005211844,0.094099176,0.342765307,0.248666131,1.141346808,0.953773281,-0.187573527
Blackwarrior,2000,132,429385.1435,3613775.144,10–30 km,2,1,15.47304336,-4.123299199,0.00045203,0.045123697,0.325035705,0.279912008,1.141346808,0.953773281,-0.187573527
Blackwarrior,2000,133,428999.1487,3613255.246,10–30 km,2,1,15.72165009,-14.64446646,-0.000161303,0.064538525,0.064689475,0.00015095,1.141346808,0.953773281,-0.187573527
Blackwarrior,2000,134,428490.3627,3612914.207,10–30 km,2,1,15.77718822,-11.81177093,-0.000617702,0.08132325,0.159021009,0.077697759,1.141346808,0.953773281,-0.187573527
Blackwarrior,2000,135,428230.7923,3612796.018,10–30 km,2,1,15.76461522,-5.875954961,-0.001982412,0.115851501,0.091963599,-0.023887902,1.141346808,0.953773281,-0.187573527
Blackwarrior,2000,136,427826.7476,3612768.038,10–30 km,2,1,15.61387717,-0.814854902,-0.000160659,0.040830083,0.435218923,0.39438884,1.141346808,0.953773281,-0.187573527
Blackwarrior,2000,137,426509.1341,3613064.135,10–30 km,2,1,14.82474203,14.34018292,-0.00020871,0.027676764,0.040580043,0.012903279,1.141346808,0.953773281,-0.187573527
Blackwarrior,2000,138,426133.7719,3613275.812,10–30 km,2,1,14.49516927,0.659671642,-0.001435032,0.098436996,0.311307334,0.212870338,1.141346808,0.953773281,-0.187573527
Blackwarrior,2000,139,425830.7723,3613700.041,10–30 km,2,1,13.99367569,-0.744613526,-0.000385786,0.096066538,0.074916689,-0.021149849,1.141346808,0.953773281,-0.187573527
Blackwarrior,2000,140,425603.488,3614394.201,10–30 km,2,1,13.26317537,-6.955251919,-0.000523793,0.069363207,0.10048478,0.031121573,1.141346808,0.953773281,-0.187573527
Blackwarrior,2000,141,425603.1035,3614764.924,10–30 km,2,1,12.91381643,-5.616325919,-0.001790594,0.080355577,0.170167958,0.089812381,1.141346808,0.953773281,-0.187573527
Blackwarrior,2000,142,425802.7174,3615071.246,10–30 km,2,1,12.6971917,-8.893599859,-3.72e-05,0.050548703,0.043715488,-0.006833215,1.141346808,0.953773281,-0.187573527
Blackwarrior,2000,143,426177.0256,3615394.535,10–30 km,2,1,12.54018111,-5.989582483,0.000497697,0.076251186,0.163205256,0.08695407,1.141346808,0.953773281,-0.187573527
Blackwarrior,2000,144,426338.1828,3616077.026,10–30 km,2,1,11.98483573,9.32067955,0.000957741,0.129642796,0.13013748,0.000494684,1.141346808,0.953773281,-0.187573527
Blackwarrior,2000,145,426235.0009,3616430.031,10–30 km,2,1,11.62170474,-4.098437374,0.000713941,0.143397787,0.147210314,0.003812527,1.141346808,0.953773281,-0.187573527
Blackwarrior,2000,146,425830.9928,3616888.434,10–30 km,2,1,11.03456996,-4.892635545,-0.000170235,0.117302735,0.153977473,0.036674738,1.141346808,0.953773281,-0.187573527
Blackwarrior,2000,147,425511.6733,3617482.168,10–30 km,2,1,10.36149734,-12.4325265,-0.000300206,0.134955294,0.290217572,0.155262278,1.141346808,0.953773281,-0.187573527
Blackwarrior,2000,148,425407.569,3618067.859,0–10 km,1,1,9.786540563,-2.964907064,-0.000637159,0.160698496,0.011662403,-0.149036093,1.141346808,0.953773281,-0.187573527
Blackwarrior,2000,149,425361.4053,3618333.26,0–10 km,1,1,9.527258402,7.104872888,-0.000727572,0.052012537,0.357241292,0.305228755,1.141346808,0.953773281,-0.187573527
Blackwarrior,2000,150,425535.7461,3618860.327,0–10 km,1,1,9.137331619,-15.24854206,0.000204147,0.098025788,0.188581294,0.090555506,1.141346808,0.953773281,-0.187573527
Blackwarrior,2000,151,425687.0989,3619190.506,0–10 km,1,1,8.92313637,1.796380446,0.000849197,0.127049465,0.211556459,0.084506994,1.141346808,0.953773281,-0.187573527
Blackwarrior,2000,152,425522.0581,3619762.774,0–10 km,1,1,8.346556962,-6.837322425,0.000548404,0.028582277,0.20938006,0.180797783,1.141346808,0.953773281,-0.187573527
Blackwarrior,2000,153,425319.6411,3620134.629,0–10 km,1,1,7.923504902,9.798407123,0.003440882,0.046481066,0.312531318,0.266050252,1.141346808,0.953773281,-0.187573527
Blackwarrior,2000,154,425124.8867,3620098.617,0–10 km,1,1,7.855179822,10.76651352,0.001617371,0.055314297,0.219613425,0.164299128,1.141346808,0.953773281,-0.187573527
Blackwarrior,2000,155,424795.7348,3619991.975,0–10 km,1,1,7.790452845,1.908743629,0.000390169,0.100751395,0.359466326,0.258714931,1.141346808,0.953773281,-0.187573527
Blackwarrior,2000,156,424359.6749,3619840.039,0–10 km,1,1,7.737504081,7.441305883,0.000403495,0.047843732,0.200759912,0.15291618,1.141346808,0.953773281,-0.187573527
Blackwarrior,2000,157,423961.5815,3619475.793,0–10 km,1,1,7.924119144,8.387636696,0.000555634,0.110460305,-0.018372349,-0.128832654,1.141346808,0.953773281,-0.187573527
Blackwarrior,2000,158,423854.2017,3619285.597,0–10 km,1,1,8.066764116,-3.146542234,-0.001447019,0.058576427,0.052664761,-0.005911666,1.141346808,0.953773281,-0.187573527
Blackwarrior,2000,159,423686.6538,3619108.766,0–10 km,1,1,8.181548221,-4.826885737,-0.001244048,0.147290281,0.113505446,-0.033784835,1.141346808,0.953773281,-0.187573527
Blackwarrior,2000,160,423219.9353,3619066.787,0–10 km,1,1,8.092658125,-4.364883019,-0.000726917,0.055653057,0.083396168,0.027743111,1.141346808,0.953773281,-0.187573527
Blackwarrior,2000,161,422780.3333,3619116.345,0–10 km,1,1,7.945715379,-6.024127277,-0.000963337,0.129593634,0.018041343,-0.111552291,1.141346808,0.953773281,-0.187573527
Blackwarrior,2000,162,422428.5721,3619446.455,0–10 km,1,1,7.557312877,-6.196293353,-0.000647858,0.141348427,-0.006227553,-0.14757598,1.141346808,0.953773281,-0.187573527
Blackwarrior,2000,163,422156.4403,3619811.576,0–10 km,1,1,7.155774843,-10.36399941,-0.000923041,0.152475577,0.059328756,-0.093146821,1.141346808,0.953773281,-0.187573527
Blackwarrior,2000,164,422104.8355,3620151.443,0–10 km,1,1,6.811949684,-7.972605895,-0.001008592,0.111393218,0.190488836,0.079095618,1.141346808,0.953773281,-0.187573527
Blackwarrior,2000,165,422125.1507,3620547.456,0–10 km,1,1,6.422410608,-2.065082816,-0.000300602,0.082442736,0.194050168,0.111607432,1.141346808,0.953773281,-0.187573527
Blackwarrior,2000,166,422315.455,3621169.157,0–10 km,1,1,5.84095936,-9.354011608,-0.000189343,0.087840346,0.333680544,0.245840198,1.141346808,0.953773281,-0.187573527
Blackwarrior,2000,167,422476.4549,3621529.925,0–10 km,1,1,5.522078739,4.124601945,-0.000730559,0.058920597,0.023188683,-0.035731914,1.141346808,0.953773281,-0.187573527
Blackwarrior,2000,168,422610.5667,3621810.951,0–10 km,1,1,5.283150338,2.107902502,-0.001127157,0.0596263,-0.141265306,-0.200891606,1.141346808,0.953773281,-0.187573527
Blackwarrior,2000,169,422972.341,3621954.241,0–10 km,1,1,5.255806525,-11.52283408,-0.000903,0.076912648,-0.112972645,-0.189885293,1.141346808,0.953773281,-0.187573527
Blackwarrior,2000,170,423178.925,3622054.671,0–10 km,1,1,5.235842624,-2.93185955,-0.00074512,-0.014139315,0.096695674,0.110834989,1.141346808,0.953773281,-0.187573527
Blackwarrior,2000,171,423651.6682,3622081.473,0–10 km,1,1,5.408236154,-8.746093632,-0.000226325,0.035676889,0.162245774,0.126568885,1.141346808,0.953773281,-0.187573527
Blackwarrior,2000,172,424100.3881,3622002.412,0–10 km,1,1,5.693802649,12.30899047,0.00049516,0.077461127,0.168035075,0.090573948,1.141346808,0.953773281,-0.187573527
Blackwarrior,2000,173,424232.9446,3622021.167,0–10 km,1,1,5.746513254,4.00273043,0.006728631,0.050263381,0.184051908,0.133788527,1.141346808,0.953773281,-0.187573527
Blackwarrior,2000,174,424359.3326,3622188.903,0–10 km,1,1,5.674074811,5.354892386,0.000693461,0.051860568,0.337039956,0.285179388,1.141346808,0.953773281,-0.187573527
Blackwarrior,2000,175,424497.7173,3622577.301,0–10 km,1,1,5.438470423,14.60932887,0.00032703,0.028703575,0.281442606,0.252739031,1.141346808,0.953773281,-0.187573527
Blackwarrior,2000,176,424635.3144,3623023.217,0–10 km,1,1,5.18111265,6.126852922,0.000596925,0.0292068,0.324617214,0.295410414,1.141346808,0.953773281,-0.187573527
Blackwarrior,2000,177,424617.0271,3623497.845,0–10 km,1,1,4.822922337,7.898385663,0.000810206,0.057642999,0.333591809,0.27594881,1.141346808,0.953773281,-0.187573527
Blackwarrior,2000,178,424402.8178,3623935.883,0–10 km,1,1,4.364744847,12.6469065,0.00040552,0.050956996,-0.008555376,-0.059512372,1.093508029,0.977809191,-0.115698838
Blackwarrior,2000,179,423988.8445,3624441.452,0–10 km,1,1,3.718348428,-10.67508867,9.79e-05,0.042130592,0.035491709,-0.006638883,1.093508029,0.977809191,-0.115698838
Blackwarrior,2000,180,423320.1934,3625185.205,0–10 km,1,1,2.726987471,-22.29252948,5.49e-05,0.028342705,0.111317693,0.082974988,1.093508029,0.977809191,-0.115698838
Blackwarrior,2000,181,422554.444,3625906.744,0–10 km,1,1,1.679306849,-1.649724016,0.000217759,0.085626715,-0.18272302,-0.268349735,1.093508029,0.977809191,-0.115698838
Blackwarrior,2000,182,422285.0812,3626055.876,0–10 km,1,1,1.374408395,-4.431126458,0.002155341,0.078713049,0.049650448,-0.029062601,1.093508029,0.977809191,-0.115698838
Blackwarrior,2000,183,422030.7653,3626085.404,0–10 km,1,1,1.163309734,-5.927747166,0.0019891,0.066367055,0.034419354,-0.031947701,1.093508029,0.977809191,-0.115698838
Blackwarrior,2000,184,421839.5911,3626028.168,0–10 km,1,1,1.081387082,-4.966195067,0.004402368,0.049701415,-0.022694193,-0.072395608,1.093508029,0.977809191,-0.115698838
Blackwarrior,2000,185,421722.9985,3625880.44,0–10 km,1,1,1.146328363,-4.134129485,0.002030867,0.070204355,-0.037609922,-0.107814277,1.093508029,0.977809191,-0.115698838
Blackwarrior,2000,186,421774.9151,3625530.864,0–10 km,1,1,1.485665147,-7.785290365,0.000306992,0.015482827,0.121073901,0.105591074,1.093508029,0.977809191,-0.115698838
Blackwarrior,2000,187,421874.7498,3625248.464,0–10 km,1,1,1.784895035,0.981570553,-0.001117476,0.01074632,0.024516389,0.013770069,1.093508029,0.977809191,-0.115698838
Blackwarrior,2000,188,421835.2187,3625068.488,0–10 km,1,1,1.939539317,-1.775511624,-0.006803933,0.080787076,0.213984057,0.133196981,1.093508029,0.977809191,-0.115698838
Blackwarrior,2000,189,421735.3311,3624970.271,0–10 km,1,1,2.003753786,2.819192176,-0.001415609,0.007685451,0.111146406,0.103460955,1.093508029,0.977809191,-0.115698838
Blackwarrior,2000,190,421354.3465,3624996.692,0–10 km,1,1,1.911039155,-2.273409819,-0.000109447,0.043301788,0.079590973,0.036289185,1.093508029,0.977809191,-0.115698838
Blackwarrior,2000,191,421091.5152,3624955.12,0–10 km,1,1,1.949643506,3.624813303,3.99e-07,0.032065589,0.109017514,0.076951925,1.093508029,0.977809191,-0.115698838
Blackwarrior,2000,192,420581.6621,3624963.432,0–10 km,1,1,2.035049827,-5.952064641,0.00019013,0.143908806,0.058091772,-0.085817034,1.093508029,0.977809191,-0.115698838
Blackwarrior,2000,193,420120.7712,3624925.658,0–10 km,1,1,2.252522119,-10.24456148,0.000358942,0.0595027,0.168048795,0.108546095,1.195021086,1.026127762,-0.168893324
Blackwarrior,2000,194,419731.5973,3624748.409,0–10 km,1,1,2.607583063,4.459641486,-0.000209151,0.061695308,0.032515983,-0.029179325,1.195021086,1.026127762,-0.168893324
Blackwarrior,2000,195,419414.9932,3624678.556,0–10 km,1,1,2.852563589,-6.984540655,-0.001915039,0.092724215,0.060485105,-0.03223911,1.195021086,1.026127762,-0.168893324
Blackwarrior,2000,196,419188.3309,3624764.713,0–10 km,1,1,2.936537784,9.776813836,-0.00066181,0.077663952,0.109896133,0.032232181,1.195021086,1.026127762,-0.168893324
Blackwarrior,2000,197,418852.9192,3624993.106,0–10 km,1,1,3.027059729,-5.796335286,-0.000144056,0.132319774,0.186382273,0.054062499,1.195021086,1.026127762,-0.168893324
Blackwarrior,2000,198,418530.3617,3625159.842,0–10 km,1,1,3.189769407,0.764714346,-0.001385804,0.109149644,0.1956092,0.086459556,1.195021086,1.026127762,-0.168893324
Blackwarrior,2000,199,418464.4788,3625302.367,0–10 km,1,1,3.170944413,-3.322373966,-0.00736248,0.124937201,0.249764071,0.12482687,1.195021086,1.026127762,-0.168893324
Blackwarrior,2000,200,418558.9438,3625445.061,0–10 km,1,1,3.018307656,-3.643275109,-0.000518455,0.128838433,0.171958196,0.043119763,1.195021086,1.026127762,-0.168893324
Blackwarrior,2000,201,418688.6758,3625658.1,0–10 km,1,1,2.804556543,-10.93015053,0.000735231,0.122762043,0.206831028,0.084068985,1.195021086,1.026127762,-0.168893324
Blackwarrior,2000,202,418782.8862,3625868.331,0–10 km,1,1,2.630949246,3.468293216,0.000643987,0.090678581,0.308492579,0.217813998,1.195021086,1.026127762,-0.168893324
Blackwarrior,2000,203,418800.6281,3626162.19,0–10 km,1,1,2.513051101,7.380829399,-0.000200379,0.004862151,0.0480801,0.043217949,1.195021086,1.026127762,-0.168893324
Blackwarrior,2000,204,418858.797,3626417.069,0–10 km,1,1,2.39320691,7.338023656,-0.003962559,0.144949385,0.128930848,-0.016018537,1.195021086,1.026127762,-0.168893324
Blackwarrior,2000,205,418953.7764,3626515.338,0–10 km,1,1,2.281578965,2.10158793,-0.002182744,0.109055043,0.233964749,0.124909706,1.195021086,1.026127762,-0.168893324
Blackwarrior,2000,206,419364.3445,3626480.831,0–10 km,1,1,1.885470641,9.370276827,-0.000139822,0.064955406,-0.115138958,-0.180094364,1.195021086,1.026127762,-0.168893324
Blackwarrior,2000,207,419772.049,3626381.147,0–10 km,1,1,1.521798095,1.514694597,0.00053905,0.087053791,-0.024053222,-0.111107013,1.195021086,1.026127762,-0.168893324
Blackwarrior,2000,208,420151.7093,3626400.954,0–10 km,1,1,1.163428995,5.819705672,0.001384611,0.002256619,0.019053979,0.01679736,1.195021086,1.026127762,-0.168893324
Blackwarrior,2000,209,420429.2349,3626602.652,0–10 km,1,1,0.828420574,0.790135982,0.000300493,0.014905654,0.282756423,0.267850769,1.093508029,0.977809191,-0.115698838
Blackwarrior,2000,210,420747.5029,3626959.256,0–10 km,1,1,0.458146053,-12.50964743,-0.000455064,0.086590691,0.094123876,0.007533185,1.093508029,0.977809191,-0.115698838
Blackwarrior,2000,211,421021.2444,3627037.622,0–10 km,1,1,0.226477894,3.708525474,-0.000443884,0.085329211,0.40390744,0.318578229,1.093508029,0.977809191,-0.115698838
Blackwarrior,2000,212,421242.0725,3627138.438,0–10 km,1,1,0.240912298,8.394486863,0.00066781,-0.056278298,1.145709817,1.201988115,1.093508029,0.977809191,-0.115698838
Blackwarrior,2000,213,421428.171,3627274.899,0–10 km,1,1,0.437239243,11.67810177,0.000401329,0.043755379,0.286298698,0.242543319,1.093508029,0.977809191,-0.115698838
Blackwarrior,2000,214,421646.5231,3627436.602,0–10 km,1,1,0.696405848,-7.106235425,0.001815156,0.052893113,0.552875936,0.499982823,1.093508029,0.977809191,-0.115698838
Blackwarrior,2000,215,421730.3451,3627560.839,0–10 km,1,1,0.845714928,0.870354159,0.000297271,0.04739797,0.42285464,0.37545667,1.093508029,0.977809191,-0.115698838
Blackwarrior,2000,216,421898.6632,3628023.146,0–10 km,1,1,1.321362221,-4.485999801,-0.000285138,0.062664833,0.348319934,0.285655101,1.093508029,0.977809191,-0.115698838
Blackwarrior,2000,217,422113.0931,3628341.029,0–10 km,1,1,1.70472096,-7.040506618,-0.000922878,0.165737515,0.180966714,0.015229199,1.093508029,0.977809191,-0.115698838
Blackwarrior,2000,218,422360.4271,3628548.076,0–10 km,1,1,2.014440681,6.677477246,-0.00094537,0.010501863,0.294683905,0.284182042,1.093508029,0.977809191,-0.115698838
Blackwarrior,2000,219,422661.4885,3628626.572,0–10 km,1,1,2.260902215,3.085474843,-6.88e-05,0.066618366,0.260476716,0.19385835,1.093508029,0.977809191,-0.115698838
Blackwarrior,2000,220,422873.749,3628692.408,0–10 km,1,1,2.451231618,7.263880267,0.001509182,0.051455647,0.186394297,0.13493865,1.093508029,0.977809191,-0.115698838
Blackwarrior,2000,221,423086.1318,3628857.008,0–10 km,1,1,2.716902304,9.573884216,0.000761158,-0.013912652,-0.065398598,-0.051485946,1.093508029,0.977809191,-0.115698838
Blackwarrior,2000,222,423311.612,3629196.596,0–10 km,1,1,3.118893576,1.219005201,0.001138323,0.03175015,0.393197979,0.361447829,1.093508029,0.977809191,-0.115698838
Blackwarrior,2000,223,423368.9743,3629441.813,0–10 km,1,1,3.340621029,-10.75296599,0.000813267,0.0834401,0.326150054,0.242709954,1.093508029,0.977809191,-0.115698838
Blackwarrior,2000,224,423287.5102,3629848.902,0–10 km,1,1,3.612331155,-3.300467744,-0.000201716,0.080976691,0.30717736,0.226200669,1.093508029,0.977809191,-0.115698838
Blackwarrior,2000,225,423304.4956,3630041.878,0–10 km,1,1,3.780990731,-1.999305872,-0.004791371,0.051126995,0.305558076,0.254431081,1.093508029,0.977809191,-0.115698838
Blackwarrior,2000,226,423373.0596,3630168.45,0–10 km,1,1,3.924382081,3.819513527,-0.001516131,0.047340666,0.310944974,0.263604308,1.093508029,0.977809191,-0.115698838
Blackwarrior,2000,227,423685.4392,3630278.281,0–10 km,1,1,4.193579155,6.337541928,0.000533203,0.011378673,0.404046747,0.392668074,1.093508029,0.977809191,-0.115698838
Blackwarrior,2000,228,423893.7968,3630399.402,0–10 km,1,1,4.415715053,-3.240652783,0.005665972,0.000447098,0.410302628,0.40985553,1.093508029,0.977809191,-0.115698838
Blackwarrior,2000,229,423868.7,3630616.291,0–10 km,1,1,4.574884358,-3.459051379,0.001228851,0.100797243,0.687469049,0.586671806,1.093508029,0.977809191,-0.115698838
Blackwarrior,2000,230,423595.3687,3630876.876,0–10 km,1,1,4.642305979,-6.209340688,-0.000418009,0.014268257,0.339502763,0.325234506,1.093508029,0.977809191,-0.115698838
Blackwarrior,2000,231,423463.7677,3631160.313,0–10 km,1,1,4.824275542,3.296741737,-0.002338142,0.004226315,0.415417782,0.411191467,1.093508029,0.977809191,-0.115698838
Blackwarrior,2000,232,423511.8579,3631387.6,0–10 km,1,1,5.048049088,4.645479872,-0.000371969,0.063830954,0.39388969,0.330058736,1.093508029,0.977809191,-0.115698838
Blackwarrior,2000,233,423685.228,3631753.921,0–10 km,1,1,5.453249139,-1.879838924,0.001109863,0.027976803,0.289675533,0.26169873,1.093508029,0.977809191,-0.115698838
Blackwarrior,2000,234,423643.2504,3632047.186,0–10 km,1,1,5.697840862,-9.824790498,0.001696279,0.08094907,0.619924304,0.538975234,1.093508029,0.977809191,-0.115698838
Blackwarrior,2000,235,423366.2121,3632203.948,0–10 km,1,1,5.729543132,-10.13362586,-0.000811421,0.088122539,0.159180258,0.071057719,1.093508029,0.977809191,-0.115698838
Blackwarrior,2000,236,423277.4303,3632515.634,0–10 km,1,1,5.987995773,-6.801783616,-0.002556484,0.093667439,0.087185591,-0.006481848,1.093508029,0.977809191,-0.115698838
Blackwarrior,2000,237,423392.7544,3632677.204,0–10 km,1,1,6.179813718,1.829051747,-0.001181654,0.097645879,0.355734379,0.2580885,1.093508029,0.977809191,-0.115698838
Blackwarrior,2000,238,423479.1944,3632846.818,0–10 km,1,1,6.369155031,-10.71342017,0.002138718,0.105504406,0.281619659,0.176115253,1.093508029,0.977809191,-0.115698838
Blackwarrior,2000,239,423536.6723,3633001.553,0–10 km,1,1,6.534267164,-0.824692029,0.002719262,0.069377863,0.448594751,0.379216888,1.093508029,0.977809191,-0.115698838
Blackwarrior,2000,241,423047.4249,3633539.136,0–10 km,1,1,6.892215927,4.580122035,0.000422499,0.020260403,0.289163497,0.268903094,1.093508029,0.977809191,-0.115698838
Blackwarrior,2000,242,422633.2731,3633679.176,0–10 km,1,1,6.929976846,4.11395568,-0.000221573,0.028149111,0.266766312,0.238617201,1.093508029,0.977809191,-0.115698838
Blackwarrior,2000,243,422163.5975,3633882.172,0–10 km,1,1,7.049446056,-10.0851789,-0.000974303,0.042854007,0.320610503,0.277756496,1.093508029,0.977809191,-0.115698838
Blackwarrior,2000,244,422028.3712,3634166.25,0–10 km,1,1,7.314537362,3.962735047,-0.002905748,0.031999163,0.298871027,0.266871864,1.093508029,0.977809191,-0.115698838
Blackwarrior,2000,245,422041.9901,3634365.935,0–10 km,1,1,7.514553556,3.986919772,-0.001685087,0.031337743,0.477824423,0.44648668,1.093508029,0.977809191,-0.115698838
Blackwarrior,2000,246,422180.6504,3634606.799,0–10 km,1,1,7.770291172,8.265671912,-0.00134811,0.051000275,0.373307492,0.322307217,1.093508029,0.977809191,-0.115698838
Blackwarrior,2000,247,422288.1501,3634792.961,0–10 km,1,1,7.969016386,4.917382971,-0.003253503,0.051821749,0.222592966,0.170771217,1.093508029,0.977809191,-0.115698838
Blackwarrior,2000,248,422570.4776,3634803.632,0–10 km,1,1,8.022934758,-6.029581485,-0.000620669,0.060370478,0.158923822,0.098553344,1.093508029,0.977809191,-0.115698838
Blackwarrior,2000,249,422941.2607,3634730.388,0–10 km,1,1,8.022946761,-11.88385477,0.000281499,0.030238716,0.350362448,0.320123732,1.093508029,0.977809191,-0.115698838
Blackwarrior,2000,250,423094.8592,3634719.172,0–10 km,1,1,8.046762227,1.150137521,0.004953789,0.063592769,0.279201682,0.215608913,1.093508029,0.977809191,-0.115698838
Blackwarrior,2000,251,423248.4532,3634803.967,0–10 km,1,1,8.16638629,1.617105024,0.0043692,0.109012975,0.333263103,0.224250128,1.093508029,0.977809191,-0.115698838
Blackwarrior,2000,252,423222.2333,3635047.896,0–10 km,1,1,8.396474265,4.404501085,0.002366973,0.075903226,0.220427122,0.144523896,0.956114096,0.908318565,-0.047795531
Blackwarrior,2000,253,423104.2941,3635215.647,0–10 km,1,1,8.532354468,5.729483486,0.002599925,0.048149719,0.200891189,0.15274147,0.956114096,0.908318565,-0.047795531
Blackwarrior,2000,254,422898.5405,3635302.108,0–10 km,1,1,8.573577569,6.187327194,0.000710916,0.033932635,0.225697034,0.191764399,0.956114096,0.908318565,-0.047795531
Blackwarrior,2000,255,422567.5893,3635375.597,0–10 km,1,1,8.586791378,-5.616737079,4.13e-05,0.049292931,0.064531771,0.01523884,0.956114096,0.908318565,-0.047795531
Blackwarrior,2000,256,422339.7739,3635393.717,0–10 km,1,1,8.571455021,-1.504763419,-0.002365687,0.039824143,0.196619367,0.156795224,0.956114096,0.908318565,-0.047795531
Blackwarrior,2000,257,422225.8534,3635490.149,0–10 km,1,1,8.652843173,-2.098910619,-0.002791056,0.042648263,0.094977889,0.052329626,0.956114096,0.908318565,-0.047795531
Blackwarrior,2000,258,422100.5184,3635702.346,0–10 km,1,1,8.850038527,4.161021447,-0.000880615,0.082478876,0.086737584,0.004258708,0.956114096,0.908318565,-0.047795531
Blackwarrior,2000,259,422065.3542,3636065.603,0–10 km,1,1,9.208243115,5.069931145,-0.000377629,0.088071281,0.192838728,0.104767447,0.956114096,0.908318565,-0.047795531
Blackwarrior,2000,260,422072.7717,3636422.521,0–10 km,1,1,9.564436352,2.65148538,-0.000902625,0.078357491,0.20855503,0.130197539,0.956114096,0.908318565,-0.047795531
Blackwarrior,2000,261,422102.7344,3636599.92,0–10 km,1,1,9.743896373,2.840478525,-0.00746477,0.063276711,0.223819202,0.160542491,0.956114096,0.908318565,-0.047795531
Blackwarrior,2000,262,422269.5191,3636641.038,0–10 km,1,1,9.801628531,7.189869656,-0.001750973,0.090937169,0.303118804,0.212181635,0.956114096,0.908318565,-0.047795531
Blackwarrior,2000,263,422549.2277,3636624.07,0–10 km,1,1,9.819240237,10.88063664,-0.000383981,0.056026857,0.164686522,0.108659665,0.956114096,0.908318565,-0.047795531
Blackwarrior,2000,264,422804.5757,3636527.253,0–10 km,1,1,9.762005657,-1.376501575,0.000621911,0.16653186,0.298188589,0.131656729,0.956114096,0.908318565,-0.047795531
Blackwarrior,2000,267,423259.9834,3636749.259,10–30 km,2,1,10.06436615,9.059960922,0.001731082,0.069331641,0.43717317,0.367841529,0.956114096,0.908318565,-0.047795531
Blackwarrior,2000,268,423197.4161,3637047.356,10–30 km,2,1,10.34417452,9.895759246,5.31e-06,0.161577842,0.197442491,0.035864649,0.956114096,0.908318565,-0.047795531
Blackwarrior,2000,269,423121.1913,3637482.101,10–30 km,2,1,10.7573443,4.965345796,-0.000138564,0.044004077,0.233615869,0.189611792,0.956114096,0.908318565,-0.047795531
Blackwarrior,2000,270,423110.6291,3637881.763,10–30 km,2,1,11.14913312,2.884457009,-7.18e-05,0.113208604,0.225240005,0.112031401,0.956114096,0.908318565,-0.047795531
Blackwarrior,2000,271,423078.145,3638237.029,10–30 km,2,1,11.49407598,5.016644708,-0.000572071,0.101261203,0.249088616,0.147827413,0.956114096,0.908318565,-0.047795531
Blackwarrior,2000,272,423083.2678,3638395.535,10–30 km,2,1,11.65136168,2.462419609,-0.007641046,0.096906098,0.309417288,0.21251119,0.956114096,0.908318565,-0.047795531
Blackwarrior,2000,273,423215.1838,3638457.983,10–30 km,2,1,11.73494196,4.945781938,-0.003707475,0.098918493,0.361681752,0.262763259,0.956114096,0.908318565,-0.047795531
Blackwarrior,2000,274,423386.2799,3638461.968,10–30 km,2,1,11.76944318,5.811008262,-0.00188299,0.141946003,0.307139218,0.165193215,0.956114096,0.908318565,-0.047795531
Blackwarrior,2000,275,423584.1001,3638364.532,10–30 km,2,1,11.71234049,-4.230600059,-0.00077466,0.193301409,0.221962116,0.028660707,0.956114096,0.908318565,-0.047795531
Blackwarrior,2000,276,423805.254,3638217.695,10–30 km,2,1,11.61615681,-4.374220437,-0.000389832,0.167797676,-0.014927868,-0.182725544,0.956114096,0.908318565,-0.047795531
Blackwarrior,2000,277,423951.5559,3638061.018,10–30 km,2,1,11.49760397,2.173642153,0.001335331,0.129173644,0.103793386,-0.025380258,0.956114096,0.908318565,-0.047795531
Blackwarrior,2000,278,424065.9942,3637989.272,10–30 km,2,1,11.45602464,-0.604457924,0.015208911,0.259579907,0.171615639,-0.087964268,0.956114096,0.908318565,-0.047795531
Blackwarrior,2000,279,424168.2494,3638102.902,10–30 km,2,1,11.59187819,1.232435607,0.001427797,0.146251332,0.422285967,0.276034635,0.956114096,0.908318565,-0.047795531
Blackwarrior,2000,280,424229.7907,3638496.654,10–30 km,2,1,11.98846763,6.702648511,0.000967392,0.103690023,0.372482911,0.268792888,0.956114096,0.908318565,-0.047795531
Blackwarrior,2000,281,424160.6604,3638771.181,10–30 km,2,1,12.23746263,8.246608738,0.001931826,0.051898978,0.470187796,0.418288818,0.956114096,0.908318565,-0.047795531
Blackwarrior,2000,282,423962.158,3638943.424,10–30 km,2,1,12.35884088,2.092732793,0.000875661,0.106283813,0.178635422,0.072351609,0.956114096,0.908318565,-0.047795531
Blackwarrior,2000,283,423726.8207,3639131.398,10–30 km,2,1,12.49247488,-4.178185367,0.000154791,0.112324562,0.107495598,-0.004828964,0.956114096,0.908318565,-0.047795531
Blackwarrior,2000,284,423424.9164,3639252.148,10–30 km,2,1,12.5537895,-8.080084257,-0.001523804,0.043104468,0.389062229,0.345957761,0.956114096,0.908318565,-0.047795531
Blackwarrior,2000,285,423362.9306,3639382.875,10–30 km,2,1,12.67178674,1.533114919,-0.006357829,0.102688255,0.266731717,0.164043462,0.956114096,0.908318565,-0.047795531
Blackwarrior,2000,286,423421.4253,3639554.418,10–30 km,2,1,12.85088555,-0.420289374,-0.003462656,0.113650531,0.372181072,0.258530541,0.956114096,0.908318565,-0.047795531
Blackwarrior,2000,287,423580.0326,3639636.277,10–30 km,2,1,12.95973397,3.000583977,-0.006640533,0.065807303,0.436900598,0.371093295,0.956114096,0.908318565,-0.047795531
Blackwarrior,2000,288,423699.2094,3639592.401,10–30 km,2,1,12.93908096,6.285466574,-0.001896774,0.111940729,0.30643203,0.194491301,0.956114096,0.908318565,-0.047795531
Blackwarrior,2000,289,423884.344,3639374.755,10–30 km,2,1,12.76317908,4.572623588,0.000265318,0.089975622,-0.07232543,-0.162301052,0.956114096,0.908318565,-0.047795531
Blackwarrior,2000,290,424027.2237,3639184.564,10–30 km,2,1,12.60850957,2.1728927,0.001074395,0.110000073,0.121220406,0.011220333,0.956114096,0.908318565,-0.047795531
Blackwarrior,2000,291,424330.4668,3639052.876,10–30 km,2,1,12.5523425,-6.4439352,0.001630763,0.03859955,0.21637605,0.1777765,0.956114096,0.908318565,-0.047795531
Blackwarrior,2000,292,424548.792,3639038.018,10–30 km,2,1,12.59424267,-3.247859906,0.004325206,0.077381662,0.32296763,0.245585968,0.956114096,0.908318565,-0.047795531
Blackwarrior,2000,293,424675.4135,3639256.601,10–30 km,2,1,12.83886341,-0.486345439,0.002040078,0.209339538,0.288287101,0.078947563,0.956114096,0.908318565,-0.047795531
Blackwarrior,2000,294,424671.1164,3639461.868,10–30 km,2,1,13.03550905,3.282075494,0.001555874,0.105522755,-0.120309568,-0.225832323,0.956114096,0.908318565,-0.047795531
Blackwarrior,2016,295,419916.6096,3599747.889,10–30 km,2,1,27.19243524,-2.683968121,-0.000364123,0.044748635,0.363880607,0.319131972,1.275472482,0.956352162,-0.31912032
Blackwarrior,2016,296,419953.125,3599995.405,10–30 km,2,1,26.9434003,-8.893197908,-0.000393714,0.039891691,0.341999167,0.302107476,1.275472482,0.956352162,-0.31912032
Blackwarrior,2016,297,420037.5153,3600255.09,10–30 km,2,1,26.68009601,-20.39707562,-0.00052236,0.047368737,0.335111192,0.287742455,1.275472482,0.956352162,-0.31912032
Blackwarrior,2016,298,420129.8958,3600464.015,10–30 km,2,1,26.46740091,13.63016208,-0.000537716,0.059146411,0.305078909,0.245932498,1.275472482,0.956352162,-0.31912032
Blackwarrior,2016,299,420251.1957,3600636.984,10–30 km,2,1,26.28985286,10.83199923,-0.000165872,0.031650891,0.311604585,0.279953694,1.305027957,0.967452609,-0.337575348
Blackwarrior,2016,300,420349.7314,3600798.703,10–30 km,2,1,26.12478828,-10.99400758,-4.11e-05,-0.009135188,0.371184912,0.3803201,1.305027957,0.967452609,-0.337575348
Blackwarrior,2016,301,420436.071,3600926.579,10–30 km,2,1,25.99425261,11.29041286,0.000275157,0.043211985,0.392724565,0.34951258,1.305027957,0.967452609,-0.337575348
Blackwarrior,2016,302,420478.3528,3600981.492,10–30 km,2,1,25.93813206,-10.70525781,0.000237643,0.030708771,0.39478831,0.364079539,1.305027957,0.967452609,-0.337575348
Blackwarrior,2016,303,420624.2788,3601244.795,10–30 km,2,1,25.67115008,2.816321619,-0.000363445,0.093440727,0.243638204,0.150197477,1.305027957,0.967452609,-0.337575348
Blackwarrior,2016,304,420669.61,3601333.99,10–30 km,2,1,25.58096572,-5.111407222,-0.004938035,0.04825716,0.378452221,0.330195061,1.305027957,0.967452609,-0.337575348
Blackwarrior,2016,305,420798.0403,3601413.815,10–30 km,2,1,25.49877663,-4.506728957,-0.002995773,0.108335564,0.265702996,0.157367432,1.305027957,0.967452609,-0.337575348
Blackwarrior,2016,306,420962.1264,3601380.191,10–30 km,2,1,25.53034274,-2.722436481,-0.00193486,0.015773284,0.426286716,0.410513432,1.305027957,0.967452609,-0.337575348
Blackwarrior,2016,307,421087.7145,3601335.155,10–30 km,2,1,25.57452565,14.28897907,-4.54e-05,0.016949804,0.534742661,0.517792857,1.305027957,0.967452609,-0.337575348
Blackwarrior,2016,308,421285.4617,3601237.383,10–30 km,2,1,25.67221668,-13.04209954,0.000527452,-0.053793226,0.543013598,0.596806824,1.305027957,0.967452609,-0.337575348
Blackwarrior,2016,309,421486.9799,3601201.894,10–30 km,2,1,25.70916883,-12.53577553,0.001187393,-0.040229955,0.519820673,0.560050628,1.305027957,0.967452609,-0.337575348
Blackwarrior,2016,310,421611.2899,3601192.26,10–30 km,2,1,25.72048838,-4.496930201,0.000310957,-0.133118661,0.545337938,0.678456599,1.305027957,0.967452609,-0.337575348
Blackwarrior,2016,311,421930.4634,3601192.211,10–30 km,2,1,25.72761077,-9.562990789,3.04e-05,-0.128999689,0.5373754,0.666375089,1.305027957,0.967452609,-0.337575348
Blackwarrior,2016,312,422188.3331,3601202.855,10–30 km,2,1,25.72557734,-3.406538496,-0.000445005,-0.051107137,0.414504591,0.465611728,1.305027957,0.967452609,-0.337575348
Blackwarrior,2016,313,422372.9838,3601192.626,10–30 km,2,1,25.7435512,15.76081708,-0.000851255,-0.105317177,0.426903246,0.532220423,1.305027957,0.967452609,-0.337575348
Blackwarrior,2016,314,422629.8607,3601126.179,10–30 km,2,1,25.82289752,14.91468817,-0.000932886,0.057676445,0.297086709,0.239410264,1.305027957,0.967452609,-0.337575348
Blackwarrior,2016,315,422837.9314,3601015.634,10–30 km,2,1,25.94561305,13.93375524,-0.001258203,-0.055597662,0.463728862,0.519326524,1.305027957,0.967452609,-0.337575348
Blackwarrior,2016,316,422985.6177,3600835.098,10–30 km,2,1,26.13552599,15.22268383,-0.000455285,0.019827955,0.32181352,0.301985565,1.305027957,0.967452609,-0.337575348
Blackwarrior,2016,317,423139.5282,3600628.802,10–30 km,2,1,26.35229345,8.590076598,0.000100057,0.003542005,0.287344646,0.283802641,1.305027957,0.967452609,-0.337575348
Blackwarrior,2016,318,423249.2001,3600484.086,10–30 km,2,1,26.50492154,6.38185346,-9.39e-05,0.042103578,0.247170508,0.20506693,1.305027957,0.967452609,-0.337575348
Blackwarrior,2016,319,423344.01,3600403.405,10–30 km,2,1,26.5928654,9.644482994,-0.003677719,0.020036405,0.382330301,0.362293896,1.305027957,0.967452609,-0.337575348
Blackwarrior,2016,320,423364.3115,3600283.787,10–30 km,2,1,26.71377302,4.046719212,-0.00720183,-0.002294433,0.318924147,0.32121858,1.305027957,0.967452609,-0.337575348
Blackwarrior,2016,321,423317.3399,3600186.3,10–30 km,2,1,26.80722194,1.408192426,-0.002436329,0.066639191,0.233949409,0.167310218,1.305027957,0.967452609,-0.337575348
Blackwarrior,2016,322,423134.8036,3600104.23,10–30 km,2,1,26.87530503,-4.136916723,1.73e-05,-0.009380465,0.277263399,0.286643864,1.305027957,0.967452609,-0.337575348
Blackwarrior,2016,323,422923.6846,3599944.752,10–30 km,2,1,27.02013559,-4.243448686,0.000426877,0.000619272,0.281109708,0.280490436,1.305027957,0.967452609,-0.337575348
Blackwarrior,2016,324,422788.8851,3599848.913,10–30 km,2,1,27.1075772,-16.90578301,0.003248261,0.033750476,0.285323008,0.251572532,1.305027957,0.967452609,-0.337575348
Blackwarrior,2016,325,422708.314,3599736.722,10–30 km,2,1,27.21502952,-17.96808458,0.001304592,0.078859518,0.299281678,0.22042216,1.305027957,0.967452609,-0.337575348
Blackwarrior,2016,326,422662.6769,3599400.896,10–30 km,2,1,27.54799695,0.619417779,0.000312588,0.04892116,0.277047306,0.228126146,1.305027957,0.967452609,-0.337575348
Blackwarrior,2016,327,422662.7213,3599089.013,10–30 km,2,1,27.85955116,-4.431265729,0.00033132,0.053379081,0.31812509,0.264746009,1.305027957,0.967452609,-0.337575348
Blackwarrior,2016,328,422670.8242,3598984.707,10–30 km,2,1,27.96417356,11.6422413,-0.0001522,0.020057312,0.331055887,0.310998575,1.305027957,0.967452609,-0.337575348
Blackwarrior,2016,329,422668.8126,3598734.409,10–30 km,2,1,28.21410676,-1.509380069,-1.42e-05,-0.070777562,0.400368727,0.471146289,1.305027957,0.967452609,-0.337575348
Blackwarrior,2016,330,422659.6886,3598576.441,10–30 km,2,1,28.3714435,-5.255970485,0.002237799,-0.075130089,0.286152637,0.361282726,1.305027957,0.967452609,-0.337575348
Blackwarrior,2016,331,422674.9331,3598467.804,10–30 km,2,1,28.48075869,-6.891319748,0.004802384,-0.038147582,0.356960032,0.395107614,1.305027957,0.967452609,-0.337575348
Blackwarrior,2016,332,422802.9866,3598375.1,10–30 km,2,1,28.58026552,11.83399841,0.000611989,-0.02876597,0.27799493,0.3067609,1.305027957,0.967452609,-0.337575348
Blackwarrior,2016,333,423023.1349,3598226.367,10–30 km,2,1,28.74193991,-8.543668408,0.000328741,-0.04109727,0.361061919,0.402159189,1.305027957,0.967452609,-0.337575348
Blackwarrior,2016,334,423171.5699,3598151.252,10–30 km,2,1,28.82670164,-2.407084636,0.002769725,-0.056050963,0.325089525,0.381140488,1.305027957,0.967452609,-0.337575348
Blackwarrior,2016,335,423256.3943,3598126.26,10–30 km,2,1,28.85756485,-3.111484645,0.010920369,-0.058087337,0.381174624,0.439261961,1.305027957,0.967452609,-0.337575348
Blackwarrior,2016,336,423363.1383,3598197.571,10–30 km,2,1,28.79423526,-5.822055172,0.001300153,-0.056203511,0.402595701,0.458799212,1.305027957,0.967452609,-0.337575348
Blackwarrior,2016,337,423524.9548,3598471.101,10–30 km,2,1,28.53412539,-2.212132311,0.00016758,-0.057294189,0.370639517,0.427933706,1.305027957,0.967452609,-0.337575348
Blackwarrior,2016,338,423663.641,3598788.002,10–30 km,2,1,28.22995147,-18.31559685,-0.000239194,-0.137145836,0.722969539,0.860115375,1.305027957,0.967452609,-0.337575348
Blackwarrior,2016,339,423831.0448,3599051.838,10–30 km,2,1,27.98229046,15.94591468,-0.000710596,0.017861918,0.582365688,0.56450377,1.305027957,0.967452609,-0.337575348
Blackwarrior,2016,340,424036.2594,3599294.184,10–30 km,2,1,27.76116638,8.762976758,-9.26e-05,0.042848338,0.387289644,0.344441306,1.305027957,0.967452609,-0.337575348
Blackwarrior,2016,341,424605.4512,3599795.213,10–30 km,2,1,27.32773817,40.68697509,9.21e-05,0.075493349,0.191410849,0.1159175,1.305027957,0.967452609,-0.337575348
Blackwarrior,2016,342,424734.9923,3599965.552,10–30 km,2,1,27.17523085,3.789983858,0.001187204,0.032154894,0.267489746,0.235334852,1.305027957,0.967452609,-0.337575348
Blackwarrior,2016,343,424854.769,3600153.975,10–30 km,2,1,27.00431202,8.704938776,0.000476646,0.034078794,0.352111048,0.318032254,1.305027957,0.967452609,-0.337575348
Blackwarrior,2016,344,425000.2826,3600410.285,10–30 km,2,1,26.77057308,7.751033753,0.000333498,0.011734652,0.421829285,0.410094633,1.305027957,0.967452609,-0.337575348
Blackwarrior,2016,345,425126.0084,3600798.993,10–30 km,2,1,26.40413731,24.69226922,0.001159735,0.040224784,0.29453041,0.254305626,1.305027957,0.967452609,-0.337575348
Blackwarrior,2016,346,425139.0444,3600975.367,10–30 km,2,1,26.23163335,-13.51454774,0.000268327,0.064428879,0.374182848,0.309753969,1.305027957,0.967452609,-0.337575348
Blackwarrior,2016,347,425050.3509,3601677.854,10–30 km,2,1,25.52356116,-32.37390683,5.79e-05,0.05598515,0.266840834,0.210855684,1.305027957,0.967452609,-0.337575348
Blackwarrior,2016,348,425043.3835,3601829.221,10–30 km,2,1,25.37282963,-17.49826612,0.000268968,0.044270161,0.272750135,0.228479974,1.238918841,0.953451531,-0.28546731
Blackwarrior,2016,349,424966.4486,3602246.282,10–30 km,2,1,24.94878806,-2.427988914,0.000222577,0.102862644,0.297314295,0.194451651,1.238918841,0.953451531,-0.28546731
Blackwarrior,2016,350,424902.589,3602380.724,10–30 km,2,1,24.80623544,2.014597257,-0.000525293,0.094941576,0.098081785,0.003140209,1.238918841,0.953451531,-0.28546731
Blackwarrior,2016,351,424845.2179,3602669.406,10–30 km,2,1,24.51212905,-10.08347467,-0.000964059,0.031568834,0.241893326,0.210324492,1.238918841,0.953451531,-0.28546731
Blackwarrior,2016,353,424928.2432,3602904.274,10–30 km,2,1,24.2924268,-12.46001991,-0.000389537,0.12381739,0.240247897,0.116430507,1.238918841,0.953451531,-0.28546731
Blackwarrior,2016,355,425115.8665,3603259.56,10–30 km,2,1,23.9712369,9.883543066,-0.006425722,0.124951323,0.26580921,0.140857887,1.238918841,0.953451531,-0.28546731
Blackwarrior,2016,357,425392.3123,3603254.87,10–30 km,2,1,24.02257957,2.728458786,-0.003013432,0.042225211,0.273032613,0.230807402,1.238918841,0.953451531,-0.28546731
Blackwarrior,2016,358,425519.0251,3603158.094,10–30 km,2,1,24.14026463,-4.814637573,-0.001849303,0.066362397,0.33840217,0.272039773,1.238918841,0.953451531,-0.28546731
Blackwarrior,2016,359,425592.1124,3602957.882,10–30 km,2,1,24.35042017,-8.486962246,-0.000150442,0.054896166,0.384271718,0.329375552,1.238918841,0.953451531,-0.28546731
Blackwarrior,2016,360,425660.5235,3602823.563,10–30 km,2,1,24.49496229,-6.893989864,0.003308432,0.105978108,0.295671943,0.189693835,1.238918841,0.953451531,-0.28546731
Blackwarrior,2016,361,425725.2972,3602767.437,10–30 km,2,1,24.56202621,5.820193731,0.008614753,0.097431924,0.408861393,0.311429469,1.238918841,0.953451531,-0.28546731
Blackwarrior,2016,362,425842.209,3602743.349,10–30 km,2,1,24.60750561,4.191055668,0.00478541,0.056209174,0.476876823,0.420667649,1.238918841,0.953451531,-0.28546731
Blackwarrior,2016,363,425988.5096,3602891.027,10–30 km,2,1,24.49064144,14.68124448,0.000906138,0.046018201,0.358011215,0.311993014,1.238918841,0.953451531,-0.28546731
Blackwarrior,2016,364,426105.379,3603148.414,10–30 km,2,1,24.26155783,19.82379179,0.002059168,0.024243311,0.442018055,0.417774744,1.238918841,0.953451531,-0.28546731
Blackwarrior,2016,365,426146.9516,3603241.444,10–30 km,2,1,24.17890054,-47.19702934,0.00033311,0.032004415,0.450028791,0.418024376,1.238918841,0.953451531,-0.28546731
Blackwarrior,2016,366,426186.6501,3603890.373,10–30 km,2,1,23.55223643,4.474127959,0.000285048,0.037573402,0.3462305,0.308657098,1.238918841,0.953451531,-0.28546731
Blackwarrior,2016,367,426171.0265,3604069.524,10–30 km,2,1,23.37378992,-2.308984519,9.32e-05,0.02592738,0.300437421,0.274510041,1.238918841,0.953451531,-0.28546731
Blackwarrior,2016,368,426081.776,3604961.314,10–30 km,2,1,22.48335349,22.82204784,-9.27e-05,0.031470914,0.326105516,0.294634602,1.238918841,0.953451531,-0.28546731
Blackwarrior,2016,369,426060.2864,3605167.425,10–30 km,2,1,22.27743693,4.770950575,-0.002563641,0.122081727,0.313088722,0.191006995,1.238918841,0.953451531,-0.28546731
Blackwarrior,2016,370,426156.3885,3605377.005,10–30 km,2,1,22.09425176,4.034450831,-0.001750826,0.023886188,0.423933587,0.400047399,1.238918841,0.953451531,-0.28546731
Blackwarrior,2016,371,426279.0668,3605512.896,10–30 km,2,1,21.98982222,4.649509586,-0.002117582,0.097671955,0.505179142,0.407507187,1.238918841,0.953451531,-0.28546731
Blackwarrior,2016,372,426461.0786,3605608.804,10–30 km,2,1,21.93943712,-1.172077147,-0.001728963,0.140279011,0.464587785,0.324308774,1.238918841,0.953451531,-0.28546731
Blackwarrior,2016,373,426689.5666,3605614.248,10–30 km,2,1,21.99009538,6.474277383,-0.001950073,0.051571543,0.697030376,0.645458833,1.238918841,0.953451531,-0.28546731
Blackwarrior,2016,374,426813.0787,3605533.893,10–30 km,2,1,22.09900219,1.281760046,-0.000829368,0.054114352,0.561799262,0.50768491,1.238918841,0.953451531,-0.28546731
Blackwarrior,2016,375,426910.9827,3605497.619,10–30 km,2,1,22.1591406,12.56533036,5.73e-05,0.054201931,0.675806075,0.621604144,1.238918841,0.953451531,-0.28546731
Blackwarrior,2016,377,427464.6053,3605259.864,10–30 km,2,1,22.53666243,1.430282732,-0.001025466,0.050366578,0.345100614,0.294734036,1.238918841,0.953451531,-0.28546731
Blackwarrior,2016,378,427570.7645,3605165.722,10–30 km,2,1,22.65677332,6.223871168,-0.001405917,0.043813303,0.286799392,0.242986089,1.238918841,0.953451531,-0.28546731
Blackwarrior,2016,379,427725.9872,3605004.688,10–30 km,2,1,22.85526218,4.111510399,-0.001907144,-0.01362868,0.234211824,0.247840504,1.238918841,0.953451531,-0.28546731
Blackwarrior,2016,380,427762.5606,3604849.991,10–30 km,2,1,23.01401743,1.295513708,-0.002327856,0.050446786,0.313507553,0.263060767,1.238918841,0.953451531,-0.28546731
Blackwarrior,2016,381,427737.1515,3604660.102,10–30 km,2,1,23.18896706,8.468133684,-0.000390866,0.057043454,0.388772119,0.331728665,1.238918841,0.953451531,-0.28546731
Blackwarrior,2016,382,427681.845,3604400.559,10–30 km,2,1,23.4228081,-15.18215169,0.000152559,0.064958714,0.288962342,0.224003628,1.238918841,0.953451531,-0.28546731
Blackwarrior,2016,383,427655.2583,3604258.407,10–30 km,2,1,23.55218278,-7.974477303,0.001611942,0.054060073,0.243446146,0.189386073,1.238918841,0.953451531,-0.28546731
Blackwarrior,2016,384,427664.0583,3604131.446,10–30 km,2,1,23.67675014,5.883955725,0.000838486,0.038931704,0.285655451,0.246723747,1.238918841,0.953451531,-0.28546731
Blackwarrior,2016,385,427694.4255,3603910.505,10–30 km,2,1,23.89768284,12.04627657,0.000965027,0.068645777,0.17838009,0.109734313,1.238918841,0.953451531,-0.28546731
Blackwarrior,2016,386,427758.3465,3603785.475,10–30 km,2,1,24.03544201,5.845144127,0.002992224,0.037626346,0.26549711,0.227870764,1.238918841,0.953451531,-0.28546731
Blackwarrior,2016,387,427824.6128,3603700.551,10–30 km,2,1,24.13529432,5.066962211,0.004279372,0.041491407,0.286935018,0.245443611,1.238918841,0.953451531,-0.28546731
Blackwarrior,2016,388,427936.9804,3603650.006,10–30 km,2,1,24.21495383,2.095596569,0.003059949,0.029760461,0.269513013,0.239752552,1.238918841,0.953451531,-0.28546731
Blackwarrior,2016,389,428076.6716,3603668.118,10–30 km,2,1,24.23683324,9.074300538,0.002276999,0.041180151,0.243197955,0.202017804,1.238918841,0.953451531,-0.28546731
Blackwarrior,2016,390,428178.564,3603705.695,10–30 km,2,1,24.22995409,8.286954454,0.002482432,0.041649378,0.099848703,0.058199325,1.238918841,0.953451531,-0.28546731
Blackwarrior,2016,391,428307.072,3603774.316,10–30 km,2,1,24.20167007,6.864942353,0.001097826,0.037334042,0.186608672,0.14927463,1.238918841,0.953451531,-0.28546731
Blackwarrior,2016,392,428555.0857,3603999.512,10–30 km,2,1,24.06110961,-4.939040526,0.000751565,0.037993274,0.209667791,0.171674517,1.238918841,0.953451531,-0.28546731
Blackwarrior,2016,393,428660.6427,3604294.26,10–30 km,2,1,23.81342374,-8.473608989,0.000545252,0.03659281,0.364653225,0.328060415,1.238918841,0.953451531,-0.28546731
Blackwarrior,2016,394,428732.3248,3604528.681,10–30 km,2,1,23.61362428,-7.784203965,-0.000415512,0.024908187,0.461745915,0.436837728,1.238918841,0.953451531,-0.28546731
Blackwarrior,2016,395,428773.4143,3604629.939,10–30 km,2,1,23.5308455,-21.13570913,-0.000360308,0.047251708,0.340678779,0.293427071,1.238918841,0.953451531,-0.28546731
Blackwarrior,2016,396,428922.8925,3604933.91,10–30 km,2,1,23.29231784,-4.295267035,-0.00042312,0.035027627,0.339617514,0.304589887,1.238918841,0.953451531,-0.28546731
Blackwarrior,2016,397,429056.9547,3605158.967,10–30 km,2,1,23.12526899,-2.160312725,-0.00094927,0.066323733,0.250842503,0.18451877,1.238918841,0.953451531,-0.28546731
Blackwarrior,2016,398,429290.2611,3605346.325,10–30 km,2,1,23.03004545,3.608016909,-0.000508762,0.045278578,0.318327958,0.27304938,1.238918841,0.953451531,-0.28546731
Blackwarrior,2016,399,429549.5539,3605487.343,10–30 km,2,1,22.99096345,13.02867954,-0.000362626,0.045451204,0.182708434,0.13725723,1.238918841,0.953451531,-0.28546731
Blackwarrior,2016,400,429652.1586,3605540.792,10–30 km,2,1,22.97871663,1.395838048,-0.000493037,0.049954903,0.078554058,0.028599155,1.269338391,0.960713259,-0.308625132
Blackwarrior,2016,401,430085.6469,3605769.607,10–30 km,2,1,22.93058226,13.95500519,-0.000162057,0.021264704,0.296505473,0.275240769,1.269338391,0.960713259,-0.308625132
Blackwarrior,2016,402,430673.2064,3605877.783,10–30 km,2,1,23.06600922,-26.91822378,0.000100967,0.070128492,0.467021065,0.396892573,1.269338391,0.960713259,-0.308625132
Blackwarrior,2016,403,430787.1862,3605909.18,10–30 km,2,1,23.08450468,3.057307716,0.011899429,0.090508201,0.420881914,0.330373713,1.269338391,0.960713259,-0.308625132
Blackwarrior,2016,404,430823.6655,3606094.239,10–30 km,2,1,22.93153021,9.146644868,0.002196253,0.05522546,0.292408324,0.237182864,1.269338391,0.960713259,-0.308625132
Blackwarrior,2016,405,430665.9458,3606313.846,10–30 km,2,1,22.66596978,4.477922653,0.000395005,0.058507047,0.118794074,0.060287027,1.269338391,0.960713259,-0.308625132
Blackwarrior,2016,406,430486.0112,3606574.275,10–30 km,2,1,22.35414908,-6.531181611,-0.000204534,0.099391654,0.103206563,0.003814909,1.269338391,0.960713259,-0.308625132
Blackwarrior,2016,407,430409.5246,3606674.208,10–30 km,2,1,22.23144693,-26.37845017,-0.000433716,0.077495683,0.180662842,0.103167159,1.269338391,0.960713259,-0.308625132
Blackwarrior,2016,408,430132.5834,3607145.488,10–30 km,2,1,21.68766541,-17.2351446,-0.000196108,0.036096,0.137966517,0.101870517,1.269338391,0.960713259,-0.308625132
Blackwarrior,2016,409,430028.6307,3607607.664,10–30 km,2,1,21.22375942,22.86234885,-0.000187715,0.060789506,0.179228712,0.118439206,1.269338391,0.960713259,-0.308625132
Blackwarrior,2016,410,429943.3191,3607841.981,10–30 km,2,1,20.97511526,-8.343247743,1.84e-05,0.067567188,0.226262905,0.158695717,1.269338391,0.960713259,-0.308625132
Blackwarrior,2016,411,429777.9339,3608434.894,10–30 km,2,1,20.36725893,-3.743956644,8.94e-05,0.099074605,0.315696964,0.216622359,1.269338391,0.960713259,-0.308625132
Blackwarrior,2016,412,429695.9734,3608682.656,10–30 km,2,1,20.10795937,12.16171499,0.003754541,0.087193747,0.299632551,0.212438804,1.269338391,0.960713259,-0.308625132
Blackwarrior,2016,413,429606.8289,3608748.455,10–30 km,2,1,20.01069045,-4.250863701,0.002204855,0.075163419,0.310353985,0.235190566,1.238918841,0.953451531,-0.28546731
Blackwarrior,2016,414,429310.1527,3608776.965,10–30 km,2,1,19.86177903,14.09282942,0.000508047,0.011367353,0.237136236,0.225768883,1.238918841,0.953451531,-0.28546731
Blackwarrior,2016,415,429094.8173,3608787.286,10–30 km,2,1,19.76532199,2.983568494,0.00058183,0.032014489,0.216651866,0.184637377,1.238918841,0.953451531,-0.28546731
Blackwarrior,2016,416,428798.7332,3608746.461,10–30 km,2,1,19.68654595,7.307347944,0.000635493,0.09081945,0.191737674,0.100918224,1.238918841,0.953451531,-0.28546731
Blackwarrior,2016,417,428599.6125,3608674.129,10–30 km,2,1,19.6775396,-14.00502228,0.000510257,0.071102871,0.299943027,0.228840156,1.238918841,0.953451531,-0.28546731
Blackwarrior,2016,418,428313.4353,3608553.722,10–30 km,2,1,19.68393125,16.64805153,0.000283976,0.106123354,0.308269362,0.202146008,1.238918841,0.953451531,-0.28546731
Blackwarrior,2016,419,428087.8986,3608404.717,10–30 km,2,1,19.74313836,-20.52584502,-0.000145282,0.086314071,0.246698752,0.160384681,1.238918841,0.953451531,-0.28546731
Blackwarrior,2016,420,427857.2127,3608268.96,10–30 km,2,1,19.79164753,-21.01651149,-0.000551531,0.088863292,0.389587916,0.300724624,1.238918841,0.953451531,-0.28546731
Blackwarrior,2016,421,427588.6712,3608192.631,10–30 km,2,1,19.77514948,-19.45478908,-0.000303976,0.08599436,0.263396627,0.177402267,1.238918841,0.953451531,-0.28546731
Blackwarrior,2016,422,427371.1373,3608147.817,10–30 km,2,1,19.7484974,7.932944652,0.000232226,0.014131836,0.267817589,0.253685753,1.238918841,0.953451531,-0.28546731
Blackwarrior,2016,423,427038.2944,3608046.412,10–30 km,2,1,19.7438714,-7.98012324,0.000205078,0.0551059,0.14762991,0.09252401,1.238918841,0.953451531,-0.28546731
Blackwarrior,2016,424,426723.1826,3607905.746,10–30 km,2,1,19.78804396,-8.652002342,0.000102525,0.011678124,0.125169705,0.113491581,1.238918841,0.953451531,-0.28546731
Blackwarrior,2016,425,426553.307,3607819.881,10–30 km,2,1,19.82397421,-7.268841987,-0.001639899,0.072171329,0.178676015,0.106504686,1.238918841,0.953451531,-0.28546731
Blackwarrior,2016,426,426370.6316,3607769.231,10–30 km,2,1,19.82431737,11.44387661,-0.001878582,0.054483888,0.371399522,0.316915634,1.238918841,0.953451531,-0.28546731
Blackwarrior,2016,427,426138.012,3607871.682,10–30 km,2,1,19.66568068,-16.725849,-0.000277028,0.045201765,0.400545717,0.355343952,1.238918841,0.953451531,-0.28546731
Blackwarrior,2016,428,425866.9683,3607983.155,10–30 km,2,1,19.49107056,-9.736113649,-1e-05,0.045604584,0.280303313,0.234698729,1.238918841,0.953451531,-0.28546731
Blackwarrior,2016,429,425539.7774,3608091.31,10–30 km,2,1,19.30986336,14.99752784,-0.000415334,0.024162623,0.210505524,0.186342901,1.238918841,0.953451531,-0.28546731
Blackwarrior,2016,430,425297.8392,3608225.447,10–30 km,2,1,19.1258288,17.38820872,-0.00060257,0.055436024,0.238587105,0.183151081,1.238918841,0.953451531,-0.28546731
Blackwarrior,2016,431,425028.4874,3608446.638,10–30 km,2,1,18.8532093,16.96787382,-0.000435638,0.005805797,0.253284175,0.247478378,1.238918841,0.953451531,-0.28546731
Blackwarrior,2016,432,424880.9225,3608646.431,10–30 km,2,1,18.62782934,-14.13388289,-0.000466622,0.060627338,0.195767275,0.135139937,1.238918841,0.953451531,-0.28546731
Blackwarrior,2016,433,424785.0016,3608748.881,10–30 km,2,1,18.5085537,4.442010838,-0.000220593,0.04843721,0.062528526,0.014091316,1.238918841,0.953451531,-0.28546731
Blackwarrior,2016,434,424531.7885,3609095.319,10–30 km,2,1,18.12041191,-10.76825861,-0.000190719,0.062903404,0.226086874,0.16318347,1.238918841,0.953451531,-0.28546731
Blackwarrior,2016,435,424326.7506,3609443.449,10–30 km,2,1,17.74092704,-26.14144138,-0.00070791,0.071634215,0.202661235,0.13102702,1.238918841,0.953451531,-0.28546731
Blackwarrior,2016,436,424253.9901,3609675.88,10–30 km,2,1,17.49925768,-12.13492574,-0.000198411,0.064440184,0.189567723,0.125127539,1.238918841,0.953451531,-0.28546731
Blackwarrior,2016,437,424201.9554,3610120.501,10–30 km,2,1,17.05224873,-1.30633091,0.000427707,0.074282595,0.315667923,0.241385328,1.238918841,0.953451531,-0.28546731
Blackwarrior,2016,438,424043.8214,3610408.328,10–30 km,2,1,16.74130757,-17.04746667,0.000497995,-0.004379321,0.444655908,0.449035229,1.238918841,0.953451531,-0.28546731
Blackwarrior,2016,439,423850.54,3610686.903,10–30 km,2,1,16.43447582,-9.32914875,-0.000203358,0.006924748,0.407451603,0.400526855,1.238918841,0.953451531,-0.28546731
Blackwarrior,2016,440,423743.3283,3610866.673,10–30 km,2,1,16.23988848,8.203446716,-0.002248935,0.069657886,0.280002581,0.210344695,1.238918841,0.953451531,-0.28546731
Blackwarrior,2016,441,423739.2652,3610998.425,10–30 km,2,1,16.10908998,-9.594745378,-0.003336736,0.034712741,0.274200573,0.239487832,1.238918841,0.953451531,-0.28546731
Blackwarrior,2016,442,423770.2934,3611139.876,10–30 km,2,1,15.9743384,-8.607030228,-0.001611291,0.068837412,0.271584857,0.202747445,1.238918841,0.953451531,-0.28546731
Blackwarrior,2016,443,423879.7402,3611300.313,10–30 km,2,1,15.83411421,12.36212735,-0.001101384,0.036496363,0.353005346,0.316508983,1.238918841,0.953451531,-0.28546731
Blackwarrior,2016,444,424012.8956,3611453.052,10–30 km,2,1,15.70684903,-15.23061661,-0.00232843,0.071316851,0.339552204,0.268235353,1.238918841,0.953451531,-0.28546731
Blackwarrior,2016,445,424163.2156,3611504.557,10–30 km,2,1,15.68386933,-0.926896585,-0.002439121,0.057880369,0.278435744,0.220555375,1.238918841,0.953451531,-0.28546731
Blackwarrior,2016,446,424353.2302,3611486.31,10–30 km,2,1,15.73876429,3.649978369,-0.00029742,0.058193995,0.446015034,0.387821039,1.238918841,0.953451531,-0.28546731
Blackwarrior,2016,447,424559.7099,3611433.272,10–30 km,2,1,15.83327935,-14.871367,0.000337884,0.026659274,0.36310579,0.336446516,1.238918841,0.953451531,-0.28546731
Blackwarrior,2016,448,424814.5383,3611448.776,10–30 km,2,1,15.87421201,-17.04142238,8.38e-06,-0.023917847,0.306128176,0.330046023,1.238918841,0.953451531,-0.28546731
Blackwarrior,2016,449,425054.6496,3611426.595,10–30 km,2,1,15.95214341,13.09663717,-0.000172908,0.02426181,0.390838428,0.366576618,1.238918841,0.953451531,-0.28546731
Blackwarrior,2016,450,425218.9875,3611414.062,10–30 km,2,1,16.0047939,-11.05229857,0.000166913,0.048401693,0.351862486,0.303460793,1.238918841,0.953451531,-0.28546731
Blackwarrior,2016,451,425443.7214,3611400.408,10–30 km,2,1,16.07588914,-17.09341727,0.000364189,0.071005271,0.292375465,0.221370194,1.238918841,0.953451531,-0.28546731
Blackwarrior,2016,452,425734.3458,3611397.322,10–30 km,2,1,16.15802598,-2.518465483,0.000320194,0.089009201,0.138249752,0.049240551,1.238918841,0.953451531,-0.28546731
Blackwarrior,2016,453,426071.176,3611463.357,10–30 km,2,1,16.19278464,-7.46935573,0.000278676,0.077355777,0.270204935,0.192849158,1.238918841,0.953451531,-0.28546731
Blackwarrior,2016,454,426333.9677,3611517.004,10–30 km,2,1,16.22287948,14.07573187,0.000255042,0.080056099,0.063057675,-0.016998424,1.238918841,0.953451531,-0.28546731
Blackwarrior,2016,455,426611.3676,3611615.133,10–30 km,2,1,16.22024948,23.32262286,0.000243673,0.086886141,0.308121654,0.221235513,1.238918841,0.953451531,-0.28546731
Blackwarrior,2016,456,426860.0659,3611699.435,10–30 km,2,1,16.2258764,-6.10644636,2.54e-05,0.091664275,0.167917385,0.07625311,1.238918841,0.953451531,-0.28546731
Blackwarrior,2016,457,427153.9743,3611847.713,10–30 km,2,1,16.19273534,-1.019135935,-0.000675192,0.117399551,0.158757899,0.041358348,1.238918841,0.953451531,-0.28546731
Blackwarrior,2016,458,427331.0922,3611867.9,10–30 km,2,1,16.24001931,4.836782834,-0.002525509,0.086510533,0.095028132,0.008517599,1.238918841,0.953451531,-0.28546731
Blackwarrior,2016,459,427503.1862,3611831.679,10–30 km,2,1,16.3392169,12.19558018,-0.00081012,0.080316959,0.143865059,0.0635481,1.238918841,0.953451531,-0.28546731
Blackwarrior,2016,460,427747.4432,3611729.917,10–30 km,2,1,16.52844591,13.55958683,-0.000445599,0.024390252,0.130699118,0.106308866,1.238918841,0.953451531,-0.28546731
Blackwarrior,2016,461,427961.2172,3611615.389,10–30 km,2,1,16.71903809,17.08999886,-0.000190408,0.059188032,0.360377272,0.30118924,1.238918841,0.953451531,-0.28546731
Blackwarrior,2016,462,428263.8233,3611418.263,10–30 km,2,1,17.02295124,19.03936014,9.45e-06,0.024158396,0.516749652,0.492591256,1.238918841,0.953451531,-0.28546731
Blackwarrior,2016,463,428529.6133,3611251.585,10–30 km,2,1,17.28585258,-15.97686194,0.000361231,0.019985202,0.30651248,0.286527278,1.238918841,0.953451531,-0.28546731
Blackwarrior,2016,464,428686.5418,3611171.668,10–30 km,2,1,17.42515962,-1.225226441,0.000125417,0.016985736,0.374405501,0.357419765,1.238918841,0.953451531,-0.28546731
Blackwarrior,2016,465,428989.2658,3611051.378,10–30 km,2,1,17.66532797,-7.454041522,-7.63e-05,0.087366092,0.412211501,0.324845409,1.238918841,0.953451531,-0.28546731
Blackwarrior,2016,466,429168.0001,3610933.874,10–30 km,2,1,17.85000219,-3.039156871,0.001014333,0.044553268,0.526417463,0.481864195,1.238918841,0.953451531,-0.28546731
Blackwarrior,2016,467,429267.8804,3610916.041,10–30 km,2,1,17.91075576,0.485087415,0.007880554,0.082509132,0.186483701,0.103974569,1.238918841,0.953451531,-0.28546731
Blackwarrior,2016,468,429363.6419,3610943.106,10–30 km,2,1,17.93000651,3.633917626,0.003538853,0.066194234,0.159171837,0.092977603,1.238918841,0.953451531,-0.28546731
Blackwarrior,2016,469,429476.8137,3611080.058,10–30 km,2,1,17.8603329,1.751205992,0.000836778,0.077508979,0.089242388,0.011733409,1.238918841,0.953451531,-0.28546731
Blackwarrior,2016,470,429598.2432,3611300.349,10–30 km,2,1,17.72260499,25.50509921,7.26e-05,0.034595217,0.375289069,0.340693852,1.238918841,0.953451531,-0.28546731
Blackwarrior,2016,471,429992.6549,3611989.873,10–30 km,2,1,17.31535321,7.668357341,4.74e-05,0.066006408,0.23612047,0.170114062,1.269338391,0.960713259,-0.308625132
Blackwarrior,2016,472,430194.5497,3612456.547,10–30 km,2,1,17.02074046,7.048731343,0.000441258,0.066355445,0.249812552,0.183457107,1.269338391,0.960713259,-0.308625132
Blackwarrior,2016,473,430261.1838,3612595.13,10–30 km,2,1,16.93878161,-7.52311378,0.000702241,0.082732745,0.186377523,0.103644778,1.269338391,0.960713259,-0.308625132
Blackwarrior,2016,474,430313.3727,3613013.569,10–30 km,2,1,16.61523879,4.244619398,0.000787822,0.09642826,0.088204366,-0.008223894,1.074889652,0.97652205,-0.098367602
Blackwarrior,2016,475,430291.4337,3613175.3,10–30 km,2,1,16.46808005,-4.416796776,0.002091068,0.085748206,0.347086457,0.261338251,1.074889652,0.97652205,-0.098367602
Blackwarrior,2016,476,430157.4652,3613408.138,10–30 km,2,1,16.19989883,-1.428848643,0.000674278,0.075263759,0.128317264,0.053053505,1.074889652,0.97652205,-0.098367602
Blackwarrior,2016,477,429974.3475,3613610.315,10–30 km,2,1,15.93014418,-3.584871313,0.00088296,0.015886461,0.235354572,0.219468111,1.074889652,0.97652205,-0.098367602
Blackwarrior,2016,478,429807.264,3613737.543,10–30 km,2,1,15.73200441,-5.172258441,0.001160219,0.053530456,0.285868905,0.232338449,1.074889652,0.97652205,-0.098367602
Blackwarrior,2016,479,429602.8925,3613816.275,10–30 km,2,1,15.55474135,-5.934493384,0.00286569,0.050797013,0.371055259,0.320258246,1.141346808,0.953773281,-0.187573527
Blackwarrior,2016,480,429503.8087,3613801.708,10–30 km,2,1,15.51372055,1.821415202,0.006212534,0.094099176,0.344344552,0.250245376,1.141346808,0.953773281,-0.187573527
Blackwarrior,2016,481,429377.0007,3613709.675,10–30 km,2,1,15.52436456,-7.189651406,0.000506054,0.079840123,0.297544305,0.217704182,1.141346808,0.953773281,-0.187573527
Blackwarrior,2016,482,429165.1137,3613420.647,10–30 km,2,1,15.66199465,-1.025919425,-9.03e-05,0.088019226,0.20780009,0.119780864,1.141346808,0.953773281,-0.187573527
Blackwarrior,2016,483,428987.272,3613220.752,10–30 km,2,1,15.74573911,-14.13898347,-0.00061127,0.066006609,0.080386001,0.014379392,1.141346808,0.953773281,-0.187573527
Blackwarrior,2016,484,428816.7972,3613084.161,10–30 km,2,1,15.78161911,-8.79209262,-0.000858857,0.065059006,0.332579255,0.267520249,1.141346808,0.953773281,-0.187573527
Blackwarrior,2016,485,428661.9582,3612993.4,10–30 km,2,1,15.78738991,16.91731092,-0.000428823,0.05879536,0.341796796,0.283001436,1.141346808,0.953773281,-0.187573527
Blackwarrior,2016,486,428435.1848,3612889.455,10–30 km,2,1,15.77375391,-21.4990495,-0.000477856,0.059433339,0.247147645,0.187714306,1.141346808,0.953773281,-0.187573527
Blackwarrior,2016,487,428145.3462,3612756.803,10–30 km,2,1,15.76188175,22.65712642,-0.00104042,0.04562174,0.201669658,0.156047918,1.141346808,0.953773281,-0.187573527
Blackwarrior,2016,488,427839.6932,3612766.491,10–30 km,2,1,15.62077885,15.02142878,-0.000507849,0.040830083,0.400894273,0.36006419,1.141346808,0.953773281,-0.187573527
Blackwarrior,2016,489,427380.1264,3612861.66,10–30 km,2,1,15.34378485,-3.824742514,-0.000156094,0.066640623,0.355398062,0.288757439,1.141346808,0.953773281,-0.187573527
Blackwarrior,2016,490,426734.1362,3613019.212,10–30 km,2,1,14.94856605,37.11337975,-0.000263359,0.076025766,0.324410091,0.248384325,1.141346808,0.953773281,-0.187573527
Blackwarrior,2016,491,426127.07,3613283.966,10–30 km,2,1,14.4852181,-21.62474662,-0.000719104,0.101837243,0.266107695,0.164270452,1.141346808,0.953773281,-0.187573527
Blackwarrior,2016,492,425834.0948,3613688.6,10–30 km,2,1,14.0055756,-1.211545366,-0.000569209,0.122731272,0.119306183,-0.003425089,1.141346808,0.953773281,-0.187573527
Blackwarrior,2016,493,425614.0525,3614283.419,10–30 km,2,1,13.37124475,2.30417088,-0.000490547,0.089525451,-0.006435663,-0.095961114,1.141346808,0.953773281,-0.187573527
Blackwarrior,2016,494,425576.784,3614679.004,10–30 km,2,1,12.98575193,-20.35033782,-0.001537314,0.089312818,0.089955542,0.000642724,1.141346808,0.953773281,-0.187573527
Blackwarrior,2016,495,425716.0453,3614958.39,10–30 km,2,1,12.77156051,-2.420302468,-0.000875927,0.170752303,0.080372808,-0.090379495,1.141346808,0.953773281,-0.187573527
Blackwarrior,2016,496,425977.5697,3615229.95,10–30 km,2,1,12.61456131,3.498106123,0.000280219,0.142571333,-0.355535977,-0.49810731,1.141346808,0.953773281,-0.187573527
Blackwarrior,2016,497,426211.9901,3615483.762,10–30 km,2,1,12.47231864,9.855614182,0.000727514,0.071389065,0.237116684,0.165727619,1.141346808,0.953773281,-0.187573527
Blackwarrior,2016,498,426317.3555,3615929.356,10–30 km,2,1,12.10963807,26.08532466,0.000717915,0.160851384,0.175949696,0.015098312,1.141346808,0.953773281,-0.187573527
Blackwarrior,2016,499,426335.6472,3616249.442,10–30 km,2,1,11.82814562,-7.641265081,0.001970382,0.128175572,0.24165284,0.113477268,1.141346808,0.953773281,-0.187573527
Blackwarrior,2016,500,426196.1108,3616482.829,10–30 km,2,1,11.55725515,-6.078442865,0.000353489,0.197559143,0.030875216,-0.166683927,1.141346808,0.953773281,-0.187573527
Blackwarrior,2016,501,425855.7672,3616814.175,10–30 km,2,1,11.11239983,-26.50105968,-0.000256665,0.04689453,0.314107645,0.267213115,1.141346808,0.953773281,-0.187573527
Blackwarrior,2016,502,425594.7962,3617301.447,10–30 km,2,1,10.56048449,-15.41886618,-0.000347639,0.072959362,0.358960345,0.286000983,1.141346808,0.953773281,-0.187573527
Blackwarrior,2016,503,425447.1421,3617729.209,10–30 km,2,1,10.11001837,-49.72447613,-0.000360371,0.112273464,0.143730492,0.031457028,1.141346808,0.953773281,-0.187573527
Blackwarrior,2016,504,425381.4588,3618107.465,0–10 km,1,1,9.739542986,-2.527677559,-0.000391351,0.059522997,0.249934283,0.190411286,1.141346808,0.953773281,-0.187573527
Blackwarrior,2016,505,425350.0391,3618446.369,0–10 km,1,1,9.420588865,-20.09575078,-0.000967382,0.037715035,0.398436789,0.360721754,1.141346808,0.953773281,-0.187573527
Blackwarrior,2016,506,425410.5079,3618650.947,0–10 km,1,1,9.264635816,24.90593097,-0.00142331,0.088994888,0.171390456,0.082395568,1.141346808,0.953773281,-0.187573527
Blackwarrior,2016,507,425520.9568,3618809.137,0–10 km,1,1,9.175464329,1.522668753,0.000450121,0.134960527,0.148731695,0.013771168,1.141346808,0.953773281,-0.187573527
Blackwarrior,2016,508,425677.899,3619163.276,0–10 km,1,1,8.942080254,-1.621135098,0.001161528,0.119816254,0.156039482,0.036223228,1.141346808,0.953773281,-0.187573527
Blackwarrior,2016,509,425639.1073,3619395.709,0–10 km,1,1,8.721780934,-24.12920556,0.001218095,0.13803279,0.117972801,-0.020059989,1.141346808,0.953773281,-0.187573527
Blackwarrior,2016,510,425516.6293,3619653.512,0–10 km,1,1,8.437473711,11.78437991,0.000139603,0.087802716,0.229927002,0.142124286,1.141346808,0.953773281,-0.187573527
Blackwarrior,2016,511,425408.1742,3620005.246,0–10 km,1,1,8.080112014,-5.495673847,0.001989625,0.019214962,0.425181669,0.405966707,1.141346808,0.953773281,-0.187573527
Blackwarrior,2016,512,425287.5798,3620155.238,0–10 km,1,1,7.889238245,11.4586496,0.001975737,0.028846775,0.241683927,0.212837152,1.141346808,0.953773281,-0.187573527
Blackwarrior,2016,513,424783.4803,3620019.949,0–10 km,1,1,7.75997059,12.01918645,0.000391663,0.083062282,0.393863149,0.310800867,1.141346808,0.953773281,-0.187573527
Blackwarrior,2016,514,424462.9252,3619899.325,0–10 km,1,1,7.726441606,12.48182422,0.000555719,0.078709289,0.051335478,-0.027373811,1.141346808,0.953773281,-0.187573527
Blackwarrior,2016,515,424219.0815,3619747.623,0–10 km,1,1,7.766254823,-20.95018344,0.000792845,0.090197951,0.088029013,-0.002168938,1.141346808,0.953773281,-0.187573527
Blackwarrior,2016,516,424031.0458,3619590.618,0–10 km,1,1,7.84136604,9.686496726,0.000892195,0.166873654,0.06088727,-0.105986384,1.141346808,0.953773281,-0.187573527
Blackwarrior,2016,517,423909.4889,3619382.78,0–10 km,1,1,7.993592231,4.257164733,0.000488215,0.060692234,0.188522451,0.127830217,1.141346808,0.953773281,-0.187573527
Blackwarrior,2016,518,423831.9022,3619240.461,0–10 km,1,1,8.102145438,-1.808300316,-0.001682617,0.075545667,-0.007036766,-0.082582433,1.141346808,0.953773281,-0.187573527
Blackwarrior,2016,519,423758.6238,3619136.781,0–10 km,1,1,8.177085004,8.29478319,-0.004695548,0.113574137,0.013791022,-0.099783115,1.141346808,0.953773281,-0.187573527
Blackwarrior,2016,520,423589.1244,3619087.178,0–10 km,1,1,8.1730876,23.09787086,-0.000580692,0.07570657,0.068278955,-0.007427615,1.141346808,0.953773281,-0.187573527
Blackwarrior,2016,521,423150.4448,3619059.828,0–10 km,1,1,8.082353253,17.82178541,-0.000314612,0.132396446,-0.048406166,-0.180802612,1.141346808,0.953773281,-0.187573527
Blackwarrior,2016,522,422874.1198,3619094.111,0–10 km,1,1,7.986637459,-17.04502443,-0.001519913,0.096137754,0.12965219,0.033514436,1.141346808,0.953773281,-0.187573527
Blackwarrior,2016,523,422705.4545,3619142.155,0–10 km,1,1,7.90582076,4.551847501,-0.001546514,0.091720711,0.022716405,-0.069004306,1.141346808,0.953773281,-0.187573527
Blackwarrior,2016,524,422475.4121,3619359.077,0–10 km,1,1,7.651235528,2.06070968,-0.000540898,0.146677971,-0.044791924,-0.191469895,1.141346808,0.953773281,-0.187573527
Blackwarrior,2016,525,422236.1693,3619666.177,0–10 km,1,1,7.310808061,11.0557219,-0.000639801,0.132882439,0.154163726,0.021281287,1.141346808,0.953773281,-0.187573527
Blackwarrior,2016,526,422129.7683,3619965.989,0–10 km,1,1,6.999134121,-28.75372474,-0.000767975,0.1525799,0.058429274,-0.094150626,1.141346808,0.953773281,-0.187573527
Blackwarrior,2016,527,422077.2014,3620275.976,0–10 km,1,1,6.684818677,6.856204575,-0.000875721,0.104422962,0.136231021,0.031808059,1.141346808,0.953773281,-0.187573527
Blackwarrior,2016,528,422114.0451,3620516.337,0–10 km,1,1,6.451637074,-7.140231168,-0.000589837,0.087288528,0.181762411,0.094473883,1.141346808,0.953773281,-0.187573527
Blackwarrior,2016,529,422184.7129,3620853.79,0–10 km,1,1,6.128596285,31.43239996,-0.000233099,0.10082333,0.192954774,0.092131444,1.141346808,0.953773281,-0.187573527
Blackwarrior,2016,530,422351.6522,3621314.378,0–10 km,1,1,5.705613703,29.81277024,-0.000255352,0.102477491,0.216025611,0.11354812,1.141346808,0.953773281,-0.187573527
Blackwarrior,2016,531,422507.4674,3621588.177,0–10 km,1,1,5.47271951,-3.236787996,-0.000588357,0.05073816,0.037143508,-0.013594652,1.141346808,0.953773281,-0.187573527
Blackwarrior,2016,532,422622.3684,3621779.356,0–10 km,1,1,5.31676054,11.05842842,-0.001615814,0.089651415,0.107900898,0.018249483,1.141346808,0.953773281,-0.187573527
Blackwarrior,2016,533,422791.6229,3621917.75,0–10 km,1,1,5.232439126,-16.44504635,-0.001020901,0.098446916,0.223762779,0.125315863,1.141346808,0.953773281,-0.187573527
Blackwarrior,2016,534,423132.048,3622052.919,0–10 km,1,1,5.219938455,-19.52159036,-0.000641505,0.040771834,0.008687773,-0.032084061,1.141346808,0.953773281,-0.187573527
Blackwarrior,2016,535,423512.2847,3622093.913,0–10 km,1,1,5.33528192,-3.394593955,-0.000463613,0.0218036,0.153733131,0.131929531,1.141346808,0.953773281,-0.187573527
Blackwarrior,2016,536,423905.0325,3622027.374,0–10 km,1,1,5.574964211,-1.115309046,-0.000185875,0.031207095,0.191838482,0.160631387,1.141346808,0.953773281,-0.187573527
Blackwarrior,2016,537,424139.2218,3621995.707,0–10 km,1,1,5.719436181,14.80392484,0.001098914,0.07272082,0.155296282,0.082575462,1.141346808,0.953773281,-0.187573527
Blackwarrior,2016,538,424287.283,3621987.271,0–10 km,1,1,5.804066158,4.819307928,0.007554388,0.040030279,0.444675243,0.404644964,1.141346808,0.953773281,-0.187573527
Blackwarrior,2016,539,424360.9498,3622103.24,0–10 km,1,1,5.746349296,1.720136913,0.001549743,0.048499203,0.446844511,0.398345308,1.141346808,0.953773281,-0.187573527
Blackwarrior,2016,540,424447.0284,3622349.114,0–10 km,1,1,5.592120704,32.69770802,0.000125392,0.045953876,0.402229914,0.356276038,1.141346808,0.953773281,-0.187573527
Blackwarrior,2016,541,424633.0542,3622925.213,0–10 km,1,1,5.253436286,-10.89781883,0.000211665,0.002001878,0.204609024,0.202607146,1.141346808,0.953773281,-0.187573527
Blackwarrior,2016,542,424666.4319,3623190.293,0–10 km,1,1,5.078388541,22.71244291,0.001690944,0.048659095,0.114844923,0.066185828,1.141346808,0.953773281,-0.187573527
Blackwarrior,2016,543,424642.528,3623374.07,0–10 km,1,1,4.92888081,5.951884008,0.000696084,0.098588306,0.345222226,0.24663392,1.141346808,0.953773281,-0.187573527
Blackwarrior,2016,544,424539.767,3623786.918,0–10 km,1,1,4.566539463,-12.09498044,0.000658038,0.059397733,0.153644174,0.094246441,1.141346808,0.953773281,-0.187573527
Blackwarrior,2016,545,424347.4519,3624010.545,0–10 km,1,1,4.273394397,-24.94906507,0.000460878,0.056849267,0.332872137,0.27602287,1.093508029,0.977809191,-0.115698838
Blackwarrior,2016,546,424092.2867,3624305.537,0–10 km,1,1,3.886039473,22.61927162,2.54e-05,0.047399919,0.203283919,0.155884,1.093508029,0.977809191,-0.115698838
Blackwarrior,2016,547,423733.0245,3624686.12,0–10 km,1,1,3.364559816,-26.46179069,-6.53e-05,0.082451023,-0.006322185,-0.088773208,1.093508029,0.977809191,-0.115698838
Blackwarrior,2016,548,423541.9297,3624905.824,0–10 km,1,1,3.076228927,37.78497811,7.18e-05,0.038988468,0.114747539,0.075759071,1.093508029,0.977809191,-0.115698838
Blackwarrior,2016,549,423049.6571,3625501.011,0–10 km,1,1,2.319075167,-6.248913038,0.000108268,0.015664777,0.027861461,0.012196684,1.093508029,0.977809191,-0.115698838
Blackwarrior,2016,550,422534.8178,3625924.394,0–10 km,1,1,1.653033205,27.40005022,0.000398677,0.02092094,-0.393765446,-0.414686386,1.093508029,0.977809191,-0.115698838
Blackwarrior,2016,551,422346.321,3626020.152,0–10 km,1,1,1.444720819,9.465211804,0.002426483,0.062241078,0.102334227,0.040093149,1.093508029,0.977809191,-0.115698838
Blackwarrior,2016,552,422204.1467,3626065.008,0–10 km,1,1,1.30565108,4.734143079,0.001405364,0.057664739,0.038973663,-0.018691076,1.093508029,0.977809191,-0.115698838
Blackwarrior,2016,553,421936.611,3626073.986,0–10 km,1,1,1.106671744,12.63560522,0.001824336,0.06475082,0.065089732,0.000338912,1.093508029,0.977809191,-0.115698838
Blackwarrior,2016,554,421779.7496,3625975.893,0–10 km,1,1,1.091167487,-0.509966224,0.005100661,0.041248834,0.03257149,-0.008677344,1.093508029,0.977809191,-0.115698838
Blackwarrior,2016,555,421761.2447,3625826.472,0–10 km,1,1,1.211845382,-9.704865498,0.0023694,0.015317769,0.056312958,0.040995189,1.093508029,0.977809191,-0.115698838
Blackwarrior,2016,556,421766.4442,3625655.141,0–10 km,1,1,1.368296084,-13.16861172,0.000682681,0.025637911,0.23512518,0.209487269,1.093508029,0.977809191,-0.115698838
Blackwarrior,2016,557,421825.013,3625452.08,0–10 km,1,1,1.577788815,11.81301892,-0.000150144,0.038765814,0.107566018,0.068800204,1.093508029,0.977809191,-0.115698838
Blackwarrior,2016,558,421870.2208,3625233.426,0–10 km,1,1,1.797145499,10.5509194,-0.00140613,0.01074632,0.00620998,-0.00453634,1.093508029,0.977809191,-0.115698838
Blackwarrior,2016,559,421857.5645,3625086.029,0–10 km,1,1,1.930444779,-8.006702305,-0.006169237,0.084058503,0.280057373,0.19599887,1.093508029,0.977809191,-0.115698838
Blackwarrior,2016,560,421766.3325,3625003.037,0–10 km,1,1,1.980797778,-5.783984726,-0.003085663,0.045221161,0.23985836,0.194637199,1.093508029,0.977809191,-0.115698838
Blackwarrior,2016,561,421570.5884,3624969.958,0–10 km,1,1,1.966592826,-13.01461988,-0.000646853,0.026268146,0.130840201,0.104572055,1.093508029,0.977809191,-0.115698838
Blackwarrior,2016,562,421342.6289,3624962.257,0–10 km,1,1,1.944493012,15.01141382,-0.000174328,0.027315928,0.100065593,0.072749665,1.093508029,0.977809191,-0.115698838
Blackwarrior,2016,563,421034.0069,3624947.607,0–10 km,1,1,1.961230111,-13.77549704,-1.74e-05,0.056983355,0.052739363,-0.004243992,1.093508029,0.977809191,-0.115698838
Blackwarrior,2016,564,420676.8797,3624961.717,0–10 km,1,1,2.009723172,-18.36236102,0.000149603,0.097023687,0.023986312,-0.073037375,1.093508029,0.977809191,-0.115698838
Blackwarrior,2016,565,420284.5278,3624932.816,0–10 km,1,1,2.172136238,2.357259807,0.00026646,0.043050274,-0.019823057,-0.062873331,1.195021086,1.026127762,-0.168893324
Blackwarrior,2016,566,419928.8087,3624875.47,0–10 km,1,1,2.39310332,19.8392177,0.000773294,0.079344437,0.168175267,0.08883083,1.195021086,1.026127762,-0.168893324
Blackwarrior,2016,567,419785.7803,3624794.837,0–10 km,1,1,2.538730787,11.99376032,-6.75e-05,0.054552623,0.241850366,0.187297743,1.195021086,1.026127762,-0.168893324
Blackwarrior,2016,568,419526.4178,3624669.999,0–10 km,1,1,2.790920986,5.548417646,-0.001726727,0.084217154,0.066556497,-0.017660657,1.195021086,1.026127762,-0.168893324
Blackwarrior,2016,569,419319.5437,3624688.931,0–10 km,1,1,2.90542745,4.053334099,-0.001469627,0.093429736,0.282894851,0.189465115,1.195021086,1.026127762,-0.168893324
Blackwarrior,2016,570,419060.4957,3624854.869,0–10 km,1,1,2.962667182,2.015247785,-0.000185297,0.121241121,0.155263762,0.034022641,1.195021086,1.026127762,-0.168893324
Blackwarrior,2016,571,418763.0717,3625016.093,0–10 km,1,1,3.083224572,24.81847875,-0.00016707,0.090101237,0.168800453,0.078699216,1.195021086,1.026127762,-0.168893324
Blackwarrior,2016,572,418542.5971,3625159.866,0–10 km,1,1,3.179509659,-8.725846384,-0.001550738,0.122153538,0.256525786,0.134372248,1.195021086,1.026127762,-0.168893324
Blackwarrior,2016,573,418480.8437,3625251.79,0–10 km,1,1,3.182747184,6.624391962,-0.009234246,0.125184042,0.322962782,0.19777874,1.195021086,1.026127762,-0.168893324
Blackwarrior,2016,574,418485.4678,3625353.229,0–10 km,1,1,3.127333459,6.289360428,-0.002753939,0.109995639,0.110664663,0.000669024,1.195021086,1.026127762,-0.168893324
Blackwarrior,2016,575,418587.594,3625495.827,0–10 km,1,1,2.968860045,-20.56047018,0.000140395,0.119180012,0.208168597,0.088988585,1.195021086,1.026127762,-0.168893324
Blackwarrior,2016,576,418760.1934,3625817.69,0–10 km,1,1,2.671981681,25.22357512,0.000453236,0.100318447,0.29901314,0.198694693,1.195021086,1.026127762,-0.168893324
Blackwarrior,2016,577,418828.8159,3626047.51,0–10 km,1,1,2.522595675,-1.007778998,0.000642916,0.134548123,0.301888944,0.167340821,1.195021086,1.026127762,-0.168893324
Blackwarrior,2016,578,418863.2736,3626299.746,0–10 km,1,1,2.41533984,-4.549404206,-3.85e-05,0.139459077,0.272139004,0.132679927,1.195021086,1.026127762,-0.168893324
Blackwarrior,2016,579,418878.6234,3626451.174,0–10 km,1,1,2.367065978,4.663539999,-0.005907588,0.122042546,0.159967087,0.037924541,1.195021086,1.026127762,-0.168893324
Blackwarrior,2016,580,418936.3392,3626486.587,0–10 km,1,1,2.303773505,3.990336037,-0.00798317,0.113793971,0.262440642,0.148646671,1.195021086,1.026127762,-0.168893324
Blackwarrior,2016,581,419046.8905,3626504.908,0–10 km,1,1,2.191695023,14.65522447,-0.001459058,0.117628379,0.132568432,0.014940053,1.195021086,1.026127762,-0.168893324
Blackwarrior,2016,582,419214.4585,3626477.433,0–10 km,1,1,2.032612615,-6.828462559,-0.000289299,0.086526746,0.23310212,0.146575374,1.195021086,1.026127762,-0.168893324
Blackwarrior,2016,583,419518.0398,3626435.63,0–10 km,1,1,1.747431336,18.73034649,4.61e-05,0.118718527,0.128678031,0.009959504,1.195021086,1.026127762,-0.168893324
Blackwarrior,2016,584,419782.5854,3626359.323,0–10 km,1,1,1.51954412,15.68647593,0.000469618,0.052900251,0.12115771,0.068257459,1.195021086,1.026127762,-0.168893324
Blackwarrior,2016,585,420065.2475,3626366.388,0–10 km,1,1,1.256396974,-3.707778442,0.001743137,0.069095143,0.05699817,-0.012096973,1.195021086,1.026127762,-0.168893324
Blackwarrior,2016,586,420202.4126,3626403.99,0–10 km,1,1,1.116493532,-7.924172632,0.001915558,-0.013233113,0.096732827,0.10996594,1.195021086,1.026127762,-0.168893324
Blackwarrior,2016,587,420432.6684,3626590.485,0–10 km,1,1,0.829696766,29.13528439,0.00033795,0.008602177,0.366092997,0.35749082,1.093508029,0.977809191,-0.115698838
Blackwarrior,2016,588,420585.4409,3626841.793,0–10 km,1,1,0.619377072,-7.031560257,-0.000731952,0.097249404,0.256528166,0.159278762,1.093508029,0.977809191,-0.115698838
Blackwarrior,2016,589,420758.4117,3626940.618,0–10 km,1,1,0.445279537,-1.964684944,-0.002627119,0.086590691,0.07310971,-0.013480981,1.093508029,0.977809191,-0.115698838
Blackwarrior,2016,590,420879.645,3626938.361,0–10 km,1,1,0.32439998,-15.44987538,0.000114649,0.073887233,0.155608241,0.081721008,1.093508029,0.977809191,-0.115698838
Blackwarrior,2016,591,420982.8466,3626992.385,0–10 km,1,1,0.237318035,17.26398333,0.00060484,0.086786142,0.187104154,0.100318012,1.093508029,0.977809191,-0.115698838
Blackwarrior,2016,592,421154.4024,3627036.685,0–10 km,1,1,0.143766614,-5.800693278,0.001364237,0.061105533,0.22625715,0.165151617,1.093508029,0.977809191,-0.115698838
Blackwarrior,2016,593,421305.4604,3627133.992,0–10 km,1,1,0.255103162,-6.152307615,0.000507252,0.031768025,0.254926893,0.223158868,1.093508029,0.977809191,-0.115698838
Blackwarrior,2016,594,421551.7641,3627373.766,0–10 km,1,1,0.588406232,-3.759430097,0.000647875,0.030401801,0.35691703,0.326515229,1.093508029,0.977809191,-0.115698838
Blackwarrior,2016,595,421741.3371,3627552.289,0–10 km,1,1,0.846028682,-15.00524883,0.000624039,0.053763681,0.339900162,0.286136481,1.093508029,0.977809191,-0.115698838
Blackwarrior,2016,596,421866.3013,3627959.079,0–10 km,1,1,1.249855865,3.760821473,-7.05e-05,0.07160869,0.395477183,0.323868493,1.093508029,0.977809191,-0.115698838
Blackwarrior,2016,597,422025.4558,3628270.252,0–10 km,1,1,1.598425091,-16.58374375,-0.0009749,0.073146477,0.564433406,0.491286929,1.093508029,0.977809191,-0.115698838
Blackwarrior,2016,598,422185.2474,3628441.384,0–10 km,1,1,1.82816151,-10.50744466,-0.001224075,0.068800772,0.38573837,0.316937598,1.093508029,0.977809191,-0.115698838
Blackwarrior,2016,599,422448.8988,3628607.971,0–10 km,1,1,2.114704122,-2.045188364,-0.000790176,0.070014898,0.163452232,0.093437334,1.093508029,0.977809191,-0.115698838
Blackwarrior,2016,600,422710.7889,3628629.146,0–10 km,1,1,2.295000659,-5.017085123,0.000427629,0.063033183,0.292862382,0.229829199,1.093508029,0.977809191,-0.115698838
Blackwarrior,2016,601,422985.3827,3628724.742,0–10 km,1,1,2.5517668,-6.743608011,0.001151694,0.04577866,0.326672303,0.280893643,1.093508029,0.977809191,-0.115698838
Blackwarrior,2016,602,423212.4627,3628943.64,0–10 km,1,1,2.867155321,-15.40738503,0.001477224,0.100597318,0.286064351,0.185467033,1.093508029,0.977809191,-0.115698838
Blackwarrior,2016,603,423331.0303,3629198.423,0–10 km,1,1,3.133410813,-25.63761202,0.000871259,0.03175015,0.298221141,0.266470991,1.093508029,0.977809191,-0.115698838
Blackwarrior,2016,604,423343.5412,3629611.97,0–10 km,1,1,3.456053497,-6.351001863,0.000571131,0.037885104,0.388433389,0.350548285,1.093508029,0.977809191,-0.115698838
Blackwarrior,2016,605,423289.1717,3629796.121,0–10 km,1,1,3.570331898,8.864623895,-0.000936006,0.024964243,0.389642919,0.364678676,1.093508029,0.977809191,-0.115698838
Blackwarrior,2016,606,423287.688,3630014.661,0–10 km,1,1,3.749013493,5.001630634,-0.002394821,0.034528566,0.303552102,0.269023536,1.093508029,0.977809191,-0.115698838
Blackwarrior,2016,607,423433.5384,3630177.226,0–10 km,1,1,3.965438556,-4.168831947,-0.002366034,0.045662337,0.244264266,0.198601929,1.093508029,0.977809191,-0.115698838
Blackwarrior,2016,608,423590.7401,3630242.03,0–10 km,1,1,4.108608917,11.45543208,-0.000305059,0.014130412,0.23057698,0.216446568,1.093508029,0.977809191,-0.115698838
Blackwarrior,2016,609,423754.4709,3630266.231,0–10 km,1,1,4.2252454,9.556716433,0.003517279,0.014414172,0.563352821,0.548938649,1.093508029,0.977809191,-0.115698838
Blackwarrior,2016,610,423846.7711,3630421.244,0–10 km,1,1,4.404634205,4.155710229,0.004332438,-0.003502263,0.545589428,0.549091691,1.093508029,0.977809191,-0.115698838
Blackwarrior,2016,611,423817.9029,3630594.321,0–10 km,1,1,4.527488725,11.96807492,0.001612135,0.083242549,0.537389243,0.454146694,1.093508029,0.977809191,-0.115698838
Blackwarrior,2016,612,423647.098,3630792.056,0–10 km,1,1,4.597147463,19.53689156,-0.000174369,0.015279257,0.343500073,0.328220816,1.093508029,0.977809191,-0.115698838
Blackwarrior,2016,613,423513.0659,3631003.198,0–10 km,1,1,4.710057814,-5.031938441,-0.001530271,0.030994833,0.331159821,0.300164988,1.093508029,0.977809191,-0.115698838
Blackwarrior,2016,614,423466.6343,3631212.983,0–10 km,1,1,4.872203729,7.549653271,-0.001764922,0.025143048,0.403877225,0.378734177,1.093508029,0.977809191,-0.115698838
Blackwarrior,2016,615,423538.1381,3631457.127,0–10 km,1,1,5.12192531,-24.74952646,-0.000134219,0.030118518,0.379297709,0.349179191,1.093508029,0.977809191,-0.115698838
Blackwarrior,2016,616,423657.4869,3631742.298,0–10 km,1,1,5.430291787,10.71790082,0.00184836,0.027895131,0.436844825,0.408949694,1.093508029,0.977809191,-0.115698838
Blackwarrior,2016,617,423602.704,3631895.309,0–10 km,1,1,5.543265361,7.189523457,0.002218942,0.027852667,0.419052656,0.391199989,1.093508029,0.977809191,-0.115698838
Blackwarrior,2016,618,423451.5424,3632066.081,0–10 km,1,1,5.635638392,2.777725129,-0.000212348,0.059116958,0.34892713,0.289810172,1.093508029,0.977809191,-0.115698838
Blackwarrior,2016,619,423333.5213,3632249.41,0–10 km,1,1,5.759486201,10.66890217,-0.002457939,0.06470869,0.246346782,0.181638092,1.093508029,0.977809191,-0.115698838
Blackwarrior,2016,620,423285.2768,3632407.089,0–10 km,1,1,5.889044865,13.56529756,-0.001818223,0.094811579,0.358086477,0.263274898,1.093508029,0.977809191,-0.115698838
Blackwarrior,2016,621,423422.0192,3632677.146,0–10 km,1,1,6.190202297,-17.67798193,5.56e-05,0.097376339,0.429051541,0.331675202,1.093508029,0.977809191,-0.115698838
Blackwarrior,2016,622,423527.6985,3633011.227,0–10 km,1,1,6.540107066,-12.26564647,0.001188975,0.069377863,0.395533337,0.326155474,1.093508029,0.977809191,-0.115698838
Blackwarrior,2016,623,423524.481,3633202.918,0–10 km,1,1,6.718549714,12.56422228,0.003491554,0.049748166,0.202756882,0.153008716,1.093508029,0.977809191,-0.115698838
Blackwarrior,2016,625,423119.5056,3633525.921,0–10 km,1,1,6.899180913,-8.131422498,0.000678833,0.044285457,0.259174412,0.214888955,1.093508029,0.977809191,-0.115698838
Blackwarrior,2016,626,422882.0647,3633560.459,0–10 km,1,1,6.870439672,13.45675558,-9.23e-05,0.03389439,0.298582358,0.264687968,1.093508029,0.977809191,-0.115698838
Blackwarrior,2016,627,422571.1961,3633701.065,0–10 km,1,1,6.938876188,-6.088913015,-0.000279369,0.017470353,0.165869474,0.148399121,1.093508029,0.977809191,-0.115698838
Blackwarrior,2016,628,422304.3135,3633803.198,0–10 km,1,1,6.992011305,-2.465225042,-0.000778652,0.03857064,0.308693462,0.270122822,1.093508029,0.977809191,-0.115698838
Blackwarrior,2016,629,422108.5802,3633959.209,0–10 km,1,1,7.118572949,5.309928071,-0.002394112,0.012664639,0.177340659,0.16467602,1.093508029,0.977809191,-0.115698838
Blackwarrior,2016,630,422058.9539,3634110.709,0–10 km,1,1,7.262885165,-5.236189395,-0.002665047,0.005688061,0.327352337,0.321664276,1.093508029,0.977809191,-0.115698838
Blackwarrior,2016,631,422051.727,3634302.892,0–10 km,1,1,7.452993633,-4.682969911,-0.001189554,0.051875064,0.442907552,0.391032488,1.093508029,0.977809191,-0.115698838
Blackwarrior,2016,632,422130.4373,3634484.452,0–10 km,1,1,7.642626791,-7.270553893,-0.001052301,0.050038269,0.053680859,0.00364259,1.093508029,0.977809191,-0.115698838
Blackwarrior,2016,633,422157.3511,3634579.21,0–10 km,1,1,7.740000804,8.002247522,-0.00282636,0.050722862,0.354565872,0.30384301,1.093508029,0.977809191,-0.115698838
Blackwarrior,2016,634,422249.3953,3634724.49,0–10 km,1,1,7.895929226,-5.840774971,-0.002273502,0.031897333,0.472064217,0.440166884,1.093508029,0.977809191,-0.115698838
Blackwarrior,2016,635,422479.374,3634835.369,0–10 km,1,1,8.039227832,-11.14385349,-0.001533399,0.054683844,0.160915198,0.106231354,1.093508029,0.977809191,-0.115698838
Blackwarrior,2016,636,422758.5559,3634783.045,0–10 km,1,1,8.03697056,10.36725571,-0.000164473,0.036047685,0.263754987,0.227707302,1.093508029,0.977809191,-0.115698838
Blackwarrior,2016,637,423076.5136,3634717.73,0–10 km,1,1,8.041060448,-8.031993167,0.001759201,0.063592769,0.2604543,0.196861531,1.093508029,0.977809191,-0.115698838
Blackwarrior,2016,638,423228.7647,3634787.18,0–10 km,1,1,8.145205907,-4.31304583,0.00621376,0.045086449,0.3332192,0.288132751,1.093508029,0.977809191,-0.115698838
Blackwarrior,2016,639,423254.8111,3634985.406,0–10 km,1,1,8.343776496,6.711333696,0.002642746,0.038914679,0.133682254,0.094767575,0.956114096,0.908318565,-0.047795531
Blackwarrior,2016,640,423192.3501,3635190.155,0–10 km,1,1,8.52763543,-5.562987275,0.003560499,0.10530304,0.329756965,0.224453925,0.956114096,0.908318565,-0.047795531
Blackwarrior,2016,641,422995.8858,3635284.098,0–10 km,1,1,8.575767947,-6.807869051,0.00093483,0.023542575,0.373507684,0.349965109,0.956114096,0.908318565,-0.047795531
Blackwarrior,2016,642,422646.1053,3635331.877,0–10 km,1,1,8.556528488,-25.70053473,-7.88e-05,-0.013820645,0.27689647,0.290717115,0.956114096,0.908318565,-0.047795531
Blackwarrior,2016,643,422317.754,3635383.981,0–10 km,1,1,8.558901207,14.566846,-0.001825671,0.045042979,0.237760889,0.19271791,0.956114096,0.908318565,-0.047795531
Blackwarrior,2016,644,422193.0397,3635497.294,0–10 km,1,1,8.656118608,4.934454978,-0.002663404,0.019008569,0.035311812,0.016303243,0.956114096,0.908318565,-0.047795531
Blackwarrior,2016,645,422097.4185,3635768.85,0–10 km,1,1,8.915910788,8.65429313,-0.000590896,0.056224366,0.108693629,0.052469263,0.956114096,0.908318565,-0.047795531
Blackwarrior,2016,646,422066.4692,3636146.714,0–10 km,1,1,9.28913003,1.957283614,-0.000419458,0.089363104,0.12345309,0.034089986,0.956114096,0.908318565,-0.047795531
Blackwarrior,2016,647,422080.0908,3636464.309,0–10 km,1,1,9.606732007,8.571843843,-0.001966705,0.102987998,0.302527835,0.199539837,0.956114096,0.908318565,-0.047795531
Blackwarrior,2016,648,422147.9636,3636595.469,0–10 km,1,1,9.743754147,2.528066778,-0.006472724,0.111840566,0.269623811,0.157783245,0.956114096,0.908318565,-0.047795531
Blackwarrior,2016,649,422376.8575,3636599.659,0–10 km,1,1,9.772816749,-9.369392218,-0.000448044,0.10425907,0.310122152,0.205863082,0.956114096,0.908318565,-0.047795531
Blackwarrior,2016,650,422788.5188,3636542.327,0–10 km,1,1,9.774258909,-21.66322996,0.000194718,0.196841103,0.082129733,-0.11471137,0.956114096,0.908318565,-0.047795531
Blackwarrior,2016,651,423069.6267,3636516.418,0–10 km,1,1,9.798400827,20.35742872,0.002282975,0.23148486,0.131832891,-0.099651969,0.956114096,0.908318565,-0.047795531
Blackwarrior,2016,652,423264.9712,3636604.386,0–10 km,1,1,9.92359063,12.25318794,0.004795647,0.045873429,0.414268891,0.368395462,0.956114096,0.908318565,-0.047795531
Blackwarrior,2016,653,423249.6406,3636897.885,10–30 km,2,1,10.20786125,17.00593489,0.00032762,0.135969158,0.219710409,0.083741251,0.956114096,0.908318565,-0.047795531
Blackwarrior,2016,654,423147.4655,3637407.126,10–30 km,2,1,10.68831206,-28.31568771,-5.93e-05,0.075971626,0.200155835,0.124184209,0.956114096,0.908318565,-0.047795531
Blackwarrior,2016,655,423129.6887,3637839.731,10–30 km,2,1,11.11100426,-15.44715463,-0.000120659,0.090312227,0.227025664,0.136713437,0.956114096,0.908318565,-0.047795531
Blackwarrior,2016,656,423090.489,3638157.717,10–30 km,2,1,11.41784683,23.81035132,-0.000874851,0.134009186,0.25673289,0.122723704,0.956114096,0.908318565,-0.047795531
Blackwarrior,2016,657,423109.8168,3638366.425,10–30 km,2,1,11.62695573,13.88595049,-0.005046726,0.096102831,0.338569084,0.242466253,0.956114096,0.908318565,-0.047795531
Blackwarrior,2016,658,423293.9842,3638450.74,10–30 km,2,1,11.74159863,11.45651378,-0.0026823,0.175000995,0.126181479,-0.048819516,0.956114096,0.908318565,-0.047795531
Blackwarrior,2016,659,423541.262,3638416.941,10–30 km,2,1,11.75506865,15.3980583,-0.001656192,0.255669261,0.044962495,-0.210706766,0.956114096,0.908318565,-0.047795531
Blackwarrior,2016,660,423752.8294,3638264.062,10–30 km,2,1,11.64976318,-17.24694674,-0.000592825,0.090997886,0.096428356,0.00543047,0.956114096,0.908318565,-0.047795531
Blackwarrior,2016,661,423918.3017,3638050.836,10–30 km,2,1,11.47979469,-11.99933103,0.001514729,0.055237498,0.196318157,0.141080659,0.956114096,0.908318565,-0.047795531
Blackwarrior,2016,662,424059.7628,3637996.668,10–30 km,2,1,11.46163168,2.536616038,0.008972023,0.084569999,0.211300443,0.126730444,0.956114096,0.908318565,-0.047795531
Blackwarrior,2016,663,424184.2956,3638114.363,10–30 km,2,1,11.60707696,8.583321301,0.002175103,0.117195644,0.136188953,0.018993309,0.956114096,0.908318565,-0.047795531
Blackwarrior,2016,664,424251.3117,3638391.593,10–30 km,2,1,11.8923152,12.05862316,0.001027188,0.077910276,0.129333083,0.051422807,0.956114096,0.908318565,-0.047795531
Blackwarrior,2016,665,424213.7177,3638650.373,10–30 km,2,1,12.1333084,-10.07966715,0.001740364,0.10334967,0.246846343,0.143496673,0.956114096,0.908318565,-0.047795531
Blackwarrior,2016,667,423951.7642,3638975.254,10–30 km,2,1,12.38756552,2.448189182,0.000836456,0.072015582,0.391844313,0.319828731,0.956114096,0.908318565,-0.047795531
Blackwarrior,2016,668,423776.5661,3639086.739,10–30 km,2,1,12.45891936,-10.90802739,0.000347126,0.074319082,0.204148668,0.129829586,0.956114096,0.908318565,-0.047795531
Blackwarrior,2016,669,423539.1077,3639191.534,10–30 km,2,1,12.51495651,8.0865192,-0.000416705,0.112783045,0.327276368,0.214493323,0.956114096,0.908318565,-0.047795531
Blackwarrior,2016,670,423413.4057,3639267.397,10–30 km,2,1,12.56677031,10.43095075,-0.00597977,0.10944158,0.287766945,0.178325365,0.956114096,0.908318565,-0.047795531
Blackwarrior,2016,671,423374.2533,3639361.115,10–30 km,2,1,12.65227979,8.849435044,-0.005105879,0.106651534,0.327731137,0.221079603,0.956114096,0.908318565,-0.047795531
Blackwarrior,2016,672,423414.8995,3639552.795,10–30 km,2,1,12.84815995,4.16971748,-0.003582071,0.113650531,0.305341911,0.19169138,0.956114096,0.908318565,-0.047795531
Blackwarrior,2016,673,423625.7765,3639621.703,10–30 km,2,1,12.95389091,-6.545201053,-0.005104567,0.087092959,0.328348363,0.241255404,0.956114096,0.908318565,-0.047795531
Blackwarrior,2016,674,423746.5269,3639503.661,10–30 km,2,1,12.86127824,-2.959068754,-0.001383999,0.099978169,0.384360773,0.284382604,0.956114096,0.908318565,-0.047795531
Blackwarrior,2016,675,423881.953,3639301.632,10–30 km,2,1,12.69117054,-11.36122321,0.001318756,0.062716543,0.306884565,0.244168022,0.956114096,0.908318565,-0.047795531
Blackwarrior,2016,676,424023.9894,3639149.948,10–30 km,2,1,12.57403883,-6.850402058,0.001000739,0.106816281,0.287883362,0.181067081,0.956114096,0.908318565,-0.047795531
Blackwarrior,2016,677,424432.5066,3639038.107,10–30 km,2,1,12.56390445,1.899024885,0.001370605,0.093199936,0.267315624,0.174115688,0.956114096,0.908318565,-0.047795531
Blackwarrior,2016,678,424587.5529,3639072.631,10–30 km,2,1,12.6379607,-4.489649618,0.005611531,0.124320005,0.251849903,0.127529898,0.956114096,0.908318565,-0.047795531
Blackwarrior,2016,679,424676.8576,3639264.248,10–30 km,2,1,12.84661847,-7.076305907,0.001923885,0.197032423,0.340389254,0.143356831,0.956114096,0.908318565,-0.047795531
Blackwarrior,2016,680,424684.6361,3639411.124,10–30 km,2,1,12.99020791,-8.186687964,0.001826946,0.071424388,0.318642967,0.247218579,0.956114096,0.908318565,-0.047795531
Cahaba,2000,1068,491163.5844,3575691.013,No Dam,0,0,0.0,3.60890043,-0.000476026,0.002865863,0.349826341,0.346960478,1.245536715,1.012017147,-0.233519568
Cahaba,2000,1069,491134.5898,3575867.468,No Dam,0,0,0.0,1.502511549,-0.001424428,-0.033128011,-0.344672333,-0.311544322,1.245536715,1.012017147,-0.233519568
Cahaba,2000,1070,491144.7781,3575993.223,No Dam,0,0,0.0,4.192085969,-0.001512223,-0.082515366,-0.468454456,-0.38593909,1.245536715,1.012017147,-0.233519568
Cahaba,2000,1071,491210.9266,3576164.534,No Dam,0,0,0.0,-3.30639962,8.65e-05,-0.04464841,-0.293672582,-0.249024172,1.245536715,1.012017147,-0.233519568
Cahaba,2000,1072,491274.3865,3576301.384,No Dam,0,0,0.0,-6.145668305,0.000831161,0.031923131,-0.51573328,-0.547656411,1.245536715,1.012017147,-0.233519568
Cahaba,2000,1073,491312.384,3576546.257,No Dam,0,0,0.0,3.094952547,0.001306636,-0.095172028,-0.34746847,-0.252296442,1.245536715,1.012017147,-0.233519568
Cahaba,2000,1074,491289.494,3576683.541,No Dam,0,0,0.0,0.547400877,0.001436779,-0.018774296,-0.52923719,-0.510462894,1.245536715,1.012017147,-0.233519568
Cahaba,2000,1075,491219.1896,3576842.537,No Dam,0,0,0.0,-3.549032446,-0.000426866,-0.031318813,-0.412173024,-0.380854211,1.245536715,1.012017147,-0.233519568
Cahaba,2000,1076,491151.3252,3577091.067,No Dam,0,0,0.0,2.609122343,-0.000586872,-0.067148819,-0.774604897,-0.707456078,1.245536715,1.012017147,-0.233519568
Cahaba,2000,1077,491138.3463,3577348.554,No Dam,0,0,0.0,-4.578814634,-0.000540117,-0.023771003,-0.493636388,-0.469865385,1.245536715,1.012017147,-0.233519568
Cahaba,2000,1078,491162.9555,3577537.784,No Dam,0,0,0.0,-3.126796396,0.000659197,0.02076914,-0.423136246,-0.443905386,1.245536715,1.012017147,-0.233519568
Cahaba,2000,1079,491159.6321,3577633.161,No Dam,0,0,0.0,2.649077031,0.012140862,-0.043714617,-0.558735097,-0.51502048,1.245536715,1.012017147,-0.233519568
Cahaba,2000,1080,491097.6001,3577675.085,No Dam,0,0,0.0,-2.064505374,0.005140606,-0.015982413,-0.307558117,-0.291575704,1.245536715,1.012017147,-0.233519568
Cahaba,2000,1081,490976.5672,3577693.902,No Dam,0,0,0.0,-1.323728021,0.001465764,-0.04670401,-0.348898122,-0.302194112,1.245536715,1.012017147,-0.233519568
Cahaba,2000,1082,490788.0376,3577691.919,No Dam,0,0,0.0,-1.138495312,0.000968426,0.070891794,-0.362158941,-0.433050735,1.245536715,1.012017147,-0.233519568
Cahaba,2000,1083,490548.9988,3577626.853,No Dam,0,0,0.0,2.024312741,0.002532811,0.019623503,-0.62926863,-0.648892133,1.245536715,1.012017147,-0.233519568
Cahaba,2000,1084,490460.6146,3577522.339,No Dam,0,0,0.0,-6.646509099,0.000843954,0.04302596,1.832376683,1.789350723,1.245536715,1.012017147,-0.233519568
Cahaba,2000,1085,490290.801,3577259.709,No Dam,0,0,0.0,-1.554490786,5.31e-05,0.019372417,-0.878842389,-0.898214806,1.245536715,1.012017147,-0.233519568
Cahaba,2000,1086,490130.8157,3577053.817,No Dam,0,0,0.0,-6.594322492,0.000506137,-0.072391592,-0.364706788,-0.292315196,1.245536715,1.012017147,-0.233519568
Cahaba,2000,1087,490044.3653,3576878.981,No Dam,0,0,0.0,1.01106873,0.004507052,-0.025771693,-0.470100202,-0.444328509,1.245536715,1.012017147,-0.233519568
Cahaba,2000,1088,490067.0795,3576804.758,No Dam,0,0,0.0,-1.397184086,0.003561483,-0.014532664,-0.612062827,-0.597530163,1.245536715,1.012017147,-0.233519568
Cahaba,2000,1089,490148.5207,3576666.708,No Dam,0,0,0.0,-1.899915272,0.000196798,-0.016467061,-0.186881848,-0.170414787,1.245536715,1.012017147,-0.233519568
Cahaba,2000,1090,490235.6656,3576534.242,No Dam,0,0,0.0,-2.258959096,-0.001451265,-0.030656414,1.046906981,1.077563395,1.245536715,1.012017147,-0.233519568
Cahaba,2000,1091,490280.2441,3576448.003,No Dam,0,0,0.0,-1.843428613,-0.005385361,-0.029054082,-0.523446055,-0.494391973,1.245536715,1.012017147,-0.233519568
Cahaba,2000,1092,490258.2222,3576322.832,No Dam,0,0,0.0,-0.681092653,-0.00247579,0.003016477,0.213081146,0.210064669,1.245536715,1.012017147,-0.233519568
Cahaba,2000,1093,490170.5155,3576197.769,No Dam,0,0,0.0,-4.922045907,-0.002386287,0.017768648,-0.51550691,-0.533275558,1.245536715,1.012017147,-0.233519568
Cahaba,2000,1094,490094.9675,3576147.943,No Dam,0,0,0.0,-2.849484386,-0.004348217,-0.038537054,-0.389159557,-0.350622503,1.245536715,1.012017147,-0.233519568
Cahaba,2000,1095,490031.4968,3576116.323,No Dam,0,0,0.0,1.998499825,-0.001796434,-0.037001294,-0.337919573,-0.300918279,1.245536715,1.012017147,-0.233519568
Cahaba,2000,1096,489898.0041,3576084.129,No Dam,0,0,0.0,-3.722497955,-0.00085042,0.026548331,1.56707825,1.540529919,1.245536715,1.012017147,-0.233519568
Cahaba,2000,1097,489728.401,3576062.665,No Dam,0,0,0.0,-2.110659695,-0.000581312,-0.042582852,1.30117491,1.343757762,1.245536715,1.012017147,-0.233519568
Cahaba,2000,1098,489515.6914,3576069.329,No Dam,0,0,0.0,1.717075538,-0.000918051,-0.043655957,-0.471303204,-0.427647247,1.245536715,1.012017147,-0.233519568
Cahaba,2000,1099,489390.7427,3576092.827,No Dam,0,0,0.0,-3.462138962,-0.000220982,0.006667229,1.019999342,1.013332113,1.245536715,1.012017147,-0.233519568
Cahaba,2000,1100,489022.1068,3576170.395,No Dam,0,0,0.0,-8.734913466,-2.26e-05,-0.037221214,-0.476012059,-0.438790845,1.245536715,1.012017147,-0.233519568
Cahaba,2000,1101,488815.0119,3576228.994,No Dam,0,0,0.0,-2.20851692,-0.000111782,0.003674094,-0.456703559,-0.460377653,1.245536715,1.012017147,-0.233519568
Cahaba,2000,1102,488609.4371,3576260.461,No Dam,0,0,0.0,3.234580116,-0.001162372,0.023782228,-0.034548189,-0.058330417,1.245536715,1.012017147,-0.233519568
Cahaba,2000,1103,488496.322,3576329.474,No Dam,0,0,0.0,-3.099277415,-0.005300023,-0.019826222,-0.275719553,-0.255893331,1.245536715,1.012017147,-0.233519568
Cahaba,2000,1104,488445.7304,3576408.119,No Dam,0,0,0.0,-0.363298954,-0.010493774,0.001934069,-0.388432369,-0.390366438,1.245536715,1.012017147,-0.233519568
Cahaba,2000,1105,488479.6177,3576504.472,No Dam,0,0,0.0,1.629306221,-0.003968684,0.034189256,1.787546492,1.753357236,1.245536715,1.012017147,-0.233519568
Cahaba,2000,1106,488606.1032,3576573.444,No Dam,0,0,0.0,1.10673969,-0.000881162,0.021462259,0.816792397,0.795330138,1.245536715,1.012017147,-0.233519568
Cahaba,2000,1107,488693.4749,3576614.761,No Dam,0,0,0.0,-3.535184903,0.001525564,-0.018939077,-0.548953865,-0.530014788,1.245536715,1.012017147,-0.233519568
Cahaba,2000,1108,488802.8166,3576700.107,No Dam,0,0,0.0,2.134773062,0.000692844,-0.078500468,1.683641798,1.762142266,1.245536715,1.012017147,-0.233519568
Cahaba,2000,1109,488962.467,3576859.876,No Dam,0,0,0.0,3.15886842,0.000902303,0.018264737,1.950885926,1.932621189,1.245536715,1.012017147,-0.233519568
Cahaba,2000,1110,489042.1301,3576989.73,No Dam,0,0,0.0,1.258644076,0.001459764,-0.02845261,1.375672414,1.404125024,1.245536715,1.012017147,-0.233519568
Cahaba,2000,1111,489100.9222,3577146.959,No Dam,0,0,0.0,0.551367865,0.000820369,-0.050712084,-0.451941666,-0.401229582,1.245536715,1.012017147,-0.233519568
Cahaba,2000,1112,489132.0327,3577310.926,No Dam,0,0,0.0,4.495152697,0.001967576,-0.012757006,-0.432983778,-0.420226772,1.245536715,1.012017147,-0.233519568
Cahaba,2000,1113,489131.1025,3577385.804,No Dam,0,0,0.0,0.675781703,0.012317734,-0.014987296,-0.887633682,-0.872646386,1.245536715,1.012017147,-0.233519568
Cahaba,2000,1114,489081.1379,3577427.51,No Dam,0,0,0.0,0.815055756,0.009487209,0.009775638,-0.513422799,-0.523198437,1.245536715,1.012017147,-0.233519568
Cahaba,2000,1115,489020.7137,3577448.435,No Dam,0,0,0.0,-0.314129252,0.004049501,-0.007706117,-0.758754153,-0.751048036,1.245536715,1.012017147,-0.233519568
Cahaba,2000,1116,488914.0987,3577434.284,No Dam,0,0,0.0,-0.990660343,-0.00019865,0.019630271,1.347894714,1.328264443,1.245536715,1.012017147,-0.233519568
Cahaba,2000,1117,488791.819,3577402.604,No Dam,0,0,0.0,-3.864419285,-0.001521914,-0.033264156,1.483987399,1.517251555,1.245536715,1.012017147,-0.233519568
Cahaba,2000,1118,488612.7919,3577425.214,No Dam,0,0,0.0,-4.518255874,-0.001835224,-0.017052615,1.578702973,1.595755588,1.245536715,1.012017147,-0.233519568
Cahaba,2000,1119,488485.2769,3577492.791,No Dam,0,0,0.0,-1.302890935,-0.000978121,-0.017746552,0.567267526,0.585014078,1.245536715,1.012017147,-0.233519568
Cahaba,2000,1120,488358.4377,3577597.651,No Dam,0,0,0.0,-4.429655548,0.000584666,0.002931293,-0.612119817,-0.61505111,1.245536715,1.012017147,-0.233519568
Cahaba,2000,1121,488203.276,3577677.93,No Dam,0,0,0.0,-1.868846569,0.000514515,0.010631185,-0.356122642,-0.366753827,1.245536715,1.012017147,-0.233519568
Cahaba,2000,1122,488036.2381,3577735.036,No Dam,0,0,0.0,-5.414187753,-0.000307612,0.022527769,-0.462116516,-0.484644285,1.245536715,1.012017147,-0.233519568
Cahaba,2000,1123,487875.9704,3577813.764,No Dam,0,0,0.0,-2.899490724,-0.001243682,0.051529498,-0.290465799,-0.341995297,1.245536715,1.012017147,-0.233519568
Cahaba,2000,1124,487793.2247,3577881.383,No Dam,0,0,0.0,-3.305439857,-0.004080379,-0.02099873,0.666909605,0.687908335,1.245536715,1.012017147,-0.233519568
Cahaba,2000,1125,487736.655,3577953.216,No Dam,0,0,0.0,-0.459078331,-0.006230103,-0.076441603,-0.261386741,-0.184945138,1.245536715,1.012017147,-0.233519568
Cahaba,2000,1126,487756.0669,3578046.0,No Dam,0,0,0.0,-2.568059487,-0.010849881,-0.060226096,-0.640876379,-0.580650283,1.245536715,1.012017147,-0.233519568
Cahaba,2000,1127,487782.4334,3578078.496,No Dam,0,0,0.0,-0.225320515,-0.003467463,-0.04245588,-0.381006745,-0.338550865,1.245536715,1.012017147,-0.233519568
Cahaba,2000,1128,487901.0475,3578146.657,No Dam,0,0,0.0,2.438127049,0.000104665,-0.026488743,1.795787329,1.822276072,1.245536715,1.012017147,-0.233519568
Cahaba,2000,1129,488024.8227,3578208.782,No Dam,0,0,0.0,4.204775764,0.0048342,-0.053630464,1.303311822,1.356942286,1.245536715,1.012017147,-0.233519568
Cahaba,2000,1130,488072.6801,3578270.637,No Dam,0,0,0.0,0.286119424,0.001863333,0.005509427,-0.467266563,-0.47277599,1.245536715,1.012017147,-0.233519568
Cahaba,2000,1131,488122.3893,3578501.793,No Dam,0,0,0.0,-1.823326716,0.000543789,-0.065318069,-0.802626227,-0.737308158,1.245536715,1.012017147,-0.233519568
Cahaba,2000,1132,488132.8062,3578622.262,No Dam,0,0,0.0,0.906317792,0.000764036,-0.031597466,-0.221549217,-0.189951751,1.245536715,1.012017147,-0.233519568
Cahaba,2000,1133,488141.9139,3578748.968,No Dam,0,0,0.0,2.247562794,0.002495788,-0.113292747,-0.68865521,-0.575362463,1.245536715,1.012017147,-0.233519568
Cahaba,2000,1134,488131.9872,3578798.827,No Dam,0,0,0.0,-0.869455325,0.022914731,-0.077726994,-0.121704201,-0.043977207,1.245536715,1.012017147,-0.233519568
Cahaba,2000,1135,488084.4513,3578818.997,No Dam,0,0,0.0,-0.37352931,0.011741784,0.007332836,-0.476534344,-0.48386718,1.245536715,1.012017147,-0.233519568
Cahaba,2000,1136,488018.7514,3578815.964,No Dam,0,0,0.0,-1.257690736,0.001819811,0.088807571,0.089709264,0.000901693,1.245536715,1.012017147,-0.233519568
Cahaba,2000,1137,487869.0803,3578757.163,No Dam,0,0,0.0,-2.235541598,0.000200528,0.008311884,-0.473000506,-0.48131239,1.245536715,1.012017147,-0.233519568
Cahaba,2000,1138,487679.0321,3578673.016,No Dam,0,0,0.0,-6.135490127,-9.73e-05,0.025410505,1.142497821,1.117087316,1.245536715,1.012017147,-0.233519568
Cahaba,2000,1139,487590.9594,3578639.372,No Dam,0,0,0.0,-1.009517037,-0.002161932,0.002170747,0.053174608,0.051003861,1.245536715,1.012017147,-0.233519568
Cahaba,2000,1140,487518.2511,3578615.498,No Dam,0,0,0.0,-0.987069467,-0.003351479,0.039275934,0.734530215,0.695254281,1.245536715,1.012017147,-0.233519568
Cahaba,2000,1141,487414.8739,3578625.036,No Dam,0,0,0.0,-1.265238073,-0.004345824,0.001152765,0.806335195,0.80518243,1.245536715,1.012017147,-0.233519568
Cahaba,2000,1142,487350.4431,3578662.358,No Dam,0,0,0.0,-0.589011762,-0.000377674,0.016709098,0.880111633,0.863402535,1.245536715,1.012017147,-0.233519568
Cahaba,2000,1143,487193.0881,3578760.428,No Dam,0,0,0.0,-3.386621363,0.000379165,-0.026792468,0.484511068,0.511303536,1.245536715,1.012017147,-0.233519568
Cahaba,2000,1144,487055.3878,3578816.775,No Dam,0,0,0.0,-3.345925807,7.43e-05,0.051191928,1.078554821,1.027362893,1.245536715,1.012017147,-0.233519568
Cahaba,2000,1145,486882.9251,3578894.611,No Dam,0,0,0.0,-3.994553986,-0.00070545,0.011834331,0.71751118,0.705676849,1.245536715,1.012017147,-0.233519568
Cahaba,2000,1146,486803.1346,3578943.43,No Dam,0,0,0.0,-1.18329319,-0.006711031,0.025004152,0.365236074,0.340231922,1.245536715,1.012017147,-0.233519568
Cahaba,2000,1147,486777.215,3578989.032,No Dam,0,0,0.0,-1.45877999,-0.011520942,-0.00578787,-0.353473474,-0.347685604,1.245536715,1.012017147,-0.233519568
Cahaba,2000,1148,486781.6238,3579044.762,No Dam,0,0,0.0,-0.966675307,-0.020395734,-0.002227901,-0.343078868,-0.340850967,1.245536715,1.012017147,-0.233519568
Cahaba,2000,1149,486802.8546,3579060.055,No Dam,0,0,0.0,-0.628867162,-0.01453003,0.012531059,-0.695841966,-0.708373025,1.245536715,1.012017147,-0.233519568
Cahaba,2000,1150,486858.6975,3579076.704,No Dam,0,0,0.0,1.172958219,-0.004046486,0.014789337,-0.392205056,-0.406994393,1.245536715,1.012017147,-0.233519568
Cahaba,2000,1151,486941.6925,3579068.511,No Dam,0,0,0.0,2.064543135,-0.002437519,-0.009352184,0.523096565,0.532448749,1.245536715,1.012017147,-0.233519568
Cahaba,2000,1152,487016.7026,3579035.14,No Dam,0,0,0.0,2.18025631,-0.000528325,0.005289556,0.529642282,0.524352726,1.245536715,1.012017147,-0.233519568
Cahaba,2000,1153,487096.7417,3579005.424,No Dam,0,0,0.0,2.246636999,0.000493509,0.000274264,0.998990844,0.99871658,1.245536715,1.012017147,-0.233519568
Cahaba,2000,1154,487174.6024,3578977.638,No Dam,0,0,0.0,0.863688956,0.000999262,0.024588424,1.26141614,1.236827716,1.245536715,1.012017147,-0.233519568
Cahaba,2000,1155,487262.2794,3578953.349,No Dam,0,0,0.0,-0.489662086,0.006567158,-0.059833016,0.072556539,0.132389555,1.245536715,1.012017147,-0.233519568
Cahaba,2000,1156,487294.7607,3578963.554,No Dam,0,0,0.0,-2.142329139,0.006013736,0.060405875,0.086033286,0.025627411,1.245536715,1.012017147,-0.233519568
Cahaba,2000,1157,487366.8961,3579005.192,No Dam,0,0,0.0,2.945940823,0.00041426,-0.01748098,-0.355781963,-0.338300983,1.245536715,1.012017147,-0.233519568
Cahaba,2000,1158,487452.8212,3579059.749,No Dam,0,0,0.0,-2.017059591,-0.000598439,-0.008766281,-0.382730953,-0.373964672,1.245536715,1.012017147,-0.233519568
Cahaba,2000,1159,487546.1414,3579119.057,No Dam,0,0,0.0,-1.881139351,-0.000582048,0.018761592,-0.467481856,-0.486243448,1.245536715,1.012017147,-0.233519568
Cahaba,2000,1160,487750.5443,3579212.692,No Dam,0,0,0.0,6.882742375,-0.000600125,-0.012640154,0.873400688,0.886040842,1.245536715,1.012017147,-0.233519568
Cahaba,2000,1161,487903.9235,3579251.329,No Dam,0,0,0.0,0.760298066,-0.001852299,0.012262929,-0.386189643,-0.398452572,1.223108392,1.016140217,-0.206968175
Cahaba,2000,1162,487988.0707,3579250.284,No Dam,0,0,0.0,0.916276981,-0.00067189,-0.024441809,0.39887579,0.423317599,1.223108392,1.016140217,-0.206968175
Cahaba,2000,1163,488097.1331,3579249.101,No Dam,0,0,0.0,2.052808397,0.002334851,-0.013229864,-0.227036274,-0.21380641,1.223108392,1.016140217,-0.206968175
Cahaba,2000,1164,488152.8185,3579263.628,No Dam,0,0,0.0,1.412711731,0.017625254,0.069362948,0.826382123,0.757019175,1.223108392,1.016140217,-0.206968175
Cahaba,2000,1165,488193.9817,3579303.064,No Dam,0,0,0.0,-2.781913427,0.001278301,0.001554678,-0.417025974,-0.418580652,1.223108392,1.016140217,-0.206968175
Cahaba,2000,1166,488262.3006,3579494.183,No Dam,0,0,0.0,5.601470561,0.000602198,-0.102363524,-0.279360895,-0.176997371,1.223108392,1.016140217,-0.206968175
Cahaba,2000,1167,488302.1452,3579574.979,No Dam,0,0,0.0,-2.784547536,0.002855809,-0.100312096,0.555811913,0.656124009,1.223108392,1.016140217,-0.206968175
Cahaba,2000,1168,488307.2402,3579702.007,No Dam,0,0,0.0,-4.03895301,0.002636404,-0.09745724,-0.565382625,-0.467925385,1.223108392,1.016140217,-0.206968175
Cahaba,2000,1169,488266.681,3579793.567,No Dam,0,0,0.0,-2.298570412,0.003356225,-0.043490231,-0.461053692,-0.417563461,1.223108392,1.016140217,-0.206968175
Cahaba,2000,1170,488229.2335,3579860.339,No Dam,0,0,0.0,-1.549696218,0.002588072,-0.007256317,-0.067198303,-0.059941986,1.223108392,1.016140217,-0.206968175
Cahaba,2000,1171,488157.3459,3579925.505,No Dam,0,0,0.0,-4.625594358,0.001318185,0.043663301,0.277885157,0.234221856,1.223108392,1.016140217,-0.206968175
Cahaba,2000,1172,488070.2676,3579997.273,No Dam,0,0,0.0,-1.20265415,0.000866212,0.030575584,-0.352742435,-0.383318019,1.223108392,1.016140217,-0.206968175
Cahaba,2000,1173,487953.8813,3580061.938,No Dam,0,0,0.0,-2.306401912,0.001126713,-0.005075108,0.765092526,0.770167634,1.223108392,1.016140217,-0.206968175
Cahaba,2000,1174,487873.2243,3580097.152,No Dam,0,0,0.0,-1.808780197,0.000671931,0.011274365,0.139546155,0.12827179,1.223108392,1.016140217,-0.206968175
Cahaba,2000,1175,487757.1651,3580133.304,No Dam,0,0,0.0,-2.133207035,2.27e-05,0.027986646,-0.166003501,-0.193990147,1.223108392,1.016140217,-0.206968175
Cahaba,2000,1176,487676.4578,3580165.63,No Dam,0,0,0.0,-3.365623512,0.000154675,0.054108673,0.518769543,0.46466087,1.223108392,1.016140217,-0.206968175
Cahaba,2000,1177,487563.745,3580202.481,No Dam,0,0,0.0,-0.452622672,-0.000359857,0.02627762,1.464434401,1.438156781,1.223108392,1.016140217,-0.206968175
Cahaba,2000,1178,487472.8583,3580229.62,No Dam,0,0,0.0,-0.367531956,-0.001590307,0.038410335,0.062003878,0.023593543,1.223108392,1.016140217,-0.206968175
Cahaba,2000,1179,487388.8375,3580283.02,No Dam,0,0,0.0,1.574442746,-0.003983465,-0.014275044,-0.364816772,-0.350541728,1.223108392,1.016140217,-0.206968175
Cahaba,2000,1180,487347.6405,3580322.436,No Dam,0,0,0.0,0.378353584,-0.007563394,0.041855128,-0.214471138,-0.256326266,1.223108392,1.016140217,-0.206968175
Cahaba,2000,1181,487329.1697,3580398.601,No Dam,0,0,0.0,-1.507892726,-0.001937953,0.092469172,-0.604660596,-0.697129768,1.223108392,1.016140217,-0.206968175
Cahaba,2000,1182,487321.7603,3580501.795,No Dam,0,0,0.0,1.116759577,-0.000811444,-0.029844628,-0.400417777,-0.370573149,1.223108392,1.016140217,-0.206968175
Cahaba,2000,1183,487326.0558,3580567.864,No Dam,0,0,0.0,-1.229444642,-0.00143432,0.008568379,-0.225383263,-0.233951642,1.223108392,1.016140217,-0.206968175
Cahaba,2000,1184,487319.8276,3580643.766,No Dam,0,0,0.0,0.235477884,-0.000340926,0.024471108,0.483311081,0.458839973,1.223108392,1.016140217,-0.206968175
Cahaba,2000,1185,487351.3646,3580773.502,No Dam,0,0,0.0,-0.759236693,0.001053207,-0.032595959,1.105954388,1.138550347,1.223108392,1.016140217,-0.206968175
Cahaba,2000,1186,487345.2725,3580888.374,No Dam,0,0,0.0,0.944720542,0.003891881,-0.008160707,-0.371256876,-0.363096169,1.223108392,1.016140217,-0.206968175
Cahaba,2000,1187,487311.5945,3580969.177,No Dam,0,0,0.0,-0.400290724,0.003218801,-0.024536858,-0.441654853,-0.417117995,1.223108392,1.016140217,-0.206968175
Cahaba,2000,1188,487227.2528,3581059.783,No Dam,0,0,0.0,-2.016631911,0.000814031,0.018651263,0.610846833,0.59219557,1.223108392,1.016140217,-0.206968175
Cahaba,2000,1189,487107.8749,3581157.147,No Dam,0,0,0.0,-1.968349785,-4.83e-05,-0.004494715,0.62084745,0.625342165,1.223108392,1.016140217,-0.206968175
Cahaba,2000,1190,487031.4735,3581217.837,No Dam,0,0,0.0,-4.165003991,-0.001258651,0.036778315,-0.550795427,-0.587573742,1.223108392,1.016140217,-0.206968175
Cahaba,2000,1191,486960.2843,3581303.739,No Dam,0,0,0.0,-1.058907375,-0.000791195,-0.04367375,2.040761747,2.084435497,1.223108392,1.016140217,-0.206968175
Cahaba,2000,1192,486858.808,3581429.698,No Dam,0,0,0.0,-0.947907181,-0.001694316,0.017842744,-0.419920896,-0.43776364,1.223108392,1.016140217,-0.206968175
Cahaba,2000,1193,486826.3726,3581527.097,No Dam,0,0,0.0,-0.978745465,-0.0034485,-0.009521063,-0.449263778,-0.439742715,1.223108392,1.016140217,-0.206968175
Cahaba,2000,1194,486826.2745,3581631.298,No Dam,0,0,0.0,2.053049635,-0.004996441,0.020441389,0.771376566,0.750935177,1.223108392,1.016140217,-0.206968175
Cahaba,2000,1195,486850.1271,3581676.093,No Dam,0,0,0.0,-1.128089659,-0.006076195,0.085531875,-0.524807763,-0.610339638,1.223108392,1.016140217,-0.206968175
Cahaba,2000,1196,486892.4362,3581729.524,No Dam,0,0,0.0,-1.079174891,-0.001389999,0.00056494,-0.374812458,-0.375377398,1.223108392,1.016140217,-0.206968175
Cahaba,2000,1197,486964.0412,3581806.393,No Dam,0,0,0.0,1.778235884,-0.002647897,-0.0018447,0.689080148,0.690924848,1.223108392,1.016140217,-0.206968175
Cahaba,2000,1198,487032.349,3581848.849,No Dam,0,0,0.0,3.358371879,-0.005209326,-0.011240863,-0.277503512,-0.266262649,1.223108392,1.016140217,-0.206968175
Cahaba,2000,1199,487121.2475,3581855.939,No Dam,0,0,0.0,4.620888259,-0.000571758,0.000355497,-0.735755951,-0.736111448,1.223108392,1.016140217,-0.206968175
Cahaba,2000,1200,487298.7765,3581859.654,No Dam,0,0,0.0,-3.272417837,0.000413193,0.033191171,0.929826674,0.896635503,1.223108392,1.016140217,-0.206968175
Cahaba,2000,1201,487368.5355,3581868.452,No Dam,0,0,0.0,1.160129523,0.011080382,-0.059526335,0.870508775,0.93003511,1.223108392,1.016140217,-0.206968175
Cahaba,2000,1202,487399.9608,3581887.462,No Dam,0,0,0.0,-3.440572075,0.00587523,0.013693977,-0.028555711,-0.042249688,1.223108392,1.016140217,-0.206968175
Cahaba,2000,1203,487447.3923,3581961.213,No Dam,0,0,0.0,2.002459355,0.000369072,0.023477876,1.067957302,1.044479426,1.223108392,1.016140217,-0.206968175
Cahaba,2000,1204,487509.8544,3582059.972,No Dam,0,0,0.0,8.679600587,-0.000615863,0.032392621,-0.4470494,-0.479442021,1.223108392,1.016140217,-0.206968175
Cahaba,2000,1205,487616.7847,3582224.833,No Dam,0,0,0.0,0.949550422,-0.001422726,-0.011094817,0.661597498,0.672692315,1.223108392,1.016140217,-0.206968175
Cahaba,2000,1206,487731.9923,3582295.301,No Dam,0,0,0.0,2.126596658,-0.002297319,0.059763683,-0.219391048,-0.279154731,1.223108392,1.016140217,-0.206968175
Cahaba,2000,1207,487841.0269,3582329.504,No Dam,0,0,0.0,5.024137236,0.000224767,0.051580905,0.40268457,0.351103665,1.223108392,1.016140217,-0.206968175
Cahaba,2000,1208,487958.5054,3582377.411,No Dam,0,0,0.0,2.253637556,0.004744417,0.053981288,1.19490308,1.140921792,1.223108392,1.016140217,-0.206968175
Cahaba,2000,1209,487992.8471,3582421.8,No Dam,0,0,0.0,0.773025394,0.015987468,-0.002219202,-0.72034343,-0.718124228,1.223108392,1.016140217,-0.206968175
Cahaba,2000,1210,487973.5204,3582506.221,No Dam,0,0,0.0,-2.132632622,0.002331704,0.033799196,0.246375159,0.212575963,1.223108392,1.016140217,-0.206968175
Cahaba,2000,1211,487887.5648,3582630.661,No Dam,0,0,0.0,-5.197201906,0.000224593,0.029026912,1.687287123,1.658260211,1.223108392,1.016140217,-0.206968175
Cahaba,2000,1212,487807.9494,3582709.891,No Dam,0,0,0.0,1.824961421,-0.003091403,0.033232411,-0.698486137,-0.731718548,1.223108392,1.016140217,-0.206968175
Cahaba,2000,1213,487759.9249,3582842.495,No Dam,0,0,0.0,-1.328788365,-0.002095085,-0.027055916,-0.453682935,-0.426627019,1.223108392,1.016140217,-0.206968175
Cahaba,2000,1214,487792.4353,3583030.9,No Dam,0,0,0.0,7.206382653,-0.000160466,-0.030566812,-0.293993832,-0.26342702,1.223108392,1.016140217,-0.206968175
Cahaba,2000,1215,487838.3039,3583274.274,No Dam,0,0,0.0,-6.414227897,0.00109909,-0.020766923,0.310649363,0.331416286,1.223108392,1.016140217,-0.206968175
Cahaba,2000,1216,487823.5818,3583435.939,No Dam,0,0,0.0,3.759257876,0.002926847,-0.040187747,-0.382055446,-0.341867699,1.223108392,1.016140217,-0.206968175
Cahaba,2000,1217,487724.3565,3583570.657,No Dam,0,0,0.0,5.448608308,0.001130001,0.01592854,0.244502211,0.228573671,1.223108392,1.016140217,-0.206968175
Cahaba,2000,1218,487587.6982,3583713.182,No Dam,0,0,0.0,4.928105297,0.000397196,-0.031331891,0.549087372,0.580419263,1.223108392,1.016140217,-0.206968175
Cahaba,2000,1219,487452.368,3583821.73,No Dam,0,0,0.0,2.286005407,0.000470515,-0.008482318,-0.440055396,-0.431573078,1.223108392,1.016140217,-0.206968175
Cahaba,2000,1220,487362.3632,3583906.624,No Dam,0,0,0.0,-1.196676819,0.000954574,0.015798026,0.037149867,0.021351841,1.223108392,1.016140217,-0.206968175
Cahaba,2000,1221,487214.1424,3583989.127,No Dam,0,0,0.0,2.674747092,0.001320989,-0.020096129,-0.467056716,-0.446960587,1.223108392,1.016140217,-0.206968175
Cahaba,2000,1222,487099.5277,3584027.513,No Dam,0,0,0.0,1.125610988,0.005489907,0.069867381,-0.602428237,-0.672295618,1.223108392,1.016140217,-0.206968175
Cahaba,2000,1223,487025.4878,3584012.028,No Dam,0,0,0.0,3.989079058,0.006855575,-0.019081995,-0.335291236,-0.316209241,1.223108392,1.016140217,-0.206968175
Cahaba,2000,1224,486952.0392,3583934.677,No Dam,0,0,0.0,4.979902217,0.002313653,0.026861799,-0.65983956,-0.686701359,1.223108392,1.016140217,-0.206968175
Cahaba,2000,1225,486885.9075,3583819.791,No Dam,0,0,0.0,0.512046652,0.000205334,-0.0520466,-0.335056152,-0.283009552,1.223108392,1.016140217,-0.206968175
Cahaba,2000,1226,486808.4773,3583625.006,No Dam,0,0,0.0,2.209117132,-0.001019064,-0.0423787,-0.265895397,-0.223516697,1.223108392,1.016140217,-0.206968175
Cahaba,2000,1227,486745.2571,3583568.368,No Dam,0,0,0.0,-0.901327459,-0.001904163,0.009676598,0.525589758,0.51591316,1.223108392,1.016140217,-0.206968175
Cahaba,2000,1228,486655.7263,3583472.148,No Dam,0,0,0.0,-3.661180368,-0.001472476,0.012361812,0.585453588,0.573091776,1.223108392,1.016140217,-0.206968175
Cahaba,2000,1229,486577.0757,3583415.191,No Dam,0,0,0.0,0.724956294,-0.002264651,-0.036914645,-0.74786661,-0.710951965,1.223108392,1.016140217,-0.206968175
Cahaba,2000,1230,486455.2547,3583378.893,No Dam,0,0,0.0,-1.291600696,-0.002202825,0.111649346,0.581314746,0.4696654,1.223108392,1.016140217,-0.206968175
Cahaba,2000,1231,486357.5882,3583360.249,No Dam,0,0,0.0,-0.757259193,-0.00284236,0.035062958,1.74223419,1.707171232,1.223108392,1.016140217,-0.206968175
Cahaba,2000,1232,486239.6635,3583398.102,No Dam,0,0,0.0,-1.295888974,-0.00082407,-0.04135351,-0.120773982,-0.079420472,1.223108392,1.016140217,-0.206968175
Cahaba,2000,1233,486092.7456,3583443.036,No Dam,0,0,0.0,1.404755966,-0.000235519,0.008579727,-0.441649585,-0.450229312,1.223108392,1.016140217,-0.206968175
Cahaba,2000,1234,485949.3804,3583507.136,No Dam,0,0,0.0,2.348916984,-8.14e-05,0.03420535,-0.618160851,-0.652366201,1.223108392,1.016140217,-0.206968175
Cahaba,2000,1235,485853.1178,3583540.542,No Dam,0,0,0.0,-1.113899295,-0.000416876,0.080724303,2.110801135,2.030076832,1.221367892,0.966596472,-0.25477142
Cahaba,2000,1236,485788.3175,3583569.468,No Dam,0,0,0.0,-1.973060989,-0.00187133,0.063730649,1.697286875,1.633556226,1.221367892,0.966596472,-0.25477142
Cahaba,2000,1237,485724.3978,3583608.459,No Dam,0,0,0.0,-3.183246421,-0.002087405,0.06314141,1.461034844,1.397893434,1.221367892,0.966596472,-0.25477142
Cahaba,2000,1238,485644.7902,3583667.366,No Dam,0,0,0.0,0.791636643,-0.004216539,-0.005487577,-0.483348934,-0.477861357,1.221367892,0.966596472,-0.25477142
Cahaba,2000,1239,485616.191,3583738.652,No Dam,0,0,0.0,4.422139867,-0.004059344,-0.062082422,-0.380090566,-0.318008144,1.221367892,0.966596472,-0.25477142
Cahaba,2000,1240,485598.2591,3583837.613,No Dam,0,0,0.0,0.142130454,-0.002248976,-0.002506374,-0.626091307,-0.623584933,1.221367892,0.966596472,-0.25477142
Cahaba,2000,1241,485611.8989,3583968.25,No Dam,0,0,0.0,1.823612248,-0.001291442,0.014094228,-0.605013423,-0.619107651,1.221367892,0.966596472,-0.25477142
Cahaba,2000,1242,485668.3287,3584115.772,No Dam,0,0,0.0,7.60928357,-0.000648345,-0.01950526,-0.352028836,-0.332523576,1.221367892,0.966596472,-0.25477142
Cahaba,2000,1243,485728.4122,3584242.404,No Dam,0,0,0.0,-5.755971223,1.38e-05,-0.03011208,-0.395981343,-0.365869263,1.221367892,0.966596472,-0.25477142
Cahaba,2000,1244,485847.8625,3584504.409,No Dam,0,0,0.0,-1.070476467,5.66e-05,-0.043251439,-0.407487038,-0.364235599,1.221367892,0.966596472,-0.25477142
Cahaba,2000,1245,485890.8842,3584622.077,No Dam,0,0,0.0,-2.24708898,-3.52e-05,-0.027142217,-0.691673737,-0.66453152,1.223108392,1.016140217,-0.206968175
Cahaba,2000,1246,485998.3301,3584849.677,No Dam,0,0,0.0,7.640115779,0.000538685,-0.022909436,0.822572974,0.84548241,1.223108392,1.016140217,-0.206968175
Cahaba,2000,1247,486049.1657,3584979.62,No Dam,0,0,0.0,0.396550817,0.001325677,-0.04039348,-0.365044232,-0.324650752,1.223108392,1.016140217,-0.206968175
Cahaba,2000,1248,486059.458,3585196.593,No Dam,0,0,0.0,-5.015726434,0.001391705,-0.002393304,-0.456093629,-0.453700325,1.223108392,1.016140217,-0.206968175
Cahaba,2000,1249,486035.8463,3585311.246,No Dam,0,0,0.0,-3.129542296,0.001852746,-0.010279789,-0.536408573,-0.526128784,1.223108392,1.016140217,-0.206968175
Cahaba,2000,1250,485971.2834,3585440.898,No Dam,0,0,0.0,0.390081256,0.000152672,-0.058453628,-0.519277907,-0.460824279,1.223108392,1.016140217,-0.206968175
Cahaba,2000,1251,485911.1729,3585583.238,No Dam,0,0,0.0,-1.122246316,-9.43e-05,0.023960733,-0.221571595,-0.245532328,1.223108392,1.016140217,-0.206968175
Cahaba,2000,1252,485882.03,3585654.755,No Dam,0,0,0.0,-0.184149945,0.000584283,0.02039589,0.077037859,0.056641969,1.221367892,0.966596472,-0.25477142
Cahaba,2000,1253,485806.1421,3585821.319,No Dam,0,0,0.0,1.835802997,0.000985481,0.015015805,-0.5911545,-0.606170305,1.221367892,0.966596472,-0.25477142
Cahaba,2000,1254,485742.4746,3585884.613,No Dam,0,0,0.0,-1.334542537,0.007920525,0.020649513,0.325396618,0.304747105,1.221367892,0.966596472,-0.25477142
Cahaba,2000,1255,485710.0181,3585907.419,No Dam,0,0,0.0,-1.572858003,0.007377946,0.026809604,0.994108021,0.967298417,1.221367892,0.966596472,-0.25477142
Cahaba,2000,1256,485622.3971,3585919.946,No Dam,0,0,0.0,-1.141608923,0.002696724,0.019953444,1.422662594,1.40270915,1.221367892,0.966596472,-0.25477142
Cahaba,2000,1257,485526.9442,3585898.614,No Dam,0,0,0.0,-2.510518802,0.001978317,0.007516458,0.145049701,0.137533243,1.221367892,0.966596472,-0.25477142
Cahaba,2000,1258,485433.2621,3585861.261,No Dam,0,0,0.0,-3.378192646,0.001754607,0.016755694,0.789348439,0.772592745,1.221367892,0.966596472,-0.25477142
Cahaba,2000,1259,485340.3926,3585807.499,No Dam,0,0,0.0,-3.333061859,0.003504235,-0.011729709,-0.395778685,-0.384048976,1.221367892,0.966596472,-0.25477142
Cahaba,2000,1260,485282.9548,3585737.372,No Dam,0,0,0.0,-1.627236265,0.003076119,-0.042615977,0.170267289,0.212883266,1.221367892,0.966596472,-0.25477142
Cahaba,2000,1261,485249.7716,3585623.159,No Dam,0,0,0.0,1.658159331,0.001080716,-0.023606305,0.951096824,0.974703129,1.221367892,0.966596472,-0.25477142
Cahaba,2000,1262,485240.5729,3585538.822,No Dam,0,0,0.0,-0.483783183,-0.001273081,0.01461431,-0.574657798,-0.589272108,1.221367892,0.966596472,-0.25477142
Cahaba,2000,1263,485206.8006,3585448.662,No Dam,0,0,0.0,1.377724726,-0.002463526,0.006484577,-0.421246842,-0.427731419,1.221367892,0.966596472,-0.25477142
Cahaba,2000,1264,485170.3557,3585399.185,No Dam,0,0,0.0,-3.615975312,-0.000906633,0.019027992,0.04050694,0.021478948,1.221367892,0.966596472,-0.25477142
Cahaba,2000,1265,485109.7701,3585300.619,No Dam,0,0,0.0,-0.410767769,-0.001223022,0.028867026,1.133883629,1.105016603,1.221367892,0.966596472,-0.25477142
Cahaba,2000,1266,485057.6881,3585246.6,No Dam,0,0,0.0,-2.13942294,-0.001770201,-0.002987342,0.927551061,0.930538403,1.221367892,0.966596472,-0.25477142
Cahaba,2000,1267,484973.7019,3585173.78,No Dam,0,0,0.0,-0.882698926,-0.002567813,0.01059509,-0.190005615,-0.200600705,1.221367892,0.966596472,-0.25477142
Cahaba,2000,1268,484907.5687,3585142.844,No Dam,0,0,0.0,-3.222667979,-0.001605108,-0.025794798,0.426003138,0.451797936,1.221367892,0.966596472,-0.25477142
Cahaba,2000,1269,484765.4695,3585101.012,No Dam,0,0,0.0,-2.884055319,-0.00088276,0.048181745,1.650796473,1.602614728,1.221367892,0.966596472,-0.25477142
Cahaba,2000,1270,484638.9087,3585080.392,No Dam,0,0,0.0,-5.073682698,-0.001281828,0.068107839,1.085106972,1.016999133,1.221367892,0.966596472,-0.25477142
Cahaba,2000,1271,484505.2572,3585085.11,No Dam,0,0,0.0,-3.705500667,-0.00058373,-0.012202308,0.001452223,0.013654531,1.221367892,0.966596472,-0.25477142
Cahaba,2000,1272,484363.8929,3585104.831,No Dam,0,0,0.0,-3.551516193,-7.98e-05,0.018302603,0.207849817,0.189547214,1.221367892,0.966596472,-0.25477142
Cahaba,2000,1273,484241.8253,3585114.169,No Dam,0,0,0.0,2.193557315,0.000469868,0.031478766,-0.383860323,-0.415339089,1.221367892,0.966596472,-0.25477142
Cahaba,2000,1274,484147.8273,3585128.408,No Dam,0,0,0.0,-0.36649686,0.000893021,-0.021835372,0.088381777,0.110217149,1.221367892,0.966596472,-0.25477142
Cahaba,2000,1275,484027.4956,3585115.541,No Dam,0,0,0.0,-0.943738096,-9.49e-05,0.041451206,0.514930058,0.473478852,1.221367892,0.966596472,-0.25477142
Cahaba,2000,1276,483935.723,3585110.934,No Dam,0,0,0.0,-0.641578311,-0.001926859,0.064502204,0.859635673,0.795133469,1.221367892,0.966596472,-0.25477142
Cahaba,2000,1277,483835.3329,3585123.054,No Dam,0,0,0.0,1.677551466,-0.002829564,0.053876326,-0.26238654,-0.316262866,1.221367892,0.966596472,-0.25477142
Cahaba,2000,1278,483741.6401,3585164.071,No Dam,0,0,0.0,0.548883202,-0.004805722,0.03472591,-0.561934944,-0.596660854,1.221367892,0.966596472,-0.25477142
Cahaba,2000,1279,483691.167,3585236.216,No Dam,0,0,0.0,0.941283386,-0.003998101,0.003562389,-0.369796566,-0.373358955,1.221367892,0.966596472,-0.25477142
Cahaba,2000,1280,483658.0321,3585335.702,No Dam,0,0,0.0,-1.563557967,-0.003195302,-0.02834434,0.054272575,0.082616915,1.221367892,0.966596472,-0.25477142
Cahaba,2000,1281,483662.7544,3585444.504,No Dam,0,0,0.0,-2.107802649,-0.00459987,0.008581188,0.167673827,0.159092639,1.221367892,0.966596472,-0.25477142
Cahaba,2000,1282,483712.6904,3585538.453,No Dam,0,0,0.0,-3.09398488,-0.002486991,0.030656333,1.553433186,1.522776853,1.221367892,0.966596472,-0.25477142
Cahaba,2000,1283,483838.7317,3585631.703,No Dam,0,0,0.0,-3.972621897,-0.000927012,0.041364619,1.108118096,1.066753477,1.221367892,0.966596472,-0.25477142
Cahaba,2000,1284,483954.99,3585701.122,No Dam,0,0,0.0,-1.40802044,-0.001528697,-0.004050317,-0.504141975,-0.500091658,1.221367892,0.966596472,-0.25477142
Cahaba,2000,1285,484038.0505,3585739.477,No Dam,0,0,0.0,-0.843032146,-0.00212448,0.02947763,0.967198543,0.937720913,1.221367892,0.966596472,-0.25477142
Cahaba,2000,1286,484163.982,3585756.555,No Dam,0,0,0.0,0.629144079,-0.000175383,0.02312584,0.709948094,0.686822254,1.221367892,0.966596472,-0.25477142
Cahaba,2000,1287,484344.7106,3585772.966,No Dam,0,0,0.0,5.216433733,0.001907111,0.053247149,1.015289765,0.962042616,1.221367892,0.966596472,-0.25477142
Cahaba,2000,1288,484401.3636,3585798.299,No Dam,0,0,0.0,1.418474013,0.004975629,-0.024318764,0.844189818,0.868508582,1.221367892,0.966596472,-0.25477142
Cahaba,2000,1289,484503.969,3585893.024,No Dam,0,0,0.0,2.004905125,0.001541291,0.016489475,1.632677944,1.616188469,1.221367892,0.966596472,-0.25477142
Cahaba,2000,1290,484592.3162,3586052.896,No Dam,0,0,0.0,2.225197816,0.00308198,-0.055115498,-0.574411123,-0.519295625,1.221367892,0.966596472,-0.25477142
Cahaba,2000,1291,484590.5212,3586176.315,No Dam,0,0,0.0,2.958477869,0.002420401,-0.033092187,0.511839068,0.544931255,1.221367892,0.966596472,-0.25477142
Cahaba,2000,1292,484514.5317,3586353.419,No Dam,0,0,0.0,-1.101853789,0.000818393,0.016655205,0.055584111,0.038928906,1.221367892,0.966596472,-0.25477142
Cahaba,2000,1293,484422.6631,3586511.699,No Dam,0,0,0.0,3.868024194,0.001463266,-0.025046209,0.142570721,0.16761693,1.221367892,0.966596472,-0.25477142
Cahaba,2000,1294,484331.3599,3586607.31,No Dam,0,0,0.0,1.632507725,0.002179176,-0.050648599,0.409629373,0.460277972,1.221367892,0.966596472,-0.25477142
Cahaba,2000,1295,484202.6467,3586674.253,No Dam,0,0,0.0,0.627260377,0.001509944,0.010247934,-0.407592445,-0.417840379,1.221367892,0.966596472,-0.25477142
Cahaba,2000,1296,484081.9599,3586707.382,No Dam,0,0,0.0,-0.838786447,0.000282132,-0.042167641,0.816851313,0.859018954,1.221367892,0.966596472,-0.25477142
Cahaba,2000,1297,483925.9559,3586742.057,No Dam,0,0,0.0,-3.15129457,-0.000494545,-0.03137663,1.183265142,1.214641772,1.221367892,0.966596472,-0.25477142
Cahaba,2000,1298,483816.516,3586787.812,No Dam,0,0,0.0,-1.113027608,-0.001148538,-0.047477293,1.49013424,1.537611533,1.221367892,0.966596472,-0.25477142
Cahaba,2000,1299,483722.9032,3586827.302,No Dam,0,0,0.0,-0.278539666,-0.002505879,0.028826724,0.873257959,0.844431235,1.221367892,0.966596472,-0.25477142
Cahaba,2000,1300,483643.5358,3586889.835,No Dam,0,0,0.0,-2.062136889,-0.004579356,9.43e-05,-0.515250006,-0.515344306,1.221367892,0.966596472,-0.25477142
Cahaba,2000,1301,483604.9087,3586979.713,No Dam,0,0,0.0,-2.564202221,-0.001141282,0.011092585,-0.024188894,-0.035281479,1.221367892,0.966596472,-0.25477142
Cahaba,2000,1302,483566.5698,3587145.752,No Dam,0,0,0.0,-6.894587856,0.00033872,-0.057175959,-0.466453922,-0.409277963,1.221367892,0.966596472,-0.25477142
Cahaba,2000,1303,483542.6795,3587229.709,No Dam,0,0,0.0,-0.723911491,0.003500014,-0.020682505,-0.184144914,-0.163462409,1.221367892,0.966596472,-0.25477142
Cahaba,2000,1304,483489.0503,3587310.822,No Dam,0,0,0.0,-0.98807265,0.003932508,0.004307962,-0.035824859,-0.040132821,1.221367892,0.966596472,-0.25477142
Cahaba,2000,1305,483406.1678,3587364.047,No Dam,0,0,0.0,-1.898714504,0.008785238,-0.004732109,1.386937113,1.391669222,1.221367892,0.966596472,-0.25477142
Cahaba,2000,1306,483338.9903,3587344.892,No Dam,0,0,0.0,0.637187164,0.003839603,0.021554048,0.187343743,0.165789695,1.221367892,0.966596472,-0.25477142
Cahaba,2000,1307,483239.6307,3587291.884,No Dam,0,0,0.0,-0.996816436,0.001102054,-0.032505136,1.920230199,1.952735335,1.221367892,0.966596472,-0.25477142
Cahaba,2000,1308,483150.2424,3587224.349,No Dam,0,0,0.0,0.38495115,0.000604672,-0.010354448,1.39786662,1.408221068,1.221367892,0.966596472,-0.25477142
Cahaba,2000,1309,483080.8377,3587159.081,No Dam,0,0,0.0,-1.883087242,-0.001141343,-0.038743392,0.948304907,0.987048299,1.221367892,0.966596472,-0.25477142
Cahaba,2000,1310,483005.3641,3587106.716,No Dam,0,0,0.0,-0.704581502,-0.004911687,-0.001568302,0.007704301,0.009272603,1.221367892,0.966596472,-0.25477142
Cahaba,2000,1311,482944.3123,3587095.56,No Dam,0,0,0.0,0.213640301,-0.00517952,0.009429518,-0.441915468,-0.451344986,1.221367892,0.966596472,-0.25477142
Cahaba,2000,1312,482856.1399,3587109.894,No Dam,0,0,0.0,-0.458468167,-0.006896498,0.044594454,-0.195701451,-0.240295905,1.221367892,0.966596472,-0.25477142
Cahaba,2000,1313,482809.9954,3587147.407,No Dam,0,0,0.0,-0.395277907,-0.0085919,0.007348113,-0.447046998,-0.454395111,1.221367892,0.966596472,-0.25477142
Cahaba,2000,1314,482777.7201,3587238.981,No Dam,0,0,0.0,-1.44134341,-0.002555198,-0.015480538,-0.364071945,-0.348591407,1.221367892,0.966596472,-0.25477142
Cahaba,2000,1315,482792.3426,3587384.732,No Dam,0,0,0.0,-1.14161075,-0.001187917,-0.004687153,-0.04875827,-0.044071117,1.221367892,0.966596472,-0.25477142
Cahaba,2000,1316,482833.0538,3587520.774,No Dam,0,0,0.0,1.277101451,-0.001016654,-0.001186848,0.25861594,0.259802788,1.221367892,0.966596472,-0.25477142
Cahaba,2000,1317,482873.8374,3587618.543,No Dam,0,0,0.0,1.137722174,0.000254435,0.017477704,0.029116676,0.011638972,1.221367892,0.966596472,-0.25477142
Cahaba,2000,1318,482928.7996,3587729.132,No Dam,0,0,0.0,-1.113680285,0.004907741,-0.043894664,-0.422845457,-0.378950793,1.221367892,0.966596472,-0.25477142
Cahaba,2000,1319,482906.515,3587778.161,No Dam,0,0,0.0,-1.884866468,0.011505613,-0.011666155,-0.682641182,-0.670975027,1.221367892,0.966596472,-0.25477142
Cahaba,2000,1320,482868.2926,3587823.814,No Dam,0,0,0.0,-0.944560412,0.008503657,-0.0114752,0.030322201,0.041797401,1.221367892,0.966596472,-0.25477142
Cahaba,2000,1321,482827.1607,3587843.317,No Dam,0,0,0.0,-1.642663079,0.004710387,0.028843369,1.307143761,1.278300392,1.221367892,0.966596472,-0.25477142
Cahaba,2000,1322,482755.7584,3587845.217,No Dam,0,0,0.0,-2.388671379,-0.000252792,-0.008532321,0.097292398,0.105824719,1.221367892,0.966596472,-0.25477142
Cahaba,2000,1323,482661.6432,3587861.944,No Dam,0,0,0.0,-2.77936047,-0.00124172,-0.018486361,1.273060294,1.291546655,1.221367892,0.966596472,-0.25477142
Cahaba,2000,1324,482539.8135,3587885.314,No Dam,0,0,0.0,1.923165084,-0.001087442,0.036573937,0.887365026,0.850791089,1.221367892,0.966596472,-0.25477142
Cahaba,2000,1325,482413.2518,3587956.883,No Dam,0,0,0.0,0.305470925,-0.000573093,0.002833369,0.00793117,0.005097801,1.221367892,0.966596472,-0.25477142
Cahaba,2000,1326,482288.7559,3588021.153,No Dam,0,0,0.0,1.740445109,-0.000829406,-0.022941373,-0.169377161,-0.146435788,1.221367892,0.966596472,-0.25477142
Cahaba,2000,1327,482182.6448,3588095.293,No Dam,0,0,0.0,-2.967060233,-0.002140384,0.026502251,0.855006849,0.828504598,1.221367892,0.966596472,-0.25477142
Cahaba,2000,1328,482094.7689,3588192.712,No Dam,0,0,0.0,-3.918060471,-0.002696141,0.053406467,0.529176688,0.475770221,1.221367892,0.966596472,-0.25477142
Cahaba,2000,1329,482057.4198,3588332.129,No Dam,0,0,0.0,-0.636661422,-0.001476713,0.023132507,-0.148860367,-0.171992874,1.221367892,0.966596472,-0.25477142
Cahaba,2000,1330,482037.7852,3588519.146,No Dam,0,0,0.0,1.036680225,-0.001180656,-0.050859073,1.196441042,1.247300115,1.221367892,0.966596472,-0.25477142
Cahaba,2000,1331,482076.1828,3588687.067,No Dam,0,0,0.0,2.582371324,-0.001559067,0.068530953,0.116794352,0.048263399,1.221367892,0.966596472,-0.25477142
Cahaba,2000,1332,482127.6996,3588798.932,No Dam,0,0,0.0,3.935619773,-0.004209592,0.014344784,0.264060647,0.249715863,1.221367892,0.966596472,-0.25477142
Cahaba,2000,1333,482176.8406,3588856.747,No Dam,0,0,0.0,3.430210671,-0.004385865,0.069881557,1.413762645,1.343881088,1.221367892,0.966596472,-0.25477142
Cahaba,2000,1334,482308.8741,3588911.406,No Dam,0,0,0.0,-2.919365693,-0.002582548,-0.019973347,0.154221337,0.174194684,1.221367892,0.966596472,-0.25477142
Cahaba,2000,1335,482460.6986,3588905.406,No Dam,0,0,0.0,-3.149517063,-0.001174069,0.005141007,-0.410827471,-0.415968478,1.221367892,0.966596472,-0.25477142
Cahaba,2000,1336,482628.6317,3588830.307,No Dam,0,0,0.0,-3.785886614,0.001523936,-0.013973795,0.495488278,0.509462073,1.221367892,0.966596472,-0.25477142
Cahaba,2000,1337,482704.9789,3588832.292,No Dam,0,0,0.0,1.179658001,0.007234717,0.005980589,1.356495099,1.35051451,1.221367892,0.966596472,-0.25477142
Cahaba,2000,1338,482791.5938,3588899.564,No Dam,0,0,0.0,1.693670064,0.00100441,0.049498141,1.277100877,1.227602736,1.221367892,0.966596472,-0.25477142
Cahaba,2000,1339,482949.8104,3589005.879,No Dam,0,0,0.0,3.409519158,0.001182243,-0.001117601,0.905035002,0.906152603,1.221367892,0.966596472,-0.25477142
Cahaba,2000,1340,483062.2896,3589156.109,No Dam,0,0,0.0,0.558882415,0.001553389,0.005014084,0.614581003,0.609566919,1.221367892,0.966596472,-0.25477142
Cahaba,2000,1341,483122.2794,3589337.443,No Dam,0,0,0.0,5.072820277,0.001676949,-0.011337914,-0.445055724,-0.43371781,1.221367892,0.966596472,-0.25477142
Cahaba,2000,1342,483123.0924,3589479.331,No Dam,0,0,0.0,1.545318029,0.001326508,0.035667977,-0.470978164,-0.506646141,1.221367892,0.966596472,-0.25477142
Cahaba,2000,1343,483103.6421,3589634.297,No Dam,0,0,0.0,1.740763929,0.000793737,-0.018094776,-0.483155789,-0.465061013,1.221367892,0.966596472,-0.25477142
Cahaba,2000,1344,483067.3186,3589786.463,No Dam,0,0,0.0,-0.548408981,0.000528246,-0.014190242,-0.445936944,-0.431746702,1.221367892,0.966596472,-0.25477142
Cahaba,2000,1345,483003.0359,3589949.663,No Dam,0,0,0.0,-1.081137391,0.000395123,-0.002041858,-0.537017626,-0.534975768,1.221367892,0.966596472,-0.25477142
Cahaba,2000,1346,482943.0419,3590117.873,No Dam,0,0,0.0,-4.710996848,0.001398906,0.006112085,0.414971574,0.408859489,1.221367892,0.966596472,-0.25477142
Cahaba,2000,1347,482869.4934,3590211.883,No Dam,0,0,0.0,-2.819241258,0.002899657,0.026258379,-0.510564302,-0.536822681,1.221367892,0.966596472,-0.25477142
Cahaba,2000,1348,482768.2372,3590281.571,No Dam,0,0,0.0,1.598650051,0.002564828,0.032443209,0.566032473,0.533589264,1.221367892,0.966596472,-0.25477142
Cahaba,2000,1349,482685.4882,3590293.517,No Dam,0,0,0.0,-2.560065411,-0.002654328,0.005174925,1.385635005,1.38046008,1.221367892,0.966596472,-0.25477142
Cahaba,2000,1350,482608.5751,3590324.849,No Dam,0,0,0.0,-0.544145291,-0.005262562,0.025133543,-0.648858953,-0.673992496,1.221367892,0.966596472,-0.25477142
Cahaba,2000,1351,482566.9487,3590432.663,No Dam,0,0,0.0,-3.035647803,-0.004692981,0.046990988,-0.290435145,-0.337426133,1.1983419,1.016331492,-0.182010408
Cahaba,2000,1352,482553.6142,3590516.376,No Dam,0,0,0.0,-0.574701407,-0.003293372,0.00082324,-0.528122602,-0.528945842,1.1983419,1.016331492,-0.182010408
Cahaba,2000,1353,482613.9295,3590670.517,No Dam,0,0,0.0,-4.355050021,-0.001500635,-0.0640708,-0.07779653,-0.01372573,1.1983419,1.016331492,-0.182010408
Cahaba,2000,1354,482714.434,3590801.314,No Dam,0,0,0.0,-4.285433852,-0.001356562,-0.032737235,-0.45221398,-0.419476745,1.1983419,1.016331492,-0.182010408
Cahaba,2000,1355,482844.2339,3590906.343,No Dam,0,0,0.0,2.39137112,-0.002056305,-0.002292485,0.497644166,0.499936651,1.1983419,1.016331492,-0.182010408
Cahaba,2000,1356,482937.6179,3590939.147,No Dam,0,0,0.0,1.20953075,-0.001572201,0.072409033,0.380767193,0.30835816,1.1983419,1.016331492,-0.182010408
Cahaba,2000,1357,483052.7463,3590962.412,No Dam,0,0,0.0,0.938180268,0.00090884,0.181102821,1.544718434,1.363615613,1.1983419,1.016331492,-0.182010408
Cahaba,2000,1358,483183.507,3591007.184,No Dam,0,0,0.0,2.672861547,0.003856976,0.04426681,-0.224975793,-0.269242603,1.1983419,1.016331492,-0.182010408
Cahaba,2000,1359,483241.4828,3591074.387,No Dam,0,0,0.0,1.491911982,0.002225018,0.06272777,1.769291528,1.706563758,1.1983419,1.016331492,-0.182010408
Cahaba,2000,1360,483304.6614,3591217.202,No Dam,0,0,0.0,0.855818033,-0.000705841,0.147691075,0.086875825,-0.06081525,1.1983419,1.016331492,-0.182010408
Cahaba,2000,1361,483342.7519,3591296.5,No Dam,0,0,0.0,2.149035568,-0.002101771,0.022276065,0.202942034,0.180665969,1.1983419,1.016331492,-0.182010408
Cahaba,2000,1362,483460.2199,3591401.29,No Dam,0,0,0.0,-1.301564548,-0.003110104,0.107160692,0.40237191,0.295211218,1.1983419,1.016331492,-0.182010408
Cahaba,2000,1363,483533.0839,3591434.859,No Dam,0,0,0.0,1.500984089,-0.004120718,0.021245532,1.055552033,1.034306501,1.1983419,1.016331492,-0.182010408
Cahaba,2000,1364,483666.2332,3591409.159,No Dam,0,0,0.0,2.085462744,0.000178255,0.041713573,0.431244663,0.38953109,1.1983419,1.016331492,-0.182010408
Cahaba,2000,1365,483764.5806,3591399.518,No Dam,0,0,0.0,-1.01270004,0.00301145,0.05181561,-0.134168214,-0.185983824,1.1983419,1.016331492,-0.182010408
Cahaba,2000,1366,483843.3702,3591431.325,No Dam,0,0,0.0,2.86129768,-0.00081798,0.057249917,2.328312347,2.27106243,1.1983419,1.016331492,-0.182010408
Cahaba,2000,1367,483986.7105,3591459.725,No Dam,0,0,0.0,1.768885283,-0.004480407,0.025038258,0.777370257,0.752331999,1.1983419,1.016331492,-0.182010408
Cahaba,2000,1368,484051.0592,3591416.884,No Dam,0,0,0.0,-1.673868876,-0.00148032,0.077591805,-0.56130555,-0.638897355,1.1983419,1.016331492,-0.182010408
Cahaba,2000,1369,484164.4737,3591328.352,No Dam,0,0,0.0,-1.295624987,0.001506273,0.106755396,-0.156384037,-0.263139433,1.1983419,1.016331492,-0.182010408
Cahaba,2000,1370,484284.075,3591293.791,No Dam,0,0,0.0,1.130370268,0.001433865,0.081362446,2.058182122,1.976819676,1.1983419,1.016331492,-0.182010408
Cahaba,2000,1371,484422.8645,3591272.694,No Dam,0,0,0.0,2.845480855,0.002901655,0.014905076,0.207373289,0.192468213,1.1983419,1.016331492,-0.182010408
Cahaba,2000,1372,484501.3382,3591276.563,No Dam,0,0,0.0,-3.012246137,0.004296777,0.040151174,0.038902677,-0.001248497,1.1983419,1.016331492,-0.182010408
Cahaba,2000,1373,484622.8261,3591359.93,No Dam,0,0,0.0,3.619493076,0.009623898,-0.028133346,-0.236256435,-0.208123089,1.1983419,1.016331492,-0.182010408
Cahaba,2000,1374,484601.997,3591431.584,No Dam,0,0,0.0,-0.773103284,0.00414788,0.044667203,0.531472752,0.486805549,1.1983419,1.016331492,-0.182010408
Cahaba,2000,1375,484496.4972,3591548.392,No Dam,0,0,0.0,-2.369424415,-0.000134785,0.038983962,0.697548898,0.658564936,1.1983419,1.016331492,-0.182010408
Cahaba,2000,1376,484338.907,3591745.779,No Dam,0,0,0.0,-0.912353559,-0.000715399,0.010688969,1.197081288,1.186392319,1.1983419,1.016331492,-0.182010408
Cahaba,2000,1377,484286.6523,3591871.85,No Dam,0,0,0.0,-2.986550513,-0.002923082,-0.031881125,1.057955746,1.089836871,1.1983419,1.016331492,-0.182010408
Cahaba,2000,1378,484253.1386,3591982.055,No Dam,0,0,0.0,1.504516221,-0.00499024,-0.007864436,-0.420329149,-0.412464713,1.1983419,1.016331492,-0.182010408
Cahaba,2000,1379,484310.3848,3592093.11,No Dam,0,0,0.0,-2.609175808,-0.011208526,-0.018405475,0.322906147,0.341311622,1.1983419,1.016331492,-0.182010408
Cahaba,2000,1380,484402.8272,3592096.44,No Dam,0,0,0.0,-1.890454171,-0.003332109,0.005730489,1.695839692,1.690109203,1.1983419,1.016331492,-0.182010408
Cahaba,2000,1381,484570.8466,3591994.623,No Dam,0,0,0.0,-0.739002339,-0.000317762,0.042766102,-0.419327267,-0.462093369,1.1983419,1.016331492,-0.182010408
Cahaba,2000,1382,484693.8377,3591881.161,No Dam,0,0,0.0,-4.105523324,0.001629936,0.068008574,-0.101456256,-0.16946483,1.1983419,1.016331492,-0.182010408
Cahaba,2000,1383,484874.5712,3591812.34,No Dam,0,0,0.0,4.733109869,0.003494284,-0.012344802,0.407534824,0.419879626,1.1983419,1.016331492,-0.182010408
Cahaba,2000,1384,485020.301,3591883.129,No Dam,0,0,0.0,2.570883431,0.004184898,0.120752608,1.927240173,1.806487565,1.1983419,1.016331492,-0.182010408
Cahaba,2000,1385,485099.7026,3592002.018,No Dam,0,0,0.0,3.773693696,0.003912907,0.148356447,1.995333977,1.84697753,1.1983419,1.016331492,-0.182010408
Cahaba,2000,1386,485109.2931,3592159.254,No Dam,0,0,0.0,4.484832482,0.001670174,0.242832165,2.395889485,2.15305732,1.1983419,1.016331492,-0.182010408
Cahaba,2000,1387,485017.0027,3592310.161,No Dam,0,0,0.0,-1.060315783,-0.001296756,0.083817205,0.144081607,0.060264402,1.1983419,1.016331492,-0.182010408
Cahaba,2000,1388,485008.6947,3592485.924,No Dam,0,0,0.0,-2.190523802,-0.000859094,0.002894417,1.601649232,1.598754815,1.1983419,1.016331492,-0.182010408
Cahaba,2000,1389,485065.0657,3592708.455,No Dam,0,0,0.0,-6.676653224,0.000525763,-0.004737951,1.645344517,1.650082468,1.1983419,1.016331492,-0.182010408
Cahaba,2000,1390,485052.9279,3592858.658,No Dam,0,0,0.0,-4.226099617,0.000806361,0.00468901,-0.646681751,-0.651370761,1.1983419,1.016331492,-0.182010408
Cahaba,2000,1391,485028.2672,3593020.223,No Dam,0,0,0.0,4.276575023,-0.000254898,0.036525559,-0.802223594,-0.838749153,1.1983419,1.016331492,-0.182010408
Cahaba,2000,1392,485017.3432,3593229.671,No Dam,0,0,0.0,5.707427436,-0.000381233,0.007050034,1.878228819,1.871178785,1.1983419,1.016331492,-0.182010408
Cahaba,2000,1393,485020.1884,3593403.434,No Dam,0,0,0.0,4.965041427,-0.000359303,-0.128506566,-0.4321696,-0.303663034,1.1983419,1.016331492,-0.182010408
Cahaba,2000,1394,485038.6578,3593559.065,No Dam,0,0,0.0,3.475565963,0.000517748,-0.089865578,1.297551085,1.387416663,1.1983419,1.016331492,-0.182010408
Cahaba,2000,1395,485042.8295,3593655.135,No Dam,0,0,0.0,3.00187445,0.002868564,-0.052511515,-0.501688026,-0.449176511,1.1983419,1.016331492,-0.182010408
Cahaba,2000,1396,485016.1809,3593770.713,No Dam,0,0,0.0,1.078230973,0.00175934,0.009882222,0.359318983,0.349436761,1.1983419,1.016331492,-0.182010408
Cahaba,2000,1397,484935.4317,3593900.827,No Dam,0,0,0.0,0.462377956,0.000991531,0.016576354,0.466561821,0.449985467,1.1983419,1.016331492,-0.182010408
Cahaba,2000,1398,484838.8807,3594020.729,No Dam,0,0,0.0,1.814203813,0.000119562,-0.019784406,0.021261362,0.041045768,1.1983419,1.016331492,-0.182010408
Cahaba,2000,1399,484685.4461,3594186.561,No Dam,0,0,0.0,-3.598470308,-0.000614478,0.054442338,1.723532312,1.669089974,1.1983419,1.016331492,-0.182010408
Cahaba,2000,1400,484610.3291,3594303.152,No Dam,0,0,0.0,-3.988165288,-0.000992174,0.010229734,-0.483899006,-0.49412874,1.1983419,1.016331492,-0.182010408
Cahaba,2000,1401,484584.6008,3594416.938,No Dam,0,0,0.0,3.445156212,0.003407265,0.010865594,-0.440656961,-0.451522555,1.1983419,1.016331492,-0.182010408
Cahaba,2000,1402,484496.6562,3594479.618,No Dam,0,0,0.0,-3.166932774,0.001400091,0.029974809,-0.556889731,-0.58686454,1.1983419,1.016331492,-0.182010408
Cahaba,2000,1403,484386.6205,3594520.876,No Dam,0,0,0.0,-4.416452686,-0.003037882,0.04035412,2.288451893,2.248097773,1.1983419,1.016331492,-0.182010408
Cahaba,2000,1404,484302.1471,3594619.458,No Dam,0,0,0.0,-1.408069958,-0.001547047,-0.001219011,-0.800948793,-0.799729782,1.1983419,1.016331492,-0.182010408
Cahaba,2000,1405,484247.6733,3594797.094,No Dam,0,0,0.0,-2.604422721,0.000326172,-0.03831622,1.488262633,1.526578853,1.1983419,1.016331492,-0.182010408
Cahaba,2000,1406,484182.1804,3594940.236,No Dam,0,0,0.0,-2.189883742,0.001300002,-0.016227235,1.392474844,1.408702079,1.1983419,1.016331492,-0.182010408
Cahaba,2000,1407,484060.2388,3595093.747,No Dam,0,0,0.0,1.860837339,0.000485608,0.027875282,-0.003077577,-0.030952859,1.1983419,1.016331492,-0.182010408
Cahaba,2000,1408,483896.9346,3595222.916,No Dam,0,0,0.0,-4.938888956,-0.000645699,0.040487888,1.302667935,1.262180047,1.1983419,1.016331492,-0.182010408
Cahaba,2000,1409,483806.5937,3595345.757,No Dam,0,0,0.0,1.576679978,-0.000836909,0.005032217,-0.572731774,-0.577763991,1.1983419,1.016331492,-0.182010408
Cahaba,2000,1410,483738.5413,3595495.928,No Dam,0,0,0.0,-0.155002479,0.001487256,-0.008979348,0.121662857,0.130642205,1.1983419,1.016331492,-0.182010408
Cahaba,2000,1411,483655.7321,3595586.751,No Dam,0,0,0.0,2.402755363,0.002587403,0.041726302,0.467020632,0.42529433,1.1983419,1.016331492,-0.182010408
Cahaba,2000,1412,483508.8647,3595656.23,No Dam,0,0,0.0,-0.802850855,6.9e-05,-0.041991711,1.647226401,1.689218112,1.1983419,1.016331492,-0.182010408
Cahaba,2000,1413,483270.4339,3595743.844,No Dam,0,0,0.0,-7.160807312,-0.000924802,-0.01444759,-0.312911566,-0.298463976,1.1983419,1.016331492,-0.182010408
Cahaba,2000,1414,483160.822,3595851.89,No Dam,0,0,0.0,4.151777388,-0.000804054,-0.016867174,1.294321438,1.311188612,1.1983419,1.016331492,-0.182010408
Cahaba,2000,1415,483038.3734,3595983.918,No Dam,0,0,0.0,-0.89781103,0.000960257,-0.023830839,0.923574381,0.94740522,1.1983419,1.016331492,-0.182010408
Cahaba,2000,1416,482922.1173,3596063.417,No Dam,0,0,0.0,2.838389735,0.002146095,0.02853384,0.824307962,0.795774122,1.1983419,1.016331492,-0.182010408
Cahaba,2000,1417,482808.6457,3596091.411,No Dam,0,0,0.0,-2.79896186,0.000651264,-0.019105226,1.022206606,1.041311832,1.1983419,1.016331492,-0.182010408
Cahaba,2000,1418,482664.2662,3596131.479,No Dam,0,0,0.0,2.912492689,-0.000607495,0.019209722,2.0621427,2.042932978,1.1983419,1.016331492,-0.182010408
Cahaba,2000,1419,482535.3322,3596162.505,No Dam,0,0,0.0,0.598500633,-0.004054674,0.025586439,0.6655047,0.639918261,1.1983419,1.016331492,-0.182010408
Cahaba,2000,1420,482467.1186,3596233.815,No Dam,0,0,0.0,-0.23298207,-0.003560067,-0.031455984,0.609521518,0.640977502,1.1983419,1.016331492,-0.182010408
Cahaba,2000,1421,482429.6816,3596371.971,No Dam,0,0,0.0,2.318537539,-0.002627662,0.003819274,-0.653623847,-0.657443121,1.1983419,1.016331492,-0.182010408
Cahaba,2000,1422,482420.4608,3596472.877,No Dam,0,0,0.0,-1.807946452,-0.001320078,-0.003387616,1.214378282,1.217765898,1.1983419,1.016331492,-0.182010408
Cahaba,2000,1423,482461.4497,3596691.165,No Dam,0,0,0.0,-6.433157506,-0.000270645,0.227163243,1.198950271,0.971787028,1.1983419,1.016331492,-0.182010408
Cahaba,2000,1424,482522.0776,3596830.254,No Dam,0,0,0.0,-0.448643781,0.000484046,-0.028848864,-0.62564871,-0.596799846,1.1983419,1.016331492,-0.182010408
Cahaba,2000,1425,482530.6596,3597005.435,No Dam,0,0,0.0,0.652598782,-0.000214098,0.027339922,-0.048416534,-0.075756456,1.1983419,1.016331492,-0.182010408
Cahaba,2000,1426,482577.3824,3597210.402,No Dam,0,0,0.0,0.789579094,-0.000921143,0.087522363,1.757034676,1.669512313,1.1983419,1.016331492,-0.182010408
Cahaba,2000,1427,482631.7728,3597319.538,No Dam,0,0,0.0,2.854208356,0.000350353,0.008777302,-0.216312841,-0.225090143,1.1983419,1.016331492,-0.182010408
Cahaba,2000,1428,482687.3568,3597433.06,No Dam,0,0,0.0,-1.537072938,0.006035724,0.03207969,-0.639386519,-0.671466209,1.1983419,1.016331492,-0.182010408
Cahaba,2000,1429,482648.7794,3597512.148,No Dam,0,0,0.0,1.021008809,0.007202334,0.012873084,-0.751492196,-0.76436528,1.1983419,1.016331492,-0.182010408
Cahaba,2000,1430,482563.5315,3597573.485,No Dam,0,0,0.0,2.269635907,0.002043443,-0.001834904,0.597286377,0.599121281,1.1983419,1.016331492,-0.182010408
Cahaba,2000,1431,482394.0165,3597631.249,No Dam,0,0,0.0,-2.969069873,0.000685828,0.040710184,0.017487523,-0.023222661,1.1983419,1.016331492,-0.182010408
Cahaba,2000,1432,482154.4972,3597668.843,No Dam,0,0,0.0,2.623376914,0.000967007,-0.003724735,-0.363354919,-0.359630184,1.1983419,1.016331492,-0.182010408
Cahaba,2000,1433,481987.2622,3597661.559,No Dam,0,0,0.0,-4.655463526,0.002726427,0.031674385,0.996620523,0.964946138,1.1983419,1.016331492,-0.182010408
Cahaba,2000,1434,481840.5626,3597595.789,No Dam,0,0,0.0,-0.511874341,0.002245972,-0.016204316,-0.316522054,-0.300317738,1.1983419,1.016331492,-0.182010408
Cahaba,2000,1435,481789.0721,3597449.581,No Dam,0,0,0.0,-4.628247305,-0.002903952,-0.001362363,0.52083952,0.522201883,1.1983419,1.016331492,-0.182010408
Cahaba,2000,1436,481705.8677,3597437.497,No Dam,0,0,0.0,-0.807209777,-0.0131067,-0.02817047,-0.162781274,-0.134610804,1.1983419,1.016331492,-0.182010408
Cahaba,2000,1437,481635.6379,3597483.777,No Dam,0,0,0.0,1.742254772,-0.00718547,0.009656154,-0.423965158,-0.433621312,1.1983419,1.016331492,-0.182010408
Cahaba,2000,1438,481612.5381,3597601.816,No Dam,0,0,0.0,0.920095871,-0.004005499,0.070280805,0.260580213,0.190299408,1.1983419,1.016331492,-0.182010408
Cahaba,2000,1439,481664.46,3597716.656,No Dam,0,0,0.0,-3.645051264,-0.000692019,0.025562867,1.708614258,1.683051391,1.1983419,1.016331492,-0.182010408
Cahaba,2000,1440,481753.7161,3597865.261,No Dam,0,0,0.0,3.056803737,0.000928545,-0.001637184,1.445473762,1.447110946,1.1983419,1.016331492,-0.182010408
Cahaba,2000,1441,481801.5141,3598020.62,No Dam,0,0,0.0,-0.437031504,0.003355549,0.000221968,-0.585852991,-0.586074959,1.1983419,1.016331492,-0.182010408
Cahaba,2000,1442,481776.0526,3598116.287,No Dam,0,0,0.0,1.529279727,0.00392206,0.154537953,-0.121474855,-0.276012808,1.1983419,1.016331492,-0.182010408
Cahaba,2000,1443,481714.178,3598207.406,No Dam,0,0,0.0,2.525931582,-0.000971118,0.124438032,0.949325741,0.824887709,1.1983419,1.016331492,-0.182010408
Cahaba,2000,1444,481662.2349,3598264.814,No Dam,0,0,0.0,-1.612613063,-0.006403183,0.048674417,-0.576033255,-0.624707672,1.1983419,1.016331492,-0.182010408
Cahaba,2000,1445,481684.9254,3598374.299,No Dam,0,0,0.0,-1.05398374,-0.000231981,-0.040841662,-0.450306004,-0.409464342,1.1983419,1.016331492,-0.182010408
Cahaba,2000,1446,481711.8993,3598545.412,No Dam,0,0,0.0,3.250223536,0.003319453,-0.032787549,-0.598588698,-0.565801149,1.1983419,1.016331492,-0.182010408
Cahaba,2000,1447,481685.2873,3598600.427,No Dam,0,0,0.0,1.975512603,0.002519845,0.008151356,-0.599146802,-0.607298158,1.1983419,1.016331492,-0.182010408
Cahaba,2000,1448,481591.6919,3598742.515,No Dam,0,0,0.0,3.792078984,-5.51e-05,-0.013846905,-0.667603954,-0.653757049,1.1983419,1.016331492,-0.182010408
Cahaba,2000,1449,481502.3724,3598869.129,No Dam,0,0,0.0,3.662697953,-0.000614682,-0.05507028,0.988772767,1.043843047,1.1983419,1.016331492,-0.182010408
Cahaba,2000,1450,481453.4164,3598976.506,No Dam,0,0,0.0,-3.590234749,-0.000151095,0.001071316,0.255407493,0.254336177,1.1983419,1.016331492,-0.182010408
Cahaba,2000,1451,481410.7205,3599072.648,No Dam,0,0,0.0,3.226346788,0.001500292,-0.02719774,-0.492826097,-0.465628357,1.1983419,1.016331492,-0.182010408
Cahaba,2000,1452,481356.6708,3599136.609,No Dam,0,0,0.0,2.609780328,0.003548127,0.024127678,0.015270843,-0.008856835,1.1983419,1.016331492,-0.182010408
Cahaba,2000,1453,481316.0004,3599179.735,No Dam,0,0,0.0,1.200385631,0.005407052,-0.037822384,0.212354528,0.250176912,1.1983419,1.016331492,-0.182010408
Cahaba,2000,1454,481233.017,3599217.672,No Dam,0,0,0.0,-1.107169723,0.004517991,0.024182491,0.812963448,0.788780957,1.1983419,1.016331492,-0.182010408
Cahaba,2000,1455,481140.0595,3599198.724,No Dam,0,0,0.0,-1.711584131,0.001634548,0.040595137,1.86150861,1.820913473,1.1983419,1.016331492,-0.182010408
Cahaba,2000,1456,481054.7325,3599162.326,No Dam,0,0,0.0,-1.588429812,-0.003840455,0.061372623,1.465001493,1.40362887,1.1983419,1.016331492,-0.182010408
Cahaba,2000,1457,480976.0366,3599161.769,No Dam,0,0,0.0,2.928119973,-0.004544881,0.056906427,1.061992635,1.005086208,1.1983419,1.016331492,-0.182010408
Cahaba,2000,1458,480870.7416,3599216.981,No Dam,0,0,0.0,0.991869581,-0.004903217,-0.021213889,0.089293118,0.110507007,1.1983419,1.016331492,-0.182010408
Cahaba,2000,1459,480840.881,3599290.904,No Dam,0,0,0.0,1.17054854,-0.025709694,0.010083097,0.636643811,0.626560714,1.1983419,1.016331492,-0.182010408
Cahaba,2000,1460,480880.8067,3599323.19,No Dam,0,0,0.0,0.648570431,-0.002877054,-6.79e-05,0.816266759,0.816334659,1.1983419,1.016331492,-0.182010408
Cahaba,2000,1461,480993.7315,3599357.537,No Dam,0,0,0.0,-2.280486997,0.00079893,-0.038636709,-0.34295709,-0.304320381,1.1983419,1.016331492,-0.182010408
Cahaba,2000,1462,481127.3786,3599445.239,No Dam,0,0,0.0,3.662519829,0.000966051,-0.007163334,0.184184502,0.191347836,1.1983419,1.016331492,-0.182010408
Cahaba,2000,1463,481202.4748,3599519.312,No Dam,0,0,0.0,5.801038357,-0.001532738,-0.006043335,-0.472995705,-0.46695237,1.1983419,1.016331492,-0.182010408
Cahaba,2000,1464,481298.9104,3599594.375,No Dam,0,0,0.0,12.87286968,-0.003984815,-0.014552069,0.187922865,0.202474934,1.1983419,1.016331492,-0.182010408
Cahaba,2000,1465,481413.244,3599577.916,No Dam,0,0,0.0,17.58314181,-0.003298999,0.022536085,-0.365432201,-0.387968286,1.1983419,1.016331492,-0.182010408
Cahaba,2016,1466,491216.9566,3575668.977,No Dam,0,0,0.0,-6.635101902,-0.000695997,0.007563777,0.147851942,0.140288165,1.245536715,1.012017147,-0.233519568
Cahaba,2016,1467,491133.3435,3575891.475,No Dam,0,0,0.0,-1.473681662,-0.001530475,-0.073981936,-0.52116401,-0.447182074,1.245536715,1.012017147,-0.233519568
Cahaba,2016,1468,491154.1632,3576059.636,No Dam,0,0,0.0,4.546789765,-0.001789601,0.049013985,-0.444100769,-0.493114754,1.245536715,1.012017147,-0.233519568
Cahaba,2016,1469,491228.413,3576214.463,No Dam,0,0,0.0,2.375,0.000359619,0.069163656,0.379698463,0.310534807,1.245536715,1.012017147,-0.233519568
Cahaba,2016,1470,491316.5646,3576496.914,No Dam,0,0,0.0,-8.761698113,0.001286985,-0.017162561,-0.378603775,-0.361441214,1.245536715,1.012017147,-0.233519568
Cahaba,2016,1471,491291.0694,3576674.926,No Dam,0,0,0.0,-12.12321995,0.001181072,0.022591982,-0.550074246,-0.572666228,1.245536715,1.012017147,-0.233519568
Cahaba,2016,1472,491192.8512,3576892.844,No Dam,0,0,0.0,-12.70908936,-0.000274694,0.007674214,-0.457671259,-0.465345473,1.245536715,1.012017147,-0.233519568
Cahaba,2016,1473,491141.953,3577131.747,No Dam,0,0,0.0,-19.33144185,-0.000990666,-0.060468128,-0.514799125,-0.454330997,1.245536715,1.012017147,-0.233519568
Cahaba,2016,1474,491140.2565,3577275.318,No Dam,0,0,0.0,-8.968349023,-0.000631783,-0.034271088,-0.552940906,-0.518669818,1.245536715,1.012017147,-0.233519568
Cahaba,2016,1475,491155.6776,3577488.288,No Dam,0,0,0.0,-3.696132939,0.000159339,-0.038661672,-0.368455637,-0.329793965,1.245536715,1.012017147,-0.233519568
Cahaba,2016,1476,491165.5898,3577591.197,No Dam,0,0,0.0,-3.909794254,0.00559477,-0.03602569,-0.413875039,-0.377849349,1.245536715,1.012017147,-0.233519568
Cahaba,2016,1477,491137.852,3577651.588,No Dam,0,0,0.0,-4.434122565,0.012115058,-0.004724268,-0.441077047,-0.436352779,1.245536715,1.012017147,-0.233519568
Cahaba,2016,1478,491064.703,3577672.103,No Dam,0,0,0.0,-2.284842177,0.003260386,-0.005671655,-0.249177594,-0.243505939,1.245536715,1.012017147,-0.233519568
Cahaba,2016,1479,490956.93,3577685.967,No Dam,0,0,0.0,-4.378413497,0.00087579,-0.023621587,-0.441183496,-0.417561909,1.245536715,1.012017147,-0.233519568
Cahaba,2016,1480,490788.7674,3577673.718,No Dam,0,0,0.0,16.73105527,0.000475006,0.070891794,-0.447858879,-0.518750673,1.245536715,1.012017147,-0.233519568
Cahaba,2016,1481,490565.2076,3577654.894,No Dam,0,0,0.0,8.606277549,0.003515316,0.012471588,-0.563776052,-0.57624764,1.245536715,1.012017147,-0.233519568
Cahaba,2016,1482,490526.3871,3577602.831,No Dam,0,0,0.0,2.921867425,0.002469391,-0.06809935,-0.467580795,-0.399481445,1.245536715,1.012017147,-0.233519568
Cahaba,2016,1483,490423.9622,3577422.511,No Dam,0,0,0.0,6.94910989,-0.000224415,-0.013772668,-0.525058175,-0.511285507,1.245536715,1.012017147,-0.233519568
Cahaba,2016,1484,490315.1939,3577264.566,No Dam,0,0,0.0,3.867671862,-0.00036089,-0.050564988,-0.372940483,-0.322375495,1.245536715,1.012017147,-0.233519568
Cahaba,2016,1485,490203.3676,3577130.422,No Dam,0,0,0.0,2.370048973,9.75e-05,-0.064819944,-0.411192234,-0.34637229,1.245536715,1.012017147,-0.233519568
Cahaba,2016,1486,490097.6308,3576998.096,No Dam,0,0,0.0,3.618703429,0.001236466,-0.098408764,-0.582079453,-0.483670689,1.245536715,1.012017147,-0.233519568
Cahaba,2016,1487,490044.0594,3576895.156,No Dam,0,0,0.0,-2.729639909,0.005941095,-0.009959653,-0.423078203,-0.41311855,1.245536715,1.012017147,-0.233519568
Cahaba,2016,1488,490065.2249,3576827.036,No Dam,0,0,0.0,-6.376563037,0.005171085,-0.014532664,-0.550064704,-0.53553204,1.245536715,1.012017147,-0.233519568
Cahaba,2016,1489,490086.2544,3576756.045,No Dam,0,0,0.0,6.318938027,0.002084915,-0.058861688,-0.365504337,-0.306642649,1.245536715,1.012017147,-0.233519568
Cahaba,2016,1490,490135.4337,3576694.146,No Dam,0,0,0.0,5.038844648,0.001132738,-0.054686917,-0.190124404,-0.135437487,1.245536715,1.012017147,-0.233519568
Cahaba,2016,1491,490186.1624,3576608.516,No Dam,0,0,0.0,1.160382034,0.000315243,-0.002931983,-0.418290854,-0.415358871,1.245536715,1.012017147,-0.233519568
Cahaba,2016,1492,490243.4673,3576569.533,No Dam,0,0,0.0,9.819431305,-0.00286965,-0.019747396,-0.477386711,-0.457639315,1.245536715,1.012017147,-0.233519568
Cahaba,2016,1493,490283.2357,3576477.346,No Dam,0,0,0.0,2.717382351,-0.004213524,-0.076059103,-0.545117527,-0.469058424,1.245536715,1.012017147,-0.233519568
Cahaba,2016,1494,490282.6184,3576409.541,No Dam,0,0,0.0,7.365871241,-0.00385744,-0.061081105,-0.674428774,-0.613347669,1.245536715,1.012017147,-0.233519568
Cahaba,2016,1495,490268.8852,3576320.583,No Dam,0,0,0.0,5.753161275,-0.004206653,0.003016477,-0.907603256,-0.910619733,1.245536715,1.012017147,-0.233519568
Cahaba,2016,1496,490226.1435,3576253.514,No Dam,0,0,0.0,4.208477592,-0.002737443,-0.015414369,-0.60751835,-0.592103981,1.245536715,1.012017147,-0.233519568
Cahaba,2016,1497,490134.085,3576171.361,No Dam,0,0,0.0,9.198791139,-0.001882433,-0.010466557,-0.315787064,-0.305320507,1.245536715,1.012017147,-0.233519568
Cahaba,2016,1498,490056.0314,3576136.829,No Dam,0,0,0.0,-3.307907278,-0.001126456,-0.037001294,-0.327099972,-0.290098678,1.245536715,1.012017147,-0.233519568
Cahaba,2016,1499,489957.2298,3576090.43,No Dam,0,0,0.0,-10.36738493,-0.001339474,-0.037260224,-0.027180453,0.010079771,1.245536715,1.012017147,-0.233519568
Cahaba,2016,1500,489881.0471,3576064.775,No Dam,0,0,0.0,1.821125839,-0.001788435,-0.024820538,-0.447281703,-0.422461165,1.245536715,1.012017147,-0.233519568
Cahaba,2016,1501,489760.8582,3576053.339,No Dam,0,0,0.0,13.47322392,-0.001116229,-0.001889156,-0.505160472,-0.503271316,1.245536715,1.012017147,-0.233519568
Cahaba,2016,1502,489647.3654,3576054.323,No Dam,0,0,0.0,3.108135361,-0.000586768,0.023972698,-0.243036312,-0.26700901,1.245536715,1.012017147,-0.233519568
Cahaba,2016,1503,489488.6166,3576073.991,No Dam,0,0,0.0,-10.35289233,-0.000276386,-0.057309274,-0.398076783,-0.340767509,1.245536715,1.012017147,-0.233519568
Cahaba,2016,1504,489335.355,3576093.677,No Dam,0,0,0.0,-8.967805101,-0.000287703,-0.02150732,0.094652493,0.116159813,1.245536715,1.012017147,-0.233519568
Cahaba,2016,1505,489155.8484,3576129.828,No Dam,0,0,0.0,6.585123922,-0.0003002,-0.056264138,-0.264125931,-0.207861793,1.245536715,1.012017147,-0.233519568
Cahaba,2016,1506,489029.9576,3576165.135,No Dam,0,0,0.0,9.759552515,-0.000223112,-0.034578721,-0.585317068,-0.550738347,1.245536715,1.012017147,-0.233519568
Cahaba,2016,1507,488929.6624,3576191.056,No Dam,0,0,0.0,-13.31959132,0.000178673,-0.013755547,-0.414115911,-0.400360364,1.245536715,1.012017147,-0.233519568
Cahaba,2016,1508,488847.838,3576215.914,No Dam,0,0,0.0,-2.693290931,8.33e-05,0.044546971,-0.590781076,-0.635328047,1.245536715,1.012017147,-0.233519568
Cahaba,2016,1509,488661.1038,3576257.468,No Dam,0,0,0.0,-6.028807071,-0.000371511,-0.002159057,-0.354411703,-0.352252646,1.245536715,1.012017147,-0.233519568
Cahaba,2016,1510,488530.5132,3576293.558,No Dam,0,0,0.0,5.531718101,-0.002833193,0.066609156,1.751432678,1.684823522,1.245536715,1.012017147,-0.233519568
Cahaba,2016,1511,488468.6217,3576346.085,No Dam,0,0,0.0,4.70643938,-0.007863832,-0.001263705,-0.506809317,-0.505545612,1.245536715,1.012017147,-0.233519568
Cahaba,2016,1512,488448.409,3576402.96,No Dam,0,0,0.0,-0.263253536,-0.013304897,0.001934069,-0.388432369,-0.390366438,1.245536715,1.012017147,-0.233519568
Cahaba,2016,1513,488452.0611,3576445.409,No Dam,0,0,0.0,3.822881814,-0.009647563,0.153859409,-0.572934222,-0.726793631,1.245536715,1.012017147,-0.233519568
Cahaba,2016,1514,488502.2255,3576517.451,No Dam,0,0,0.0,2.174727071,-0.002338153,-0.029969546,1.76856257,1.798532116,1.245536715,1.012017147,-0.233519568
Cahaba,2016,1515,488622.6144,3576579.843,No Dam,0,0,0.0,-6.169424636,-0.000345783,0.002815589,-0.459119438,-0.461935027,1.245536715,1.012017147,-0.233519568
Cahaba,2016,1516,488744.1791,3576639.83,No Dam,0,0,0.0,-8.641043287,0.00106329,0.029519841,-0.490972328,-0.520492169,1.245536715,1.012017147,-0.233519568
Cahaba,2016,1517,488836.1563,3576707.532,No Dam,0,0,0.0,-5.881591713,0.001522622,-0.153350169,-0.392130218,-0.238780049,1.245536715,1.012017147,-0.233519568
Cahaba,2016,1518,488943.1213,3576813.183,No Dam,0,0,0.0,-4.667138547,0.000976821,0.029027126,-0.607332844,-0.63635997,1.245536715,1.012017147,-0.233519568
Cahaba,2016,1519,489062.0205,3576986.58,No Dam,0,0,0.0,-10.65156259,0.000963969,-0.02845261,-0.389374642,-0.360922032,1.245536715,1.012017147,-0.233519568
Cahaba,2016,1520,489109.7404,3577146.706,No Dam,0,0,0.0,-7.76417482,0.001349864,-0.050712084,-0.451941666,-0.401229582,1.245536715,1.012017147,-0.233519568
Cahaba,2016,1521,489124.9759,3577239.35,No Dam,0,0,0.0,-4.654074359,0.001029011,0.047875343,-0.470501011,-0.518376354,1.245536715,1.012017147,-0.233519568
Cahaba,2016,1522,489139.3008,3577308.931,No Dam,0,0,0.0,-9.980618285,0.002397584,-0.046893823,-0.45607015,-0.409176327,1.245536715,1.012017147,-0.233519568
Cahaba,2016,1523,489138.72,3577378.13,No Dam,0,0,0.0,-2.484313246,0.008149793,-0.014987296,-0.506187617,-0.491200321,1.245536715,1.012017147,-0.233519568
Cahaba,2016,1524,489116.2588,3577413.154,No Dam,0,0,0.0,-3.367679519,0.013392942,0.007407295,-0.40315018,-0.410557475,1.245536715,1.012017147,-0.233519568
Cahaba,2016,1525,489074.6335,3577438.813,No Dam,0,0,0.0,2.599844376,0.008903987,0.029784782,-0.447398278,-0.47718306,1.245536715,1.012017147,-0.233519568
Cahaba,2016,1526,489019.426,3577443.577,No Dam,0,0,0.0,5.259716255,0.00313292,-0.007706117,-0.302051223,-0.294345106,1.245536715,1.012017147,-0.233519568
Cahaba,2016,1527,488929.0273,3577428.957,No Dam,0,0,0.0,1.343651569,0.001204528,-0.081954833,-0.503795864,-0.421841031,1.245536715,1.012017147,-0.233519568
Cahaba,2016,1528,488853.6495,3577402.454,No Dam,0,0,0.0,8.187614916,-0.00109437,0.008718391,0.29880018,0.290081789,1.245536715,1.012017147,-0.233519568
Cahaba,2016,1529,488813.5057,3577390.359,No Dam,0,0,0.0,3.008507437,-0.002978086,-0.02593766,1.169118584,1.195056244,1.245536715,1.012017147,-0.233519568
Cahaba,2016,1530,488725.142,3577390.901,No Dam,0,0,0.0,-8.041258747,-0.002529596,0.017817638,-0.323204572,-0.34102221,1.245536715,1.012017147,-0.233519568
Cahaba,2016,1531,488680.5335,3577399.971,No Dam,0,0,0.0,10.00511489,-0.001765467,0.029915055,-0.719765831,-0.749680886,1.245536715,1.012017147,-0.233519568
Cahaba,2016,1532,488566.5395,3577426.602,No Dam,0,0,0.0,4.719855446,-0.001462787,-0.029706771,-0.486926399,-0.457219628,1.245536715,1.012017147,-0.233519568
Cahaba,2016,1533,488481.1819,3577472.351,No Dam,0,0,0.0,8.278185237,-0.001842311,-0.009849578,-0.240512707,-0.230663129,1.245536715,1.012017147,-0.233519568
Cahaba,2016,1534,488395.0655,3577536.974,No Dam,0,0,0.0,-5.209982452,-0.00101524,0.03358767,-0.40943535,-0.44302302,1.245536715,1.012017147,-0.233519568
Cahaba,2016,1535,488349.3223,3577592.401,No Dam,0,0,0.0,5.316368049,0.001468475,0.018058581,-0.425393216,-0.443451797,1.245536715,1.012017147,-0.233519568
Cahaba,2016,1536,488281.4064,3577638.37,No Dam,0,0,0.0,5.402330552,0.002974334,-0.032019481,-0.442722493,-0.410703012,1.245536715,1.012017147,-0.233519568
Cahaba,2016,1537,488226.3297,3577658.888,No Dam,0,0,0.0,-6.994186043,0.000195665,-0.009471472,-0.288228512,-0.27875704,1.245536715,1.012017147,-0.233519568
Cahaba,2016,1538,488116.1397,3577701.57,No Dam,0,0,0.0,-7.818409514,-1.89e-05,0.048294582,-0.565502446,-0.613797028,1.245536715,1.012017147,-0.233519568
Cahaba,2016,1539,488017.9425,3577751.472,No Dam,0,0,0.0,-1.297412905,-5.03e-05,-0.055646502,0.866302205,0.921948707,1.245536715,1.012017147,-0.233519568
Cahaba,2016,1540,487911.1333,3577783.502,No Dam,0,0,0.0,5.404609658,-0.001379363,-0.014378862,-0.461315265,-0.446936403,1.245536715,1.012017147,-0.233519568
Cahaba,2016,1541,487826.2071,3577840.041,No Dam,0,0,0.0,7.353849787,-0.002100871,-0.032298352,-0.333684411,-0.301386059,1.245536715,1.012017147,-0.233519568
Cahaba,2016,1542,487764.0663,3577906.446,No Dam,0,0,0.0,4.071481191,-0.003581478,-0.036975001,-0.223061139,-0.186086138,1.245536715,1.012017147,-0.233519568
Cahaba,2016,1543,487730.9967,3577948.532,No Dam,0,0,0.0,0.708142823,-0.010770013,-0.076441603,-0.223118116,-0.146676513,1.245536715,1.012017147,-0.233519568
Cahaba,2016,1544,487728.2194,3578015.788,No Dam,0,0,0.0,-1.388797598,-0.006960012,0.012014813,-0.414744916,-0.426759729,1.245536715,1.012017147,-0.233519568
Cahaba,2016,1545,487778.8285,3578078.455,No Dam,0,0,0.0,-1.376217106,-0.006247697,0.001598603,-0.224417848,-0.226016451,1.245536715,1.012017147,-0.233519568
Cahaba,2016,1546,487824.3283,3578097.409,No Dam,0,0,0.0,-6.311174875,-0.003105817,0.009646949,-0.516374451,-0.5260214,1.245536715,1.012017147,-0.233519568
Cahaba,2016,1547,487874.158,3578118.395,No Dam,0,0,0.0,-3.633964514,0.000884052,-0.075558406,-0.475771433,-0.400213027,1.245536715,1.012017147,-0.233519568
Cahaba,2016,1548,487973.4969,3578165.288,No Dam,0,0,0.0,-10.33783967,0.001393388,-0.018946911,1.597473998,1.616420909,1.245536715,1.012017147,-0.233519568
Cahaba,2016,1549,488045.8003,3578219.148,No Dam,0,0,0.0,-6.543142088,0.00619503,0.008230679,-0.623299759,-0.631530438,1.245536715,1.012017147,-0.233519568
Cahaba,2016,1550,488070.5575,3578266.581,No Dam,0,0,0.0,-2.492884223,0.003511317,-0.020112575,-0.436623212,-0.416510637,1.245536715,1.012017147,-0.233519568
Cahaba,2016,1551,488096.7074,3578370.128,No Dam,0,0,0.0,-4.717388993,0.000481063,-0.03268564,-0.347492996,-0.314807356,1.245536715,1.012017147,-0.233519568
Cahaba,2016,1552,488128.3319,3578530.354,No Dam,0,0,0.0,-13.34940563,0.000423701,-0.063829175,-0.632416202,-0.568587027,1.245536715,1.012017147,-0.233519568
Cahaba,2016,1553,488136.9087,3578636.171,No Dam,0,0,0.0,0.083001396,0.000928564,-0.028495726,-0.421608212,-0.393112486,1.245536715,1.012017147,-0.233519568
Cahaba,2016,1554,488142.8281,3578713.019,No Dam,0,0,0.0,9.555662,0.002103199,-0.087502786,-0.181483147,-0.093980361,1.245536715,1.012017147,-0.233519568
Cahaba,2016,1555,488135.5679,3578772.85,No Dam,0,0,0.0,3.731924997,0.00774444,-0.076487037,-0.52322213,-0.446735093,1.245536715,1.012017147,-0.233519568
Cahaba,2016,1556,488118.9313,3578803.63,No Dam,0,0,0.0,2.506044183,0.024934879,-0.077726994,-0.279002981,-0.201275987,1.245536715,1.012017147,-0.233519568
Cahaba,2016,1557,488088.8412,3578814.941,No Dam,0,0,0.0,-6.191937434,0.01024405,0.007332836,-0.476534344,-0.48386718,1.245536715,1.012017147,-0.233519568
Cahaba,2016,1558,488038.554,3578812.387,No Dam,0,0,0.0,1.194734532,0.003304232,0.048900923,-0.471123341,-0.520024264,1.245536715,1.012017147,-0.233519568
Cahaba,2016,1559,487975.7312,3578796.901,No Dam,0,0,0.0,8.594072564,0.001519614,0.002321126,-0.339094278,-0.341415404,1.245536715,1.012017147,-0.233519568
Cahaba,2016,1560,487903.0214,3578768.45,No Dam,0,0,0.0,1.279289384,0.000464203,-0.036866071,-0.206591125,-0.169725054,1.245536715,1.012017147,-0.233519568
Cahaba,2016,1561,487820.9189,3578732.914,No Dam,0,0,0.0,4.439962493,0.00024085,-0.032841072,-0.2903587,-0.257517628,1.245536715,1.012017147,-0.233519568
Cahaba,2016,1562,487769.4561,3578711.232,No Dam,0,0,0.0,3.03113956,0.000795021,-0.033167654,0.680114276,0.71328193,1.245536715,1.012017147,-0.233519568
Cahaba,2016,1563,487703.3766,3578679.362,No Dam,0,0,0.0,9.276561084,-6.77e-05,-0.027859969,0.177328029,0.205187998,1.245536715,1.012017147,-0.233519568
Cahaba,2016,1564,487643.6945,3578642.993,No Dam,0,0,0.0,2.833892007,-0.001735278,-0.066609479,-0.665239395,-0.598629916,1.245536715,1.012017147,-0.233519568
Cahaba,2016,1565,487582.5313,3578625.593,No Dam,0,0,0.0,7.596519443,-0.00131289,-0.045947961,-0.359032949,-0.313084988,1.245536715,1.012017147,-0.233519568
Cahaba,2016,1566,487507.9398,3578603.535,No Dam,0,0,0.0,4.407877957,-0.002806698,0.043008511,0.610690059,0.567681548,1.245536715,1.012017147,-0.233519568
Cahaba,2016,1567,487475.4879,3578603.161,No Dam,0,0,0.0,2.872430069,-0.008044139,0.026526914,-0.324939713,-0.351466627,1.245536715,1.012017147,-0.233519568
Cahaba,2016,1568,487428.6622,3578610.214,No Dam,0,0,0.0,6.751385067,-0.003658209,0.045941609,-0.288266289,-0.334207898,1.245536715,1.012017147,-0.233519568
Cahaba,2016,1569,487377.9338,3578631.027,No Dam,0,0,0.0,4.475329455,-0.003616227,0.001079381,-0.694719811,-0.695799192,1.245536715,1.012017147,-0.233519568
Cahaba,2016,1570,487342.0048,3578658.162,No Dam,0,0,0.0,2.36094826,-0.000430307,-0.010060149,-0.358418059,-0.34835791,1.245536715,1.012017147,-0.233519568
Cahaba,2016,1571,487299.9998,3578688.573,No Dam,0,0,0.0,8.23984102,0.000569968,-0.033199924,-0.499306055,-0.466106131,1.245536715,1.012017147,-0.233519568
Cahaba,2016,1572,487235.0356,3578726.128,No Dam,0,0,0.0,4.668351814,0.001054285,-0.012955414,-0.430465648,-0.417510234,1.245536715,1.012017147,-0.233519568
Cahaba,2016,1573,487184.1857,3578759.342,No Dam,0,0,0.0,4.591517944,0.001372694,-0.026792468,-0.47615721,-0.449364742,1.245536715,1.012017147,-0.233519568
Cahaba,2016,1574,487100.6047,3578788.114,No Dam,0,0,0.0,4.149018627,0.000588084,-0.029660413,-0.416687901,-0.387027488,1.245536715,1.012017147,-0.233519568
Cahaba,2016,1575,487045.7126,3578807.433,No Dam,0,0,0.0,3.757476506,-0.000855923,-0.035080633,-0.407432565,-0.372351932,1.245536715,1.012017147,-0.233519568
Cahaba,2016,1576,486995.0189,3578826.706,No Dam,0,0,0.0,10.29403041,-0.000769761,0.0067179,-0.469905808,-0.476623708,1.245536715,1.012017147,-0.233519568
Cahaba,2016,1577,486934.6231,3578857.032,No Dam,0,0,0.0,4.819601821,-0.000387762,-0.035386755,-0.352834633,-0.317447878,1.245536715,1.012017147,-0.233519568
Cahaba,2016,1578,486876.6126,3578883.5,No Dam,0,0,0.0,3.460578724,-0.001354692,0.009885973,-0.368854492,-0.378740465,1.245536715,1.012017147,-0.233519568
Cahaba,2016,1579,486848.2098,3578902.213,No Dam,0,0,0.0,7.493840441,-0.002253199,0.020876579,-0.360733259,-0.381609838,1.245536715,1.012017147,-0.233519568
Cahaba,2016,1580,486812.0015,3578926.702,No Dam,0,0,0.0,5.511654,-0.002976637,-0.00525387,-0.389293784,-0.384039914,1.245536715,1.012017147,-0.233519568
Cahaba,2016,1581,486793.5768,3578942.517,No Dam,0,0,0.0,2.590689565,-0.014480408,0.025004152,-0.451466441,-0.476470593,1.245536715,1.012017147,-0.233519568
Cahaba,2016,1582,486776.1816,3578965.714,No Dam,0,0,0.0,1.181203493,-0.009765572,-0.00578787,-0.387163611,-0.381375741,1.245536715,1.012017147,-0.233519568
Cahaba,2016,1583,486772.8586,3579005.94,No Dam,0,0,0.0,-4.536514384,-0.010421004,-0.003252824,-0.380777751,-0.377524927,1.245536715,1.012017147,-0.233519568
Cahaba,2016,1584,486777.9237,3579029.744,No Dam,0,0,0.0,-1.86712892,-0.023024014,-0.002227901,-0.362998824,-0.360770923,1.245536715,1.012017147,-0.233519568
Cahaba,2016,1585,486794.5057,3579054.439,No Dam,0,0,0.0,-3.487412558,-0.011370401,0.012531059,-0.426483091,-0.43901415,1.245536715,1.012017147,-0.233519568
Cahaba,2016,1586,486840.7372,3579071.259,No Dam,0,0,0.0,-3.819420827,-0.008231696,0.0142942,-0.480212832,-0.494507032,1.245536715,1.012017147,-0.233519568
Cahaba,2016,1587,486887.9597,3579073.131,No Dam,0,0,0.0,-8.864719982,-0.003528739,0.028616761,-0.42794952,-0.456566281,1.245536715,1.012017147,-0.233519568
Cahaba,2016,1588,486968.7527,3579049.566,No Dam,0,0,0.0,-2.045727841,-0.001063716,-0.053306705,-0.50153703,-0.448230325,1.245536715,1.012017147,-0.233519568
Cahaba,2016,1589,487048.2095,3579020.166,No Dam,0,0,0.0,-10.6631632,-0.000123146,-0.00456933,1.026419704,1.030989034,1.245536715,1.012017147,-0.233519568
Cahaba,2016,1590,487126.9734,3578985.977,No Dam,0,0,0.0,-5.517986818,0.001312079,-0.005303858,-0.489445283,-0.484141425,1.245536715,1.012017147,-0.233519568
Cahaba,2016,1591,487187.1728,3578971.898,No Dam,0,0,0.0,-3.12204014,0.003002387,-0.049579043,1.230939543,1.280518586,1.245536715,1.012017147,-0.233519568
Cahaba,2016,1592,487260.579,3578960.997,No Dam,0,0,0.0,-9.666801585,0.005455035,0.090393758,1.295995436,1.205601678,1.245536715,1.012017147,-0.233519568
Cahaba,2016,1593,487327.1405,3578979.87,No Dam,0,0,0.0,-1.374795076,0.002469101,0.002040339,-0.425467682,-0.427508021,1.245536715,1.012017147,-0.233519568
Cahaba,2016,1594,487424.0601,3579045.108,No Dam,0,0,0.0,-4.132926793,-9.4e-05,-0.031722444,-0.796283275,-0.764560831,1.245536715,1.012017147,-0.233519568
Cahaba,2016,1595,487518.1614,3579107.965,No Dam,0,0,0.0,-10.26582315,-0.000591468,-0.006701423,-0.188883567,-0.182182144,1.245536715,1.012017147,-0.233519568
Cahaba,2016,1596,487650.9302,3579165.742,No Dam,0,0,0.0,-3.097849823,-0.000426055,0.001665585,-0.47829866,-0.479964245,1.245536715,1.012017147,-0.233519568
Cahaba,2016,1597,487713.9594,3579194.373,No Dam,0,0,0.0,-8.661661913,-0.002107712,-0.012363545,0.814786711,0.827150256,1.245536715,1.012017147,-0.233519568
Cahaba,2016,1598,487768.19,3579216.674,No Dam,0,0,0.0,11.79721259,-0.001317079,-0.012640154,-0.36028134,-0.347641186,1.245536715,1.012017147,-0.233519568
Cahaba,2016,1599,487914.4724,3579245.271,No Dam,0,0,0.0,-7.089714051,-0.001199589,0.012262929,-0.410171931,-0.42243486,1.223108392,1.016140217,-0.206968175
Cahaba,2016,1600,487988.5887,3579235.633,No Dam,0,0,0.0,-2.62787892,0.0003623,-0.024441809,-0.758947513,-0.734505704,1.245536715,1.012017147,-0.233519568
Cahaba,2016,1601,488068.3712,3579233.241,No Dam,0,0,0.0,-8.08259319,0.003278703,-0.020612348,-0.222068908,-0.20145656,1.245536715,1.012017147,-0.233519568
Cahaba,2016,1602,488175.3091,3579265.884,No Dam,0,0,0.0,-4.448438831,0.004668103,0.014148343,-0.435614335,-0.449762678,1.223108392,1.016140217,-0.206968175
Cahaba,2016,1603,488219.4199,3579339.589,No Dam,0,0,0.0,-6.927539946,0.006154537,-0.008624718,-0.411859078,-0.40323436,1.223108392,1.016140217,-0.206968175
Cahaba,2016,1604,488242.468,3579406.781,No Dam,0,0,0.0,-3.404713115,0.001027696,-0.015650951,-0.284616227,-0.268965276,1.223108392,1.016140217,-0.206968175
Cahaba,2016,1605,488285.5908,3579616.342,No Dam,0,0,0.0,4.567303193,0.001149693,-0.040081041,1.764763837,1.804844878,1.223108392,1.016140217,-0.206968175
Cahaba,2016,1606,488274.2546,3579757.578,No Dam,0,0,0.0,-4.602423829,0.003505038,-0.002914586,0.106941216,0.109855802,1.223108392,1.016140217,-0.206968175
Cahaba,2016,1607,488206.4563,3579870.137,No Dam,0,0,0.0,-7.754737887,0.00197678,-0.007256317,-0.496246061,-0.488989744,1.223108392,1.016140217,-0.206968175
Cahaba,2016,1608,488085.0465,3579984.95,No Dam,0,0,0.0,-13.42163444,0.001633773,0.012400821,-0.374622424,-0.387023245,1.223108392,1.016140217,-0.206968175
Cahaba,2016,1609,487977.4925,3580033.578,No Dam,0,0,0.0,14.40115625,0.000913971,-0.001374901,-0.499092307,-0.497717406,1.223108392,1.016140217,-0.206968175
Cahaba,2016,1610,487845.3019,3580089.544,No Dam,0,0,0.0,4.112731862,0.000206449,0.016535916,-0.478155656,-0.494691572,1.223108392,1.016140217,-0.206968175
Cahaba,2016,1611,487723.6304,3580139.658,No Dam,0,0,0.0,-5.642653535,0.000186049,0.032440813,-0.521463718,-0.553904531,1.223108392,1.016140217,-0.206968175
Cahaba,2016,1612,487560.2951,3580196.113,No Dam,0,0,0.0,13.36357261,-0.000198262,0.02627762,1.017751954,0.991474334,1.223108392,1.016140217,-0.206968175
Cahaba,2016,1613,487476.3479,3580224.887,No Dam,0,0,0.0,4.021230489,-0.002319827,0.038410335,0.062003878,0.023593543,1.223108392,1.016140217,-0.206968175
Cahaba,2016,1614,487410.6293,3580270.382,No Dam,0,0,0.0,7.891134809,-0.002580821,-0.001475655,-0.035524451,-0.034048796,1.223108392,1.016140217,-0.206968175
Cahaba,2016,1615,487353.4378,3580320.694,No Dam,0,0,0.0,3.933867828,-0.007441161,0.041855128,0.77534439,0.733489262,1.223108392,1.016140217,-0.206968175
Cahaba,2016,1616,487323.9079,3580375.056,No Dam,0,0,0.0,6.91663288,-0.002465342,0.092469172,-0.530264844,-0.622734016,1.223108392,1.016140217,-0.206968175
Cahaba,2016,1617,487323.6944,3580519.558,No Dam,0,0,0.0,-3.493574702,-0.000642958,-0.029844628,-0.532089003,-0.502244375,1.223108392,1.016140217,-0.206968175
Cahaba,2016,1618,487321.9148,3580587.095,No Dam,0,0,0.0,-5.770214739,-0.001288345,0.003546984,-0.244460905,-0.248007889,1.223108392,1.016140217,-0.206968175
Cahaba,2016,1619,487323.5684,3580643.316,No Dam,0,0,0.0,-12.68766878,-0.000332941,0.024471108,-0.566555999,-0.591027107,1.223108392,1.016140217,-0.206968175
Cahaba,2016,1620,487339.6837,3580770.167,No Dam,0,0,0.0,-2.689441514,0.000770218,-0.032595959,-0.399231754,-0.366635795,1.223108392,1.016140217,-0.206968175
Cahaba,2016,1621,487347.9759,3580903.246,No Dam,0,0,0.0,-1.941880543,0.004437908,-0.008160707,-0.375794956,-0.367634249,1.223108392,1.016140217,-0.206968175
Cahaba,2016,1622,487306.5971,3580973.182,No Dam,0,0,0.0,7.251733688,0.002862679,0.009551546,-0.367531202,-0.377082748,1.223108392,1.016140217,-0.206968175
Cahaba,2016,1623,487197.1116,3581071.299,No Dam,0,0,0.0,11.83515641,0.000217508,-0.005349063,-0.487164355,-0.481815292,1.223108392,1.016140217,-0.206968175
Cahaba,2016,1624,487080.4734,3581172.672,No Dam,0,0,0.0,0.581695883,-0.000312693,-0.021098477,0.774625778,0.795724255,1.223108392,1.016140217,-0.206968175
Cahaba,2016,1625,486943.3418,3581303.762,No Dam,0,0,0.0,3.018605637,-0.00078636,-0.04367375,-1.541910161,-1.498236411,1.223108392,1.016140217,-0.206968175
Cahaba,2016,1626,486862.4416,3581414.973,No Dam,0,0,0.0,9.654002177,-0.002989416,-0.00069758,-0.333684824,-0.332987244,1.223108392,1.016140217,-0.206968175
Cahaba,2016,1627,486824.1267,3581511.599,No Dam,0,0,0.0,3.625916317,-0.003255433,-0.009521063,-0.430876853,-0.42135579,1.223108392,1.016140217,-0.206968175
Cahaba,2016,1628,486840.0506,3581661.118,No Dam,0,0,0.0,-1.339154456,-0.003292312,0.05003592,-0.095117675,-0.145153595,1.223108392,1.016140217,-0.206968175
Cahaba,2016,1629,486902.4028,3581743.624,No Dam,0,0,0.0,-1.214193438,-0.003737734,0.00056494,-0.108336567,-0.108901507,1.223108392,1.016140217,-0.206968175
Cahaba,2016,1630,486992.4573,3581807.816,No Dam,0,0,0.0,-8.036671929,-0.002543118,0.04823125,-0.444293122,-0.492524372,1.223108392,1.016140217,-0.206968175
Cahaba,2016,1631,487085.9309,3581844.809,No Dam,0,0,0.0,-6.132696539,-0.002311746,-0.017583486,-0.580654647,-0.563071161,1.223108392,1.016140217,-0.206968175
Cahaba,2016,1632,487195.1713,3581854.703,No Dam,0,0,0.0,-1.706309182,0.001097682,-0.000585592,-0.416586009,-0.416000417,1.223108392,1.016140217,-0.206968175
Cahaba,2016,1633,487351.0756,3581862.151,No Dam,0,0,0.0,-6.100135499,0.002927222,0.031707045,1.676046445,1.6443394,1.223108392,1.016140217,-0.206968175
Cahaba,2016,1634,487469.9478,3581983.967,No Dam,0,0,0.0,10.87098154,0.001064953,0.022162621,-0.112146688,-0.134309309,1.223108392,1.016140217,-0.206968175
Cahaba,2016,1635,487596.4877,3582168.51,No Dam,0,0,0.0,-12.79187454,-0.000326547,-0.071791857,-0.268000545,-0.196208688,1.223108392,1.016140217,-0.206968175
Cahaba,2016,1636,487629.95,3582232.416,No Dam,0,0,0.0,7.52346588,-0.003904848,0.028813859,0.379491035,0.350677176,1.223108392,1.016140217,-0.206968175
Cahaba,2016,1637,487765.1348,3582303.003,No Dam,0,0,0.0,-9.092347945,-0.000472382,0.019594185,0.717612374,0.698018189,1.223108392,1.016140217,-0.206968175
Cahaba,2016,1638,487927.8438,3582358.436,No Dam,0,0,0.0,-4.295873171,0.002327437,0.044774149,0.895746234,0.850972085,1.223108392,1.016140217,-0.206968175
Cahaba,2016,1639,488000.4253,3582412.026,No Dam,0,0,0.0,-10.13868623,0.014537959,-0.002219202,-0.375624777,-0.373405575,1.223108392,1.016140217,-0.206968175
Cahaba,2016,1640,487947.1439,3582527.869,No Dam,0,0,0.0,5.194407893,0.000985984,-0.011676017,-0.511562579,-0.499886562,1.223108392,1.016140217,-0.206968175
Cahaba,2016,1641,487829.4847,3582690.172,No Dam,0,0,0.0,1.1264692,-0.001987408,0.022436589,-0.503741941,-0.52617853,1.223108392,1.016140217,-0.206968175
Cahaba,2016,1642,487766.3206,3582822.219,No Dam,0,0,0.0,5.274387324,-0.001229108,-0.012252932,-0.498113592,-0.48586066,1.223108392,1.016140217,-0.206968175
Cahaba,2016,1643,487831.9003,3583139.238,No Dam,0,0,0.0,-11.71443587,0.00011617,0.011452572,-0.416019048,-0.42747162,1.223108392,1.016140217,-0.206968175
Cahaba,2016,1644,487834.7705,3583376.841,No Dam,0,0,0.0,-4.042408409,0.001972462,0.006350876,-0.094752172,-0.101103048,1.223108392,1.016140217,-0.206968175
Cahaba,2016,1645,487788.2662,3583511.365,No Dam,0,0,0.0,-7.04099959,0.002052956,-0.005783798,-0.51772458,-0.511940782,1.223108392,1.016140217,-0.206968175
Cahaba,2016,1646,487654.862,3583671.875,No Dam,0,0,0.0,-8.373895017,0.00066469,-0.077362519,-0.418736374,-0.341373855,1.223108392,1.016140217,-0.206968175
Cahaba,2016,1647,487484.4313,3583839.329,No Dam,0,0,0.0,-21.65478922,0.000710639,0.059346502,1.170099544,1.110753042,1.223108392,1.016140217,-0.206968175
Cahaba,2016,1648,487344.1695,3583912.59,No Dam,0,0,0.0,3.834041648,0.000504285,0.011784477,-0.222119229,-0.233903706,1.223108392,1.016140217,-0.206968175
Cahaba,2016,1649,487187.7939,3584022.85,No Dam,0,0,0.0,-2.550300514,0.001713536,-0.030823288,1.219242829,1.250066117,1.223108392,1.016140217,-0.206968175
Cahaba,2016,1650,487093.0295,3584044.31,No Dam,0,0,0.0,-5.931437883,0.006826659,-0.053283007,1.077924795,1.131207802,1.223108392,1.016140217,-0.206968175
Cahaba,2016,1651,486961.6863,3584013.769,No Dam,0,0,0.0,-3.978820523,0.003215767,-0.025354628,2.128593903,2.153948531,1.223108392,1.016140217,-0.206968175
Cahaba,2016,1652,486884.6989,3583827.894,No Dam,0,0,0.0,4.556593409,0.0006295,-0.009386031,1.274307147,1.283693178,1.223108392,1.016140217,-0.206968175
Cahaba,2016,1653,486806.8572,3583660.314,No Dam,0,0,0.0,-3.074319845,-0.000563444,0.007182371,2.193622192,2.186439821,1.223108392,1.016140217,-0.206968175
Cahaba,2016,1654,486759.6747,3583568.044,No Dam,0,0,0.0,1.414077147,-0.003436272,0.009676598,0.212795709,0.203119111,1.223108392,1.016140217,-0.206968175
Cahaba,2016,1655,486698.7103,3583511.946,No Dam,0,0,0.0,2.930135564,-0.001586793,-0.02627542,0.73255568,0.7588311,1.223108392,1.016140217,-0.206968175
Cahaba,2016,1656,486566.2559,3583411.011,No Dam,0,0,0.0,4.428107369,-0.001128729,-0.036914645,-0.369709212,-0.332794567,1.223108392,1.016140217,-0.206968175
Cahaba,2016,1657,486438.4133,3583366.916,No Dam,0,0,0.0,3.253818317,-0.003092839,-0.011561966,1.060217304,1.07177927,1.223108392,1.016140217,-0.206968175
Cahaba,2016,1658,486347.0227,3583354.318,No Dam,0,0,0.0,11.11991781,-0.003300696,0.035062958,1.308198575,1.273135617,1.223108392,1.016140217,-0.206968175
Cahaba,2016,1659,486219.0103,3583396.27,No Dam,0,0,0.0,-3.990667903,-0.000910854,-0.006051118,-0.494685267,-0.488634149,1.223108392,1.016140217,-0.206968175
Cahaba,2016,1660,486098.8249,3583464.674,No Dam,0,0,0.0,5.294466628,0.000663358,0.077193327,0.365268644,0.288075317,1.223108392,1.016140217,-0.206968175
Cahaba,2016,1661,485986.8919,3583504.825,No Dam,0,0,0.0,-9.743475131,0.000576434,0.048571808,0.194253583,0.145681775,1.223108392,1.016140217,-0.206968175
Cahaba,2016,1662,485836.7807,3583533.42,No Dam,0,0,0.0,6.945471973,-0.001638693,0.080724303,0.760535684,0.679811381,1.221367892,0.966596472,-0.25477142
Cahaba,2016,1663,485756.7504,3583569.123,No Dam,0,0,0.0,8.19439424,-0.003771375,0.00544092,-0.35030037,-0.35574129,1.221367892,0.966596472,-0.25477142
Cahaba,2016,1664,485652.1176,3583677.697,No Dam,0,0,0.0,7.428642996,-0.002283973,0.005227363,0.5573714,0.552144037,1.221367892,0.966596472,-0.25477142
Cahaba,2016,1665,485600.2481,3583838.716,No Dam,0,0,0.0,-3.819890518,-0.002764648,-0.002506374,0.24859622,0.251102594,1.221367892,0.966596472,-0.25477142
Cahaba,2016,1666,485623.6682,3583994.949,No Dam,0,0,0.0,-4.761490977,-0.00094535,-0.054615867,-0.823202632,-0.768586765,1.221367892,0.966596472,-0.25477142
Cahaba,2016,1667,485714.5991,3584228.385,No Dam,0,0,0.0,-9.357112643,-0.000434302,0.003279016,-0.597291002,-0.600570018,1.221367892,0.966596472,-0.25477142
Cahaba,2016,1668,485762.3414,3584328.021,No Dam,0,0,0.0,-5.623439608,-7.84e-05,-0.026262534,-0.559362915,-0.533100381,1.221367892,0.966596472,-0.25477142
Cahaba,2016,1669,485837.2677,3584490.952,No Dam,0,0,0.0,-13.76696815,2.63e-05,-0.043251439,-0.459570674,-0.416319235,1.221367892,0.966596472,-0.25477142
Cahaba,2016,1670,485874.9891,3584589.828,No Dam,0,0,0.0,-1.389571724,-0.000209577,-0.062419189,-0.515538013,-0.453118824,1.221367892,0.966596472,-0.25477142
Cahaba,2016,1671,485950.5699,3584737.152,No Dam,0,0,0.0,-2.854716218,8.56e-05,-0.068557124,-0.335474596,-0.266917472,1.223108392,1.016140217,-0.206968175
Cahaba,2016,1672,486003.2966,3584848.84,No Dam,0,0,0.0,-12.79316617,0.001068474,-0.022909436,-0.51012857,-0.487219134,1.223108392,1.016140217,-0.206968175
Cahaba,2016,1673,486055.1227,3584981.804,No Dam,0,0,0.0,-5.779253184,0.001666691,-0.04039348,-0.641784787,-0.601391307,1.223108392,1.016140217,-0.206968175
Cahaba,2016,1674,486053.09,3585116.595,No Dam,0,0,0.0,11.77491327,0.001560062,-0.107993776,-0.138471915,-0.030478139,1.223108392,1.016140217,-0.206968175
Cahaba,2016,1675,486040.4293,3585261.383,No Dam,0,0,0.0,7.585352944,0.000993362,-0.051874707,-0.594322414,-0.542447707,1.223108392,1.016140217,-0.206968175
Cahaba,2016,1676,485977.3994,3585442.142,No Dam,0,0,0.0,5.246445566,0.000599477,-0.058453628,-0.519277907,-0.460824279,1.223108392,1.016140217,-0.206968175
Cahaba,2016,1677,485905.9737,3585566.052,No Dam,0,0,0.0,19.95005557,-0.00031106,0.023960733,-0.411402075,-0.435362808,1.223108392,1.016140217,-0.206968175
Cahaba,2016,1678,485879.6411,3585653.03,No Dam,0,0,0.0,-8.650700607,-2.62e-05,0.02039589,-0.488953707,-0.509349597,1.221367892,0.966596472,-0.25477142
Cahaba,2016,1679,485823.8178,3585797.86,No Dam,0,0,0.0,-9.758945391,0.001563435,0.005404657,1.269374208,1.263969551,1.221367892,0.966596472,-0.25477142
Cahaba,2016,1680,485789.7317,3585846.514,No Dam,0,0,0.0,-2.342449486,0.005324782,0.043423132,-0.538944425,-0.582367557,1.221367892,0.966596472,-0.25477142
Cahaba,2016,1681,485724.9338,3585896.789,No Dam,0,0,0.0,-7.893827279,0.005804513,0.026809604,-0.09849207,-0.125301674,1.221367892,0.966596472,-0.25477142
Cahaba,2016,1682,485684.8531,3585907.608,No Dam,0,0,0.0,3.004143522,0.007498347,-0.011518227,-0.207846065,-0.196327838,1.221367892,0.966596472,-0.25477142
Cahaba,2016,1683,485611.9041,3585904.995,No Dam,0,0,0.0,-5.687043243,0.001663495,-0.003300332,0.209837249,0.213137581,1.221367892,0.966596472,-0.25477142
Cahaba,2016,1684,485492.1619,3585878.522,No Dam,0,0,0.0,9.768210933,0.001649774,-0.021560707,-0.432187628,-0.410626921,1.221367892,0.966596472,-0.25477142
Cahaba,2016,1685,485387.4973,3585832.502,No Dam,0,0,0.0,1.538493929,0.002809285,0.02260375,0.465661692,0.443057942,1.221367892,0.966596472,-0.25477142
Cahaba,2016,1686,485302.887,3585754.122,No Dam,0,0,0.0,5.124475946,0.003068994,-0.046762751,-0.793559559,-0.746796808,1.221367892,0.966596472,-0.25477142
Cahaba,2016,1687,485256.3677,3585648.856,No Dam,0,0,0.0,-7.146619024,0.001662975,-0.023606305,-0.517492408,-0.493886103,1.221367892,0.966596472,-0.25477142
Cahaba,2016,1688,485245.1754,3585545.046,No Dam,0,0,0.0,5.940797968,-0.000683285,0.01461431,-0.575833954,-0.590448264,1.221367892,0.966596472,-0.25477142
Cahaba,2016,1689,485196.4553,3585429.197,No Dam,0,0,0.0,1.389072455,-0.001278339,0.011146651,-0.436502041,-0.447648692,1.221367892,0.966596472,-0.25477142
Cahaba,2016,1690,485152.9425,3585344.012,No Dam,0,0,0.0,5.676254269,-0.002189848,-0.062570114,-0.46343367,-0.400863556,1.221367892,0.966596472,-0.25477142
Cahaba,2016,1691,485106.8282,3585294.742,No Dam,0,0,0.0,2.965032701,-0.001028532,0.028867026,0.235234561,0.206367535,1.221367892,0.966596472,-0.25477142
Cahaba,2016,1692,485041.103,3585216.656,No Dam,0,0,0.0,2.795668531,-0.001638237,-0.039340351,-0.335018857,-0.295678506,1.221367892,0.966596472,-0.25477142
Cahaba,2016,1693,484977.8795,3585160.289,No Dam,0,0,0.0,10.88904019,-0.002068786,0.022660776,-0.488358572,-0.511019348,1.221367892,0.966596472,-0.25477142
Cahaba,2016,1694,484869.0083,3585108.612,No Dam,0,0,0.0,4.536657724,-0.002019173,-0.040416149,-0.25753029,-0.217114141,1.221367892,0.966596472,-0.25477142
Cahaba,2016,1695,484811.5609,3585103.233,No Dam,0,0,0.0,11.09736194,-0.002206988,-0.000833354,0.685430194,0.686263548,1.221367892,0.966596472,-0.25477142
Cahaba,2016,1696,484719.8693,3585074.442,No Dam,0,0,0.0,1.296375728,-0.001091137,-0.029507947,-0.077448792,-0.047940845,1.221367892,0.966596472,-0.25477142
Cahaba,2016,1697,484564.3775,3585080.654,No Dam,0,0,0.0,1.691023239,-0.000497658,0.029409436,1.023410792,0.994001356,1.221367892,0.966596472,-0.25477142
Cahaba,2016,1698,484419.6709,3585093.978,No Dam,0,0,0.0,12.33875447,-0.00021022,0.036464845,0.047677138,0.011212293,1.221367892,0.966596472,-0.25477142
Cahaba,2016,1699,484304.8976,3585104.01,No Dam,0,0,0.0,3.77482711,-0.000209281,0.013124274,-0.625821015,-0.638945289,1.221367892,0.966596472,-0.25477142
Cahaba,2016,1700,484207.2067,3585119.943,No Dam,0,0,0.0,-9.752493415,0.001267783,-0.017860913,-0.352051814,-0.334190901,1.221367892,0.966596472,-0.25477142
Cahaba,2016,1701,484142.9849,3585125.101,No Dam,0,0,0.0,-1.730352084,0.001462823,-0.021835372,0.088381777,0.110217149,1.221367892,0.966596472,-0.25477142
Cahaba,2016,1702,484039.2227,3585106.029,No Dam,0,0,0.0,11.45986107,-0.000993623,-0.011932293,-0.508114122,-0.496181829,1.221367892,0.966596472,-0.25477142
Cahaba,2016,1703,483935.1548,3585100.684,No Dam,0,0,0.0,4.511360636,-0.00178689,0.045910675,-0.202576555,-0.24848723,1.221367892,0.966596472,-0.25477142
Cahaba,2016,1704,483809.0758,3585128.621,No Dam,0,0,0.0,11.66793493,-0.002506157,0.063215415,-0.330558375,-0.39377379,1.221367892,0.966596472,-0.25477142
Cahaba,2016,1705,483736.7448,3585171.362,No Dam,0,0,0.0,2.310136722,-0.006397105,0.030771122,-0.584137118,-0.61490824,1.221367892,0.966596472,-0.25477142
Cahaba,2016,1706,483701.7364,3585225.487,No Dam,0,0,0.0,6.411825751,-0.003668066,0.027250157,0.971775889,0.944525732,1.221367892,0.966596472,-0.25477142
Cahaba,2016,1707,483661.594,3585310.94,No Dam,0,0,0.0,3.555222098,-0.002866247,-0.039084423,0.130817735,0.169902158,1.221367892,0.966596472,-0.25477142
Cahaba,2016,1708,483650.1641,3585413.217,No Dam,0,0,0.0,12.41926329,-0.004463327,-0.029158762,0.273451331,0.302610093,1.221367892,0.966596472,-0.25477142
Cahaba,2016,1709,483686.4859,3585496.454,No Dam,0,0,0.0,-1.12397402,-0.003703413,0.000179366,1.48025719,1.480077824,1.221367892,0.966596472,-0.25477142
Cahaba,2016,1710,483749.7755,3585551.832,No Dam,0,0,0.0,-4.102468901,-0.001055205,0.012954466,-0.061533392,-0.074487858,1.221367892,0.966596472,-0.25477142
Cahaba,2016,1711,483784.4125,3585598.695,No Dam,0,0,0.0,-4.747371196,-0.001781487,-0.030247856,-0.149165394,-0.118917538,1.221367892,0.966596472,-0.25477142
Cahaba,2016,1712,483841.5041,3585651.64,No Dam,0,0,0.0,8.737389075,-0.002020076,0.036712498,1.210284345,1.173571847,1.221367892,0.966596472,-0.25477142
Cahaba,2016,1713,483933.6749,3585708.416,No Dam,0,0,0.0,-4.859986832,-0.001798919,-0.009094636,0.86604134,0.875135976,1.221367892,0.966596472,-0.25477142
Cahaba,2016,1714,484047.3212,3585749.274,No Dam,0,0,0.0,-2.758234851,-0.001826919,0.0391975,1.111845983,1.072648483,1.221367892,0.966596472,-0.25477142
Cahaba,2016,1715,484156.5703,3585749.743,No Dam,0,0,0.0,-7.029509006,-0.000841802,0.02312584,0.747749426,0.724623586,1.221367892,0.966596472,-0.25477142
Cahaba,2016,1716,484263.5834,3585753.359,No Dam,0,0,0.0,-7.635779411,0.000196613,-0.017826445,1.036965891,1.054792336,1.221367892,0.966596472,-0.25477142
Cahaba,2016,1717,484309.3056,3585750.354,No Dam,0,0,0.0,-13.21292325,0.004734295,-0.03451331,0.528790942,0.563304252,1.221367892,0.966596472,-0.25477142
Cahaba,2016,1718,484369.2212,3585761.588,No Dam,0,0,0.0,-11.60017643,0.005581072,-0.044000419,-0.081027443,-0.037027024,1.221367892,0.966596472,-0.25477142
Cahaba,2016,1719,484423.8593,3585801.304,No Dam,0,0,0.0,-4.533517338,0.002191333,0.009566786,0.218224963,0.208658177,1.221367892,0.966596472,-0.25477142
Cahaba,2016,1720,484536.0475,3585893.043,No Dam,0,0,0.0,-10.52134554,0.001981173,-0.030529656,-0.021932547,0.008597109,1.221367892,0.966596472,-0.25477142
Cahaba,2016,1721,484588.4109,3586017.507,No Dam,0,0,0.0,-7.18055345,0.003124112,-0.04461398,0.304295525,0.348909505,1.221367892,0.966596472,-0.25477142
Cahaba,2016,1722,484599.2138,3586129.785,No Dam,0,0,0.0,-8.066569427,0.002895908,-0.009685925,-0.601033995,-0.59134807,1.221367892,0.966596472,-0.25477142
Cahaba,2016,1723,484563.7069,3586251.953,No Dam,0,0,0.0,-8.688122669,0.001313502,0.018974348,1.328276304,1.309301956,1.221367892,0.966596472,-0.25477142
Cahaba,2016,1724,484500.7686,3586364.436,No Dam,0,0,0.0,-5.315389676,0.000394334,-0.020185348,-0.161109928,-0.14092458,1.221367892,0.966596472,-0.25477142
Cahaba,2016,1725,484457.5889,3586460.607,No Dam,0,0,0.0,-4.95621627,0.001227966,0.061790183,-0.172142615,-0.233932798,1.221367892,0.966596472,-0.25477142
Cahaba,2016,1726,484420.2762,3586516.122,No Dam,0,0,0.0,-3.91284194,0.002374819,-0.025046209,0.142570721,0.16761693,1.221367892,0.966596472,-0.25477142
Cahaba,2016,1727,484351.9092,3586591.186,No Dam,0,0,0.0,2.58888986,0.001437091,-0.050648599,0.962595591,1.01324419,1.221367892,0.966596472,-0.25477142
Cahaba,2016,1728,484270.8555,3586646.451,No Dam,0,0,0.0,-9.743565762,0.003194991,0.025474425,0.513644911,0.488170486,1.221367892,0.966596472,-0.25477142
Cahaba,2016,1729,484212.486,3586676.231,No Dam,0,0,0.0,-1.554146147,0.001874037,-0.00794274,-0.248544425,-0.240601685,1.221367892,0.966596472,-0.25477142
Cahaba,2016,1730,484089.625,3586696.366,No Dam,0,0,0.0,5.640722532,7.66e-05,-0.111428078,-0.506604769,-0.395176691,1.221367892,0.966596472,-0.25477142
Cahaba,2016,1731,483971.5576,3586720.546,No Dam,0,0,0.0,9.63343185,-0.000665322,-0.040996904,1.068857522,1.109854426,1.221367892,0.966596472,-0.25477142
Cahaba,2016,1732,483896.8844,3586743.721,No Dam,0,0,0.0,13.98465129,-0.00139559,-0.02319657,0.013568499,0.036765069,1.221367892,0.966596472,-0.25477142
Cahaba,2016,1733,483818.8913,3586770.163,No Dam,0,0,0.0,4.416473733,-0.001128102,-0.047477293,0.094376527,0.14185382,1.221367892,0.966596472,-0.25477142
Cahaba,2016,1734,483720.4199,3586823.602,No Dam,0,0,0.0,10.40660458,-0.00220069,0.028826724,0.873257959,0.844431235,1.221367892,0.966596472,-0.25477142
Cahaba,2016,1735,483666.4813,3586866.126,No Dam,0,0,0.0,14.29512138,-0.004358086,0.047059278,0.510200982,0.463141704,1.221367892,0.966596472,-0.25477142
Cahaba,2016,1736,483618.398,3586940.967,No Dam,0,0,0.0,3.364280794,-0.002553186,0.016862932,-0.512309428,-0.52917236,1.221367892,0.966596472,-0.25477142
Cahaba,2016,1737,483588.1085,3587037.562,No Dam,0,0,0.0,9.320641284,5.51e-05,-0.031344377,0.252501358,0.283845735,1.221367892,0.966596472,-0.25477142
Cahaba,2016,1738,483543.0742,3587218.134,No Dam,0,0,0.0,-2.093858364,0.000965003,-0.020682505,-0.422273527,-0.401591022,1.221367892,0.966596472,-0.25477142
Cahaba,2016,1739,483475.2531,3587318.54,No Dam,0,0,0.0,-2.990592351,0.006525784,0.004307962,-0.408873234,-0.413181196,1.221367892,0.966596472,-0.25477142
Cahaba,2016,1740,483431.7211,3587347.617,No Dam,0,0,0.0,-3.616525497,0.009460986,-0.000878812,0.344635663,0.345514475,1.221367892,0.966596472,-0.25477142
Cahaba,2016,1741,483328.9288,3587346.536,No Dam,0,0,0.0,0.306105353,0.002843291,0.021554048,0.724433672,0.702879624,1.221367892,0.966596472,-0.25477142
Cahaba,2016,1742,483227.9871,3587280.985,No Dam,0,0,0.0,15.34529923,0.001996769,-0.032505136,1.847416381,1.879921517,1.221367892,0.966596472,-0.25477142
Cahaba,2016,1743,483155.1315,3587228.095,No Dam,0,0,0.0,7.80455066,0.000487248,-0.010354448,1.39786662,1.408221068,1.221367892,0.966596472,-0.25477142
Cahaba,2016,1744,483063.6641,3587134.325,No Dam,0,0,0.0,8.917531179,-0.001243264,-0.030855032,0.238071254,0.268926286,1.221367892,0.966596472,-0.25477142
Cahaba,2016,1745,483001.625,3587096.081,No Dam,0,0,0.0,5.612727748,-0.00870391,-0.001568302,-0.4061784,-0.404610098,1.221367892,0.966596472,-0.25477142
Cahaba,2016,1746,482947.6242,3587096.406,No Dam,0,0,0.0,2.218714747,-0.004274548,0.009429518,-0.441915468,-0.451344986,1.221367892,0.966596472,-0.25477142
Cahaba,2016,1747,482861.5261,3587104.915,No Dam,0,0,0.0,12.19586255,-0.005022118,0.023926564,0.20865104,0.184724476,1.221367892,0.966596472,-0.25477142
Cahaba,2016,1748,482804.3251,3587144.606,No Dam,0,0,0.0,4.348880322,-0.010546166,0.007348113,-0.447046998,-0.454395111,1.221367892,0.966596472,-0.25477142
Cahaba,2016,1749,482777.7455,3587215.919,No Dam,0,0,0.0,-5.199299077,-0.002938847,-0.015480538,-0.25100533,-0.235524792,1.221367892,0.966596472,-0.25477142
Cahaba,2016,1750,482783.9788,3587368.493,No Dam,0,0,0.0,-2.693274523,-0.001377256,-0.004687153,-0.302508651,-0.297821498,1.221367892,0.966596472,-0.25477142
Cahaba,2016,1751,482827.2694,3587501.176,No Dam,0,0,0.0,-3.409989143,-0.000651864,-0.046054219,0.674775728,0.720829947,1.221367892,0.966596472,-0.25477142
Cahaba,2016,1752,482887.4475,3587630.632,No Dam,0,0,0.0,-8.872902192,0.000973978,0.00932131,0.574318447,0.564997137,1.221367892,0.966596472,-0.25477142
Cahaba,2016,1753,482913.3172,3587737.953,No Dam,0,0,0.0,-6.806565932,0.004612884,0.026316523,0.218056937,0.191740414,1.221367892,0.966596472,-0.25477142
Cahaba,2016,1754,482893.3557,3587805.296,No Dam,0,0,0.0,-1.713047572,0.01396102,-0.065994551,0.646172825,0.712167376,1.221367892,0.966596472,-0.25477142
Cahaba,2016,1755,482853.372,3587826.218,No Dam,0,0,0.0,3.213123122,0.009335245,0.019848278,-0.039839557,-0.059687835,1.221367892,0.966596472,-0.25477142
Cahaba,2016,1756,482800.9174,3587841.88,No Dam,0,0,0.0,4.125576543,0.001153069,0.028843369,1.17915505,1.150311681,1.221367892,0.966596472,-0.25477142
Cahaba,2016,1757,482717.5397,3587845.292,No Dam,0,0,0.0,4.051324807,-0.000817865,-0.035737465,-0.529415261,-0.493677796,1.221367892,0.966596472,-0.25477142
Cahaba,2016,1758,482617.7848,3587869.292,No Dam,0,0,0.0,5.637040248,-0.001278005,-0.003728543,1.142612775,1.146341318,1.221367892,0.966596472,-0.25477142
Cahaba,2016,1759,482514.4831,3587902.785,No Dam,0,0,0.0,7.976494598,-0.000927041,-0.041942753,1.159102308,1.201045061,1.221367892,0.966596472,-0.25477142
Cahaba,2016,1760,482413.9665,3587961.718,No Dam,0,0,0.0,2.719902789,-0.000325156,-0.040594633,1.393253522,1.433848155,1.221367892,0.966596472,-0.25477142
Cahaba,2016,1761,482314.2603,3588009.973,No Dam,0,0,0.0,2.69563362,-0.000476012,-0.027393511,-0.473092743,-0.445699232,1.221367892,0.966596472,-0.25477142
Cahaba,2016,1762,482221.02,3588067.347,No Dam,0,0,0.0,11.74235132,-0.001100289,-0.016773153,0.05845832,0.075231473,1.221367892,0.966596472,-0.25477142
Cahaba,2016,1763,482124.6568,3588137.606,No Dam,0,0,0.0,1.535297947,-0.003321598,-0.014969388,-0.612878995,-0.597909607,1.221367892,0.966596472,-0.25477142
Cahaba,2016,1764,482084.806,3588204.074,No Dam,0,0,0.0,9.275639956,-0.002739378,0.101914717,-0.561527673,-0.66344239,1.221367892,0.966596472,-0.25477142
Cahaba,2016,1765,482049.8417,3588325.321,No Dam,0,0,0.0,5.411917628,-0.001598853,0.033536384,0.217110995,0.183574611,1.221367892,0.966596472,-0.25477142
Cahaba,2016,1766,482038.4807,3588417.4,No Dam,0,0,0.0,16.92523347,-0.002262867,0.055282603,-0.481698953,-0.536981556,1.221367892,0.966596472,-0.25477142
Cahaba,2016,1767,482049.0174,3588531.351,No Dam,0,0,0.0,-5.76243327,-0.001255057,-0.093596558,-0.300792678,-0.20719612,1.221367892,0.966596472,-0.25477142
Cahaba,2016,1768,482088.1449,3588647.518,No Dam,0,0,0.0,-7.125395296,-0.000728119,-0.103562717,-0.666420289,-0.562857572,1.221367892,0.966596472,-0.25477142
Cahaba,2016,1769,482119.1701,3588736.542,No Dam,0,0,0.0,-5.515292757,-0.001554399,0.061251927,0.155498591,0.094246664,1.221367892,0.966596472,-0.25477142
Cahaba,2016,1770,482152.5559,3588814.93,No Dam,0,0,0.0,-6.355282329,-0.002260458,0.075773886,0.404075731,0.328301845,1.221367892,0.966596472,-0.25477142
Cahaba,2016,1771,482222.136,3588887.739,No Dam,0,0,0.0,-3.572220174,-0.003965944,0.003785156,-0.275548486,-0.279333642,1.221367892,0.966596472,-0.25477142
Cahaba,2016,1772,482262.2653,3588914.476,No Dam,0,0,0.0,7.60713444,-0.005378389,0.038495035,0.36764412,0.329149085,1.221367892,0.966596472,-0.25477142
Cahaba,2016,1773,482342.3577,3588937.07,No Dam,0,0,0.0,-2.824385168,-0.003241973,0.002579632,0.578904188,0.576324556,1.221367892,0.966596472,-0.25477142
Cahaba,2016,1774,482420.4646,3588935.747,No Dam,0,0,0.0,-1.058300662,-0.004363339,-0.008994787,-0.126888576,-0.117893789,1.221367892,0.966596472,-0.25477142
Cahaba,2016,1775,482485.6043,3588906.149,No Dam,0,0,0.0,-9.281638651,-0.001249687,-0.033231267,0.253698062,0.286929329,1.221367892,0.966596472,-0.25477142
Cahaba,2016,1776,482576.7473,3588861.568,No Dam,0,0,0.0,-2.39073986,0.00048781,-0.032936236,1.794417232,1.827353468,1.221367892,0.966596472,-0.25477142
Cahaba,2016,1777,482646.7471,3588825.336,No Dam,0,0,0.0,-3.233936668,0.005931286,-0.024045896,0.185343423,0.209389319,1.221367892,0.966596472,-0.25477142
Cahaba,2016,1778,482686.4977,3588828.459,No Dam,0,0,0.0,-4.339829051,0.01137458,-0.036677317,0.201482012,0.238159329,1.221367892,0.966596472,-0.25477142
Cahaba,2016,1779,482731.7536,3588848.906,No Dam,0,0,0.0,-2.654678343,0.002034628,-0.044903544,0.975362945,1.020266489,1.221367892,0.966596472,-0.25477142
Cahaba,2016,1780,482817.9388,3588893.217,No Dam,0,0,0.0,-14.28344856,0.00091867,0.008231539,0.376047633,0.367816094,1.221367892,0.966596472,-0.25477142
Cahaba,2016,1781,482910.9597,3588967.583,No Dam,0,0,0.0,-2.353060542,0.001602636,0.004778362,0.196166576,0.191388214,1.221367892,0.966596472,-0.25477142
Cahaba,2016,1782,482969.6683,3589022.315,No Dam,0,0,0.0,-9.06184289,0.001304676,-0.047498114,1.09452497,1.142023084,1.221367892,0.966596472,-0.25477142
Cahaba,2016,1783,483063.7329,3589147.284,No Dam,0,0,0.0,-10.7818567,0.001179868,0.005014084,-0.024421233,-0.029435317,1.221367892,0.966596472,-0.25477142
Cahaba,2016,1784,483115.5221,3589256.559,No Dam,0,0,0.0,-3.817209977,0.00280177,-0.068577726,0.546166189,0.614743915,1.221367892,0.966596472,-0.25477142
Cahaba,2016,1785,483122.1976,3589345.491,No Dam,0,0,0.0,-7.053060477,0.001625744,-0.006468497,-0.49624124,-0.489772743,1.221367892,0.966596472,-0.25477142
Cahaba,2016,1786,483126.0057,3589454.779,No Dam,0,0,0.0,-6.725657193,0.001064825,0.027512569,-0.608323749,-0.635836318,1.221367892,0.966596472,-0.25477142
Cahaba,2016,1787,483115.7023,3589528.288,No Dam,0,0,0.0,9.217778113,0.000731066,0.059834688,-0.568723804,-0.628558492,1.221367892,0.966596472,-0.25477142
Cahaba,2016,1788,483100.5222,3589661.974,No Dam,0,0,0.0,7.616209182,0.000480968,-0.046990816,-0.219491955,-0.172501139,1.221367892,0.966596472,-0.25477142
Cahaba,2016,1789,483068.898,3589777.832,No Dam,0,0,0.0,-3.075602913,0.001053469,-0.014190242,-0.472117065,-0.457926823,1.221367892,0.966596472,-0.25477142
Cahaba,2016,1790,483047.2183,3589849.309,No Dam,0,0,0.0,-6.375926645,0.001293305,0.011419192,-0.55561867,-0.567037862,1.221367892,0.966596472,-0.25477142
Cahaba,2016,1791,483007.417,3589932.929,No Dam,0,0,0.0,6.830701828,0.000292783,-0.032452354,-0.670551152,-0.638098798,1.221367892,0.966596472,-0.25477142
Cahaba,2016,1792,482968.8648,3590002.148,No Dam,0,0,0.0,3.593188184,-0.00184858,0.058995628,1.164680094,1.105684466,1.221367892,0.966596472,-0.25477142
Cahaba,2016,1793,482958.7254,3590044.147,No Dam,0,0,0.0,8.451822587,0.001173502,0.02112397,-0.43159406,-0.45271803,1.221367892,0.966596472,-0.25477142
Cahaba,2016,1794,482950.3731,3590086.197,No Dam,0,0,0.0,-9.384790999,0.001899328,0.030445281,-0.391576704,-0.422021985,1.221367892,0.966596472,-0.25477142
Cahaba,2016,1795,482896.628,3590175.85,No Dam,0,0,0.0,3.732543213,0.002138962,-0.015166271,-0.289312905,-0.274146634,1.221367892,0.966596472,-0.25477142
Cahaba,2016,1796,482863.3649,3590221.138,No Dam,0,0,0.0,3.560451974,0.003335489,0.026258379,-0.605027281,-0.63128566,1.221367892,0.966596472,-0.25477142
Cahaba,2016,1797,482791.9134,3590271.891,No Dam,0,0,0.0,7.725398368,0.003765412,0.037279649,-0.316013942,-0.353293591,1.221367892,0.966596472,-0.25477142
Cahaba,2016,1798,482759.9548,3590279.748,No Dam,0,0,0.0,4.033969529,0.009253527,0.032443209,-0.032358068,-0.064801277,1.221367892,0.966596472,-0.25477142
Cahaba,2016,1799,482725.5621,3590285.039,No Dam,0,0,0.0,2.276255039,-0.002089657,0.026442292,0.080315612,0.05387332,1.221367892,0.966596472,-0.25477142
Cahaba,2016,1800,482671.9722,3590292.14,No Dam,0,0,0.0,7.839243401,-0.005801187,0.012439953,1.04324779,1.030807837,1.221367892,0.966596472,-0.25477142
Cahaba,2016,1801,482616.3267,3590320.885,No Dam,0,0,0.0,0.56067971,-0.006389861,0.025133543,-0.277167966,-0.302301509,1.221367892,0.966596472,-0.25477142
Cahaba,2016,1802,482581.0677,3590386.19,No Dam,0,0,0.0,-5.656856885,-0.002515986,0.015215305,0.203921627,0.188706322,1.1983419,1.016331492,-0.182010408
Cahaba,2016,1803,482552.4454,3590467.114,No Dam,0,0,0.0,-5.345687857,-0.004611468,0.022973183,-1.237949071,-1.260922254,1.1983419,1.016331492,-0.182010408
Cahaba,2016,1804,482544.4242,3590516.069,No Dam,0,0,0.0,6.848405142,-0.006389994,0.00082324,-0.149636882,-0.150460122,1.1983419,1.016331492,-0.182010408
Cahaba,2016,1805,482576.2252,3590611.918,No Dam,0,0,0.0,12.72604666,-0.001580547,-0.014127315,-0.444590656,-0.430463341,1.1983419,1.016331492,-0.182010408
Cahaba,2016,1806,482664.9444,3590753.856,No Dam,0,0,0.0,-3.555231739,-0.001213064,0.001557963,-0.47879785,-0.480355813,1.1983419,1.016331492,-0.182010408
Cahaba,2016,1807,482775.8792,3590855.262,No Dam,0,0,0.0,-3.930292919,-0.00155562,0.086890231,-0.39904817,-0.485938401,1.1983419,1.016331492,-0.182010408
Cahaba,2016,1808,482880.6289,3590918.149,No Dam,0,0,0.0,8.029874468,-0.002554593,0.016573981,-0.496084848,-0.512658829,1.1983419,1.016331492,-0.182010408
Cahaba,2016,1809,482956.9107,3590940.666,No Dam,0,0,0.0,-2.323363506,-0.001243633,0.040313078,1.651473839,1.611160761,1.1983419,1.016331492,-0.182010408
Cahaba,2016,1810,483065.7017,3590954.83,No Dam,0,0,0.0,-7.619874265,0.00170809,0.089430905,0.473623529,0.384192624,1.1983419,1.016331492,-0.182010408
Cahaba,2016,1811,483148.2491,3590982.981,No Dam,0,0,0.0,-3.515281153,0.003991545,0.050757311,1.117687534,1.066930223,1.1983419,1.016331492,-0.182010408
Cahaba,2016,1812,483229.2038,3591053.917,No Dam,0,0,0.0,-2.631798684,0.002746718,0.06272777,-0.478308393,-0.541036163,1.1983419,1.016331492,-0.182010408
Cahaba,2016,1813,483258.5436,3591146.778,No Dam,0,0,0.0,-4.936841597,-0.000408578,0.142767768,-0.536581615,-0.679349383,1.1983419,1.016331492,-0.182010408
Cahaba,2016,1814,483313.7219,3591227.469,No Dam,0,0,0.0,-7.902081639,-0.001190747,0.188049817,-0.192610174,-0.380659991,1.1983419,1.016331492,-0.182010408
Cahaba,2016,1815,483376.8811,3591292.317,No Dam,0,0,0.0,-6.826102624,-5.33e-05,0.067685475,0.747904981,0.680219506,1.1983419,1.016331492,-0.182010408
Cahaba,2016,1816,483442.9708,3591389.622,No Dam,0,0,0.0,-4.618484092,-0.002510344,0.077740898,-0.442448858,-0.520189756,1.1983419,1.016331492,-0.182010408
Cahaba,2016,1817,483478.9967,3591413.83,No Dam,0,0,0.0,-1.607469912,-0.009157001,0.013271257,-0.000536029,-0.013807286,1.1983419,1.016331492,-0.182010408
Cahaba,2016,1818,483557.0918,3591435.472,No Dam,0,0,0.0,-4.776029872,-0.003853297,0.024679001,0.682904998,0.658225997,1.1983419,1.016331492,-0.182010408
Cahaba,2016,1819,483632.9426,3591406.897,No Dam,0,0,0.0,-2.51576521,-4.67e-05,0.029065168,0.394453635,0.365388467,1.1983419,1.016331492,-0.182010408
Cahaba,2016,1820,483695.5216,3591388.63,No Dam,0,0,0.0,-2.231236817,0.004197117,0.032209423,-0.726284308,-0.758493731,1.1983419,1.016331492,-0.182010408
Cahaba,2016,1821,483780.7159,3591400.999,No Dam,0,0,0.0,-2.470196957,0.000793808,0.05181561,0.529248622,0.477433012,1.1983419,1.016331492,-0.182010408
Cahaba,2016,1822,483889.1508,3591431.456,No Dam,0,0,0.0,-6.057535182,-0.001097121,-0.073142143,0.978722503,1.051864646,1.1983419,1.016331492,-0.182010408
Cahaba,2016,1823,484011.0857,3591445.342,No Dam,0,0,0.0,-6.983753227,-0.004215716,0.064096145,0.059747169,-0.004348976,1.1983419,1.016331492,-0.182010408
Cahaba,2016,1824,484077.3437,3591411.746,No Dam,0,0,0.0,-5.743989087,-0.002636317,0.099034817,1.065293392,0.966258575,1.1983419,1.016331492,-0.182010408
Cahaba,2016,1825,484177.3047,3591344.634,No Dam,0,0,0.0,-3.701696867,-0.000162599,0.106755396,1.055481114,0.948725718,1.1983419,1.016331492,-0.182010408
Cahaba,2016,1826,484218.7104,3591303.98,No Dam,0,0,0.0,-4.270992389,0.004386622,0.047560249,0.525136054,0.477575805,1.1983419,1.016331492,-0.182010408
Cahaba,2016,1827,484291.3546,3591277.234,No Dam,0,0,0.0,-3.376026809,0.003015276,0.060663464,-0.04346067,-0.104124134,1.1983419,1.016331492,-0.182010408
Cahaba,2016,1828,484377.4167,3591275.39,No Dam,0,0,0.0,4.131341577,0.002082025,0.022062318,0.304039443,0.281977125,1.1983419,1.016331492,-0.182010408
Cahaba,2016,1829,484432.6442,3591284.603,No Dam,0,0,0.0,3.05234168,0.000535201,0.014905076,0.125378025,0.110472949,1.1983419,1.016331492,-0.182010408
Cahaba,2016,1830,484547.8629,3591289.145,No Dam,0,0,0.0,5.937574492,0.002888916,0.004285949,-0.273365645,-0.277651594,1.1983419,1.016331492,-0.182010408
Cahaba,2016,1831,484594.6353,3591309.343,No Dam,0,0,0.0,-1.742949292,0.01709107,0.02362984,-0.247765223,-0.271395063,1.1983419,1.016331492,-0.182010408
Cahaba,2016,1832,484614.4822,3591365.52,No Dam,0,0,0.0,-3.062564858,0.013365521,-0.028133346,-0.545366257,-0.517232911,1.1983419,1.016331492,-0.182010408
Cahaba,2016,1833,484598.4049,3591419.747,No Dam,0,0,0.0,2.519754688,0.003023983,0.05252409,-0.563149232,-0.615673322,1.1983419,1.016331492,-0.182010408
Cahaba,2016,1834,484520.5367,3591519.077,No Dam,0,0,0.0,-2.601188416,0.000367405,0.022959327,0.257398572,0.234439245,1.1983419,1.016331492,-0.182010408
Cahaba,2016,1835,484435.9197,3591614.128,No Dam,0,0,0.0,-1.77569314,-0.000332789,0.025989904,0.997324775,0.971334871,1.1983419,1.016331492,-0.182010408
Cahaba,2016,1836,484345.5704,3591732.791,No Dam,0,0,0.0,-4.59725933,-0.000938618,0.038713201,1.541600606,1.502887405,1.1983419,1.016331492,-0.182010408
Cahaba,2016,1837,484293.1459,3591824.508,No Dam,0,0,0.0,-2.997740263,-0.002214723,0.025630966,1.786212571,1.760581605,1.1983419,1.016331492,-0.182010408
Cahaba,2016,1838,484265.7689,3591914.329,No Dam,0,0,0.0,-3.25045055,-0.002700071,-0.06774164,0.091564505,0.159306145,1.1983419,1.016331492,-0.182010408
Cahaba,2016,1839,484258.4079,3592005.543,No Dam,0,0,0.0,-2.575654588,-0.004721187,-0.007864436,-0.516370842,-0.508506406,1.1983419,1.016331492,-0.182010408
Cahaba,2016,1840,484286.4885,3592058.879,No Dam,0,0,0.0,-2.821708544,-0.010472737,-0.028929028,-0.318672073,-0.289743045,1.1983419,1.016331492,-0.182010408
Cahaba,2016,1841,484311.9487,3592092.924,No Dam,0,0,0.0,1.883101704,-0.016737907,-0.018405475,0.322906147,0.341311622,1.1983419,1.016331492,-0.182010408
Cahaba,2016,1842,484372.7822,3592099.932,No Dam,0,0,0.0,3.755864517,-0.004532679,-0.001398295,1.504866508,1.506264803,1.1983419,1.016331492,-0.182010408
Cahaba,2016,1843,484462.9253,3592057.394,No Dam,0,0,0.0,-8.707671358,-0.001455913,-0.050471165,0.435030637,0.485501802,1.1983419,1.016331492,-0.182010408
Cahaba,2016,1844,484564.0117,3592004.271,No Dam,0,0,0.0,-4.354101706,-0.000931353,0.008946806,-0.08118786,-0.090134666,1.1983419,1.016331492,-0.182010408
Cahaba,2016,1845,484649.4992,3591929.628,No Dam,0,0,0.0,-5.174376638,-9.39e-05,0.051885909,-0.586390855,-0.638276764,1.1983419,1.016331492,-0.182010408
Cahaba,2016,1846,484730.2281,3591868.019,No Dam,0,0,0.0,5.647713217,0.002087917,0.027535443,0.067690479,0.040155036,1.1983419,1.016331492,-0.182010408
Cahaba,2016,1847,484800.0453,3591825.789,No Dam,0,0,0.0,-4.808632819,0.004230478,0.081496899,1.387710996,1.306214097,1.1983419,1.016331492,-0.182010408
Cahaba,2016,1848,484899.6619,3591814.383,No Dam,0,0,0.0,-3.165630257,0.002807147,-0.012344802,0.073412318,0.08575712,1.1983419,1.016331492,-0.182010408
Cahaba,2016,1849,485005.9554,3591844.577,No Dam,0,0,0.0,-2.992721104,0.002787922,-0.055811144,0.156866955,0.212678099,1.1983419,1.016331492,-0.182010408
Cahaba,2016,1850,485084.8511,3591882.694,No Dam,0,0,0.0,-8.410110514,0.007241157,-0.161915893,-0.355661643,-0.19374575,1.1983419,1.016331492,-0.182010408
Cahaba,2016,1851,485117.3343,3591944.271,No Dam,0,0,0.0,-2.654851811,0.004787405,-0.155528459,-0.644058613,-0.488530154,1.1983419,1.016331492,-0.182010408
Cahaba,2016,1852,485124.9335,3592038.267,No Dam,0,0,0.0,-1.456772046,0.00479329,0.063010452,-0.343410296,-0.406420748,1.1983419,1.016331492,-0.182010408
Cahaba,2016,1853,485112.3504,3592087.562,No Dam,0,0,0.0,-7.011377584,0.002734885,0.11693605,0.622618912,0.505682862,1.1983419,1.016331492,-0.182010408
Cahaba,2016,1854,485066.8117,3592182.567,No Dam,0,0,0.0,-3.37964966,0.000195806,0.030337548,0.581001704,0.550664156,1.1983419,1.016331492,-0.182010408
Cahaba,2016,1855,485010.3569,3592294.552,No Dam,0,0,0.0,7.14969531,-0.001625442,-0.015813675,0.463903478,0.479717153,1.1983419,1.016331492,-0.182010408
Cahaba,2016,1856,484978.3725,3592364.805,No Dam,0,0,0.0,4.085063734,-0.005807114,0.024841553,-0.529302531,-0.554144084,1.1983419,1.016331492,-0.182010408
Cahaba,2016,1857,485007.0675,3592450.913,No Dam,0,0,0.0,-11.48995959,-0.000635674,-0.003452465,0.771493637,0.774946102,1.1983419,1.016331492,-0.182010408
Cahaba,2016,1858,485031.8452,3592554.649,No Dam,0,0,0.0,-1.921030052,0.001369569,0.047568436,-0.438719819,-0.486288255,1.1983419,1.016331492,-0.182010408
Cahaba,2016,1859,485029.5858,3592607.693,No Dam,0,0,0.0,-8.339636258,1.9e-05,0.044744855,-0.153255526,-0.198000381,1.1983419,1.016331492,-0.182010408
Cahaba,2016,1860,485044.3569,3592700.977,No Dam,0,0,0.0,8.381273321,0.000415731,0.018163703,-0.48595339,-0.504117093,1.1983419,1.016331492,-0.182010408
Cahaba,2016,1861,485053.9658,3592791.049,No Dam,0,0,0.0,3.039099473,0.000904885,-0.028011171,-0.451399988,-0.423388817,1.1983419,1.016331492,-0.182010408
Cahaba,2016,1862,485050.0559,3592903.983,No Dam,0,0,0.0,-7.398568718,0.000945636,0.066800452,-0.523733672,-0.590534124,1.1983419,1.016331492,-0.182010408
Cahaba,2016,1863,485040.406,3592952.883,No Dam,0,0,0.0,26.45138358,-0.000204596,-0.054417737,-0.394586921,-0.340169184,1.1983419,1.016331492,-0.182010408
Cahaba,2016,1864,485012.8058,3593320.877,No Dam,0,0,0.0,-4.790282365,-0.000292812,-0.004250207,0.423292636,0.427542843,1.1983419,1.016331492,-0.182010408
Cahaba,2016,1865,485029.9906,3593482.268,No Dam,0,0,0.0,1.076619764,-0.000410791,-0.083238307,1.078686232,1.161924539,1.1983419,1.016331492,-0.182010408
Cahaba,2016,1866,485060.1706,3593610.345,No Dam,0,0,0.0,-1.533763573,0.001762898,-0.019647165,1.406713214,1.426360379,1.1983419,1.016331492,-0.182010408
Cahaba,2016,1867,485018.7547,3593787.772,No Dam,0,0,0.0,-6.720370763,0.00177749,-0.050727214,0.712190711,0.762917925,1.1983419,1.016331492,-0.182010408
Cahaba,2016,1868,484942.6819,3593899.356,No Dam,0,0,0.0,-7.935837905,0.001650004,-0.002807066,0.762750732,0.765557798,1.1983419,1.016331492,-0.182010408
Cahaba,2016,1869,484858.8289,3593999.642,No Dam,0,0,0.0,-7.571987751,0.000278591,0.013308883,-0.769061628,-0.782370511,1.1983419,1.016331492,-0.182010408
Cahaba,2016,1870,484717.1578,3594138.506,No Dam,0,0,0.0,-0.359716536,-0.000633784,0.013464596,-0.908825036,-0.922289632,1.1983419,1.016331492,-0.182010408
Cahaba,2016,1871,484628.727,3594242.051,No Dam,0,0,0.0,0.534454624,-0.002040442,-0.020531078,-0.424041428,-0.40351035,1.1983419,1.016331492,-0.182010408
Cahaba,2016,1872,484601.7044,3594364.536,No Dam,0,0,0.0,0.252185611,0.001481502,-0.043084673,-0.478194791,-0.435110118,1.1983419,1.016331492,-0.182010408
Cahaba,2016,1873,484566.0508,3594445.642,No Dam,0,0,0.0,-2.842297179,0.005183174,0.092602661,1.288553551,1.19595089,1.1983419,1.016331492,-0.182010408
Cahaba,2016,1874,484446.9842,3594489.629,No Dam,0,0,0.0,1.235621202,-0.00026755,-0.003063536,0.119661031,0.122724567,1.1983419,1.016331492,-0.182010408
Cahaba,2016,1875,484317.5173,3594535.642,No Dam,0,0,0.0,2.013434345,-0.005447725,0.013012422,0.104992696,0.091980274,1.1983419,1.016331492,-0.182010408
Cahaba,2016,1876,484287.2988,3594636.402,No Dam,0,0,0.0,-10.25973249,-0.000923093,-7.63e-05,-0.632149887,-0.632073587,1.1983419,1.016331492,-0.182010408
Cahaba,2016,1877,484223.9065,3594831.322,No Dam,0,0,0.0,-12.28553042,0.000462352,-0.023496626,-0.003556842,0.019939784,1.1983419,1.016331492,-0.182010408
Cahaba,2016,1878,484161.9641,3594968.854,No Dam,0,0,0.0,6.590894181,0.00198935,-0.014944195,-0.439022867,-0.424078672,1.1983419,1.016331492,-0.182010408
Cahaba,2016,1879,484086.0524,3595078.911,No Dam,0,0,0.0,-4.613487253,0.001106303,0.027875282,0.462961459,0.435086177,1.1983419,1.016331492,-0.182010408
Cahaba,2016,1880,483935.7536,3595154.086,No Dam,0,0,0.0,7.400379992,-0.000824345,-0.025410493,1.210961525,1.236372018,1.1983419,1.016331492,-0.182010408
Cahaba,2016,1881,483859.0884,3595277.238,No Dam,0,0,0.0,-2.390482091,-0.001508591,0.04725111,0.984591963,0.937340853,1.1983419,1.016331492,-0.182010408
Cahaba,2016,1882,483792.2433,3595366.504,No Dam,0,0,0.0,11.3650159,-0.000598676,0.005032217,-0.476581824,-0.481614041,1.1983419,1.016331492,-0.182010408
Cahaba,2016,1883,483736.8111,3595497.705,No Dam,0,0,0.0,6.917089737,0.000692613,-0.008979348,0.121662857,0.130642205,1.1983419,1.016331492,-0.182010408
Cahaba,2016,1884,483693.0424,3595577.483,No Dam,0,0,0.0,4.107656146,0.005256617,-0.016685006,1.017083742,1.033768748,1.1983419,1.016331492,-0.182010408
Cahaba,2016,1885,483615.8782,3595626.84,No Dam,0,0,0.0,-2.298263402,0.002253267,-0.004791585,1.11552527,1.120316855,1.1983419,1.016331492,-0.182010408
Cahaba,2016,1886,483497.1134,3595651.041,No Dam,0,0,0.0,10.31289651,-0.0008806,-0.041991711,1.174687919,1.21667963,1.1983419,1.016331492,-0.182010408
Cahaba,2016,1887,483374.4463,3595695.798,No Dam,0,0,0.0,6.053683963,-0.001056326,0.005215182,1.155100874,1.149885692,1.1983419,1.016331492,-0.182010408
Cahaba,2016,1888,483210.8161,3595808.148,No Dam,0,0,0.0,-8.448415154,-0.000713058,0.011596978,0.501390566,0.489793588,1.1983419,1.016331492,-0.182010408
Cahaba,2016,1889,483114.0904,3595903.643,No Dam,0,0,0.0,-5.069319846,-0.000429845,-0.030972613,0.93756559,0.968538203,1.1983419,1.016331492,-0.182010408
Cahaba,2016,1890,483044.3496,3595970.856,No Dam,0,0,0.0,0.523216051,0.001458831,-0.086417405,0.211360503,0.297777908,1.1983419,1.016331492,-0.182010408
Cahaba,2016,1891,482960.7175,3596039.49,No Dam,0,0,0.0,1.96058606,0.001917882,0.025846944,-0.548534881,-0.574381825,1.1983419,1.016331492,-0.182010408
Cahaba,2016,1892,482850.6494,3596075.879,No Dam,0,0,0.0,2.430453392,0.000862634,-0.018067651,-0.009218486,0.008849165,1.1983419,1.016331492,-0.182010408
Cahaba,2016,1893,482709.9392,3596122.231,No Dam,0,0,0.0,-2.418746132,0.000376708,0.00488856,1.215905192,1.211016632,1.1983419,1.016331492,-0.182010408
Cahaba,2016,1894,482609.508,3596133.209,No Dam,0,0,0.0,2.047519015,-0.002148484,-0.028477122,0.859128185,0.887605307,1.1983419,1.016331492,-0.182010408
Cahaba,2016,1895,482544.7612,3596160.833,No Dam,0,0,0.0,8.573226889,-0.00375588,0.025586439,0.929333102,0.903746663,1.1983419,1.016331492,-0.182010408
Cahaba,2016,1896,482464.0785,3596231.658,No Dam,0,0,0.0,-4.920782589,-0.005119844,-0.031455984,0.609521518,0.640977502,1.1983419,1.016331492,-0.182010408
Cahaba,2016,1897,482448.7619,3596292.489,No Dam,0,0,0.0,-1.643715136,-0.002301725,0.041468436,0.603783732,0.562315296,1.1983419,1.016331492,-0.182010408
Cahaba,2016,1898,482429.2992,3596409.066,No Dam,0,0,0.0,-9.595020184,-0.000513089,-0.052863645,-0.401508558,-0.348644913,1.1983419,1.016331492,-0.182010408
Cahaba,2016,1899,482414.3269,3596501.146,No Dam,0,0,0.0,-2.085791989,-0.00198743,0.113960352,0.25738858,0.143428228,1.1983419,1.016331492,-0.182010408
Cahaba,2016,1900,482415.7183,3596598.952,No Dam,0,0,0.0,3.387368058,-0.002938929,-0.012301513,1.168993624,1.181295137,1.1983419,1.016331492,-0.182010408
Cahaba,2016,1901,482454.0288,3596682.87,No Dam,0,0,0.0,-8.154314499,0.000255858,0.082392977,1.927660637,1.84526766,1.1983419,1.016331492,-0.182010408
Cahaba,2016,1902,482516.1577,3596834.314,No Dam,0,0,0.0,-3.53337563,0.000550813,-0.028848864,0.055153986,0.08400285,1.1983419,1.016331492,-0.182010408
Cahaba,2016,1903,482538.5403,3597012.284,No Dam,0,0,0.0,-5.036630399,-0.000210934,0.027339922,0.075296108,0.047956186,1.1983419,1.016331492,-0.182010408
Cahaba,2016,1904,482584.2049,3597199.77,No Dam,0,0,0.0,-6.679074775,-0.000480659,0.041527711,-0.282882003,-0.324409714,1.1983419,1.016331492,-0.182010408
Cahaba,2016,1905,482655.8056,3597358.37,No Dam,0,0,0.0,4.829597829,0.000514737,-0.024508136,0.17254494,0.197053076,1.1983419,1.016331492,-0.182010408
Cahaba,2016,1906,482683.4628,3597457.342,No Dam,0,0,0.0,0.425928611,0.006642722,0.025476935,0.118536055,0.09305912,1.1983419,1.016331492,-0.182010408
Cahaba,2016,1907,482661.0754,3597522.903,No Dam,0,0,0.0,-5.99602985,0.012213178,0.015427025,-0.22746739,-0.242894415,1.1983419,1.016331492,-0.182010408
Cahaba,2016,1908,482597.6948,3597561.173,No Dam,0,0,0.0,3.331717989,0.001606214,0.006428583,0.76996683,0.763538247,1.1983419,1.016331492,-0.182010408
Cahaba,2016,1909,482438.7212,3597615.18,No Dam,0,0,0.0,2.688592277,0.000474564,-0.003945615,-0.806037941,-0.802092326,1.1983419,1.016331492,-0.182010408
Cahaba,2016,1910,482319.6307,3597644.019,No Dam,0,0,0.0,16.67480711,0.000988041,0.016853153,-0.03693571,-0.053788863,1.1983419,1.016331492,-0.182010408
Cahaba,2016,1911,482196.3719,3597671.729,No Dam,0,0,0.0,-4.147270345,0.001116232,-0.006179714,1.313987617,1.320167331,1.1983419,1.016331492,-0.182010408
Cahaba,2016,1912,482061.7162,3597659.328,No Dam,0,0,0.0,-12.76487713,0.001012536,-0.033944501,-0.210481472,-0.176536971,1.1983419,1.016331492,-0.182010408
Cahaba,2016,1913,481995.549,3597651.168,No Dam,0,0,0.0,10.49291205,0.001988871,-0.007249282,-0.00629981,0.000949472,1.1983419,1.016331492,-0.182010408
Cahaba,2016,1914,481914.0667,3597644.448,No Dam,0,0,0.0,0.308218479,0.004966778,-0.022748009,-0.458592312,-0.435844303,1.1983419,1.016331492,-0.182010408
Cahaba,2016,1915,481847.7887,3597591.935,No Dam,0,0,0.0,3.74500397,0.005083268,-0.016204316,-0.316522054,-0.300317738,1.1983419,1.016331492,-0.182010408
Cahaba,2016,1916,481821.6231,3597516.095,No Dam,0,0,0.0,7.172911994,0.001227541,-0.041376023,-0.251402579,-0.210026556,1.1983419,1.016331492,-0.182010408
Cahaba,2016,1917,481809.0254,3597466.414,No Dam,0,0,0.0,1.736298882,-0.009290984,-0.001362363,0.809712732,0.811075095,1.1983419,1.016331492,-0.182010408
Cahaba,2016,1918,481765.1153,3597432.311,No Dam,0,0,0.0,5.240375982,-0.012032208,-0.066858357,-0.084637358,-0.017779001,1.1983419,1.016331492,-0.182010408
Cahaba,2016,1919,481718.027,3597433.143,No Dam,0,0,0.0,3.240945657,-0.010128288,-0.02817047,-0.476230907,-0.448060437,1.1983419,1.016331492,-0.182010408
Cahaba,2016,1920,481665.913,3597453.185,No Dam,0,0,0.0,4.031582706,-0.008170251,0.00459358,-0.296338307,-0.300931887,1.1983419,1.016331492,-0.182010408
Cahaba,2016,1921,481621.0061,3597507.504,No Dam,0,0,0.0,-3.168153924,-0.006558231,0.003590251,0.909714456,0.906124205,1.1983419,1.016331492,-0.182010408
Cahaba,2016,1922,481618.3584,3597588.294,No Dam,0,0,0.0,-3.167825089,-0.003756563,-0.023092841,0.292140161,0.315233002,1.1983419,1.016331492,-0.182010408
Cahaba,2016,1923,481637.3574,3597665.015,No Dam,0,0,0.0,5.703255797,-0.005653111,0.011635567,1.065532687,1.05389712,1.1983419,1.016331492,-0.182010408
Cahaba,2016,1924,481663.0017,3597699.203,No Dam,0,0,0.0,0.366549377,-1.93e-05,0.019338468,-0.426569546,-0.445908014,1.1983419,1.016331492,-0.182010408
Cahaba,2016,1925,481739.2139,3597818.551,No Dam,0,0,0.0,-15.16975092,0.0010547,-0.026235025,1.308628231,1.334863256,1.1983419,1.016331492,-0.182010408
Cahaba,2016,1926,481779.3321,3597916.985,No Dam,0,0,0.0,-2.407903118,0.002524449,-0.004423727,1.576105865,1.580529592,1.1983419,1.016331492,-0.182010408
Cahaba,2016,1927,481796.9128,3598025.885,No Dam,0,0,0.0,-11.73349351,0.002107213,0.000221968,0.464213828,0.46399186,1.1983419,1.016331492,-0.182010408
Cahaba,2016,1928,481775.9625,3598140.755,No Dam,0,0,0.0,-1.221627564,0.004897591,0.05787079,-0.42489067,-0.48276146,1.1983419,1.016331492,-0.182010408
Cahaba,2016,1929,481749.7385,3598188.201,No Dam,0,0,0.0,-6.182563454,0.008251142,0.155487967,-0.658416156,-0.813904123,1.1983419,1.016331492,-0.182010408
Cahaba,2016,1930,481673.6836,3598203.45,No Dam,0,0,0.0,5.961629383,-0.011732785,0.094409925,0.474169618,0.379759693,1.1983419,1.016331492,-0.182010408
Cahaba,2016,1931,481656.0077,3598239.775,No Dam,0,0,0.0,2.771991393,-0.005596987,0.043415227,0.861116632,0.817701405,1.1983419,1.016331492,-0.182010408
Cahaba,2016,1932,481671.1959,3598364.507,No Dam,0,0,0.0,-4.641076419,-0.000436391,0.056420909,-0.523743532,-0.580164441,1.1983419,1.016331492,-0.182010408
Cahaba,2016,1933,481704.3812,3598493.955,No Dam,0,0,0.0,5.915350307,0.002300317,0.070662133,1.479050974,1.408388841,1.1983419,1.016331492,-0.182010408
Cahaba,2016,1934,481708.6421,3598579.129,No Dam,0,0,0.0,5.132145735,0.003976877,-0.005089303,-0.675346163,-0.67025686,1.1983419,1.016331492,-0.182010408
Cahaba,2016,1935,481633.2231,3598698.284,No Dam,0,0,0.0,1.579067173,0.000805379,-0.06992099,-0.38839054,-0.31846955,1.1983419,1.016331492,-0.182010408
Cahaba,2016,1936,481538.7103,3598823.152,No Dam,0,0,0.0,15.33439483,-0.000355574,0.0018636,0.766224113,0.764360513,1.1983419,1.016331492,-0.182010408
Cahaba,2016,1937,481463.2392,3598919.908,No Dam,0,0,0.0,0.706206299,-0.001400271,-0.036228448,0.314103084,0.350331532,1.1983419,1.016331492,-0.182010408
Cahaba,2016,1938,481434.63,3599026.898,No Dam,0,0,0.0,-5.166150543,0.000524588,-0.034264652,-0.503843738,-0.469579086,1.1983419,1.016331492,-0.182010408
Cahaba,2016,1939,481390.548,3599112.197,No Dam,0,0,0.0,6.859862072,0.003773906,-0.001448598,1.312045456,1.313494054,1.1983419,1.016331492,-0.182010408
Cahaba,2016,1940,481330.7468,3599167.429,No Dam,0,0,0.0,-1.960332118,0.00423405,-0.029180833,0.177204031,0.206384864,1.1983419,1.016331492,-0.182010408
Cahaba,2016,1941,481246.8657,3599206.626,No Dam,0,0,0.0,2.822933014,0.00500283,-0.023225898,-0.332254842,-0.309028944,1.1983419,1.016331492,-0.182010408
Cahaba,2016,1942,481167.4058,3599197.262,No Dam,0,0,0.0,1.896836141,0.002332043,0.013732174,0.23995561,0.226223436,1.1983419,1.016331492,-0.182010408
Cahaba,2016,1943,481079.9979,3599165.078,No Dam,0,0,0.0,7.881097306,-0.001686777,0.053102654,1.197308399,1.144205745,1.1983419,1.016331492,-0.182010408
Cahaba,2016,1944,481016.9062,3599159.225,No Dam,0,0,0.0,0.410777816,-0.004051199,0.086790661,0.984466469,0.897675808,1.1983419,1.016331492,-0.182010408
Cahaba,2016,1945,480929.8599,3599169.684,No Dam,0,0,0.0,1.78468639,-0.006416893,0.028042995,0.298595328,0.270552333,1.1983419,1.016331492,-0.182010408
Cahaba,2016,1946,480885.8229,3599212.041,No Dam,0,0,0.0,1.002937569,-0.007477004,0.048854039,0.027606801,-0.021247238,1.1983419,1.016331492,-0.182010408
Cahaba,2016,1947,480856.9794,3599281.333,No Dam,0,0,0.0,-1.569576403,-0.014493802,-0.024999872,-0.837889443,-0.812889571,1.1983419,1.016331492,-0.182010408
Cahaba,2016,1948,480882.1134,3599312.896,No Dam,0,0,0.0,4.432730959,-0.012506569,-6.79e-05,0.253977239,0.254045139,1.1983419,1.016331492,-0.182010408
Cahaba,2016,1949,480933.472,3599348.195,No Dam,0,0,0.0,-3.363842043,-0.002139056,0.006591932,0.487220398,0.480628466,1.1983419,1.016331492,-0.182010408
Cahaba,2016,1950,481027.1081,3599372.28,No Dam,0,0,0.0,15.32880061,-2.38e-05,-0.005374947,0.161696167,0.167071114,1.1983419,1.016331492,-0.182010408
Cahaba,2016,1951,481098.1705,3599394.437,No Dam,0,0,0.0,-10.76242483,0.001244492,0.031648333,0.174977833,0.1433295,1.1983419,1.016331492,-0.182010408
Cahaba,2016,1952,481173.1744,3599431.242,No Dam,0,0,0.0,-20.51118799,0.000817586,-0.003747712,0.656829559,0.660577271,1.1983419,1.016331492,-0.182010408
