Regime,N,med_rho,q25,q75
Regulated,50,0.4706837073761874,-0.6913950371825496,0.7529972135686571
Unregulated,61,0.6377481392176932,-0.7944613465542746,0.8524367141602663
